time_s,x_e_m,y_e_m,z_e_m,phi_rad,theta_rad,psi_rad,u_m_s,v_m_s,w_m_s,p_rad_s,q_rad_s,r_rad_s,u_m_s_dot,v_m_s_dot,w_m_s_dot,p_rad_s_dot,q_rad_s_dot,r_rad_s_dot,alpha_rad,beta_rad,airspeed_m_s,elevator_deg,aileron_deg,rudder_deg,throttle,brake
0,0,0,-800,0,0.1275680681,0,11.90249067,0,1.526668208,-0,0,0,-4.401754561e-08,0,5.890245625e-07,0,-8.133541895e-09,0,0.1275680681,0,12,-0.6854041152,0,0,0.6140593696,0
0.01,0.12,0,-800,0,0.1275680681,0,11.90249067,0,1.526668214,0,-1.651063693e-10,0,-3.995749237e-08,0,5.735168832e-07,0,-2.45014447e-08,0,0.1275680686,0,12,-0.6854041152,0,0,0.6140593696,0
0.02,0.24,0,-800,0,0.1275680681,0,11.90249067,0,1.52666822,0,-4.826549167e-10,0,-3.576938522e-08,0,5.566661631e-07,0,-3.865596556e-08,0,0.1275680691,0,12,-0.6854041152,0,0,0.6140593696,0
0.03,0.36,0,-800,0,0.1275680681,0,11.90249067,0,1.526668225,0,-9.315082107e-10,0,-3.147745731e-08,0,5.387363198e-07,0,-5.079411171e-08,0,0.1275680696,0,12,-0.6854041152,0,0,0.6140593696,0
0.04,0.48,0,-800,0,0.1275680681,0,11.90249067,0,1.526668231,0,-1.492431871e-09,0,-2.710354718e-08,0,5.199641454e-07,0,-6.109959196e-08,0,0.12756807,0,12,-0.6854041152,0,0,0.6140593696,0
0.05,0.6,0,-800,0,0.1275680681,0,11.90249067,0,1.526668236,0,-2.147964703e-09,0,-2.26672779e-08,0,5.005613282e-07,0,-6.974343663e-08,0,0.1275680704,0,12,-0.6854041152,0,0,0.6140593696,0
0.06,0.7200000001,0,-800,0,0.1275680681,0,11.90249067,0,1.526668241,0,-2.882295e-09,0,-1.818622552e-08,0,4.807164434e-07,0,-7.688461787e-08,0,0.1275680708,0,12,-0.6854041152,0,0,0.6140593696,0
0.07,0.8400000001,0,-800,0,0.127568068,0,11.90249067,0,1.526668245,0,-3.681143034e-09,0,-1.367607887e-08,0,4.605967872e-07,0,-8.267066016e-08,0,0.1275680712,0,12,-0.6854041152,0,0,0.6140593696,0
0.08,0.9600000001,0,-800,0,0.127568068,0,11.90249067,0,1.52666825,0,-4.531649573e-09,0,-9.150788518e-09,0,4.403500804e-07,0,-8.723823352e-08,0,0.1275680716,0,12,-0.6854041152,0,0,0.6140593696,0
0.09,1.08,0,-800,0,0.127568068,0,11.90249067,0,1.526668254,0,-5.422270299e-09,0,-4.622704345e-09,0,4.201061192e-07,0,-9.071375156e-08,0,0.127568072,0,12,-0.6854041152,0,0,0.6140593696,0
0.1,1.2,0,-800,0,0.1275680679,0,11.90249067,0,1.526668258,0,-6.34267608e-09,0,-1.027127551e-10,0,3.999782696e-07,0,-9.321392776e-08,0,0.1275680723,0,12,-0.6854041152,0,0,0.6140593696,0
0.11,1.32,0,-800,0,0.1275680678,0,11.90249067,0,1.526668262,0,-7.283658755e-09,0,4.39964239e-09,0,3.800649301e-07,0,-9.48463365e-08,0,0.1275680726,0,12,-0.6854041152,0,0,0.6140593696,0
0.12,1.44,0,-800,0,0.1275680678,0,11.90249067,0,1.526668266,0,-8.237042478e-09,0,8.876044177e-09,0,3.60450819e-07,0,-9.570995106e-08,0,0.1275680729,0,12.00000001,-0.6854041152,0,0,0.6140593696,0
0.13,1.56,0,-800,0,0.1275680677,0,11.90249067,0,1.526668269,0,-9.195600278e-09,0,1.331929546e-08,0,3.412082473e-07,0,-9.589566151e-08,0,0.1275680732,0,12.00000001,-0.6854041152,0,0,0.6140593696,0
0.14,1.68,0,-800,0,0.1275680676,0,11.90249067,0,1.526668273,0,-1.015297575e-08,0,1.77232133e-08,0,3.223982402e-07,0,-9.548676938e-08,0,0.1275680735,0,12.00000001,-0.6854041152,0,0,0.6140593696,0
0.15,1.8,0,-800,0,0.1275680675,0,11.90249067,0,1.526668276,0,-1.110360956e-08,0,2.208254096e-08,0,3.040716412e-07,0,-9.455947098e-08,0,0.1275680737,0,12.00000001,-0.6854041152,0,0,0.6140593696,0
0.16,1.920000001,0,-800,0,0.1275680673,0,11.90249067,0,1.526668279,0,-1.204267078e-08,0,2.639285553e-08,0,2.862700963e-07,0,-9.318332035e-08,0,0.127568074,0,12.00000001,-0.6854041152,0,0,0.6140593696,0
0.17,2.040000001,0,-800,0,0.1275680672,0,11.90249067,0,1.526668282,0,-1.29659926e-08,0,3.065049063e-08,0,2.690269668e-07,0,-9.142166218e-08,0,0.1275680742,0,12.00000001,-0.6854041152,0,0,0.6140593696,0
0.18,2.160000001,0,-800,0,0.1275680671,0,11.90249067,0,1.526668284,0,-1.387001242e-08,0,3.485245626e-08,0,2.523682093e-07,0,-8.933205797e-08,0,0.1275680744,0,12.00000001,-0.6854041152,0,0,0.6140593696,0
0.19,2.280000001,0,-800,0,0.1275680669,0,11.90249067,0,1.526668287,0,-1.475171598e-08,0,3.899637511e-08,0,2.363131259e-07,0,-8.696668458e-08,0,0.1275680746,0,12.00000001,-0.6854041152,0,0,0.6140593696,0
0.2,2.400000001,0,-800,0,0.1275680668,0,11.90249067,0,1.526668289,0,-1.560858545e-08,0,4.308041324e-08,0,2.208751504e-07,0,-8.437271318e-08,0,0.1275680748,0,12.00000001,-0.6854041152,0,0,0.6140593696,0
0.21,2.520000001,0,-800,0,0.1275680666,0,11.90249067,0,1.526668291,0,-1.643855124e-08,0,4.710322514e-08,0,2.060624496e-07,0,-8.15926729e-08,0,0.127568075,0,12.00000001,-0.6854041152,0,0,0.6140593696,0
0.22,2.640000001,0,-800,0,0.1275680665,0,11.90249067,0,1.526668293,0,-1.723994726e-08,0,5.106389308e-08,0,1.918785826e-07,0,-7.866479311e-08,0,0.1275680751,0,12.00000001,-0.6854041152,0,0,0.6140593696,0
0.23,2.760000001,0,-800,0,0.1275680663,0,11.90249067,0,1.526668295,0,-1.801146954e-08,0,5.496188295e-08,0,1.783230524e-07,0,-7.562332536e-08,0,0.1275680753,0,12.00000001,-0.6854041152,0,0,0.6140593696,0
0.24,2.880000001,0,-800,0,0.1275680661,0,11.90249067,0,1.526668297,0,-1.875213805e-08,0,5.879699597e-08,0,1.653918225e-07,0,-7.249885076e-08,0,0.1275680754,0,12.00000001,-0.6854041152,0,0,0.6140593696,0
0.25,3.000000001,0,-800,0,0.1275680659,0,11.90249067,0,1.526668298,0,-1.946126143e-08,0,6.256932573e-08,0,1.53077785e-07,0,-6.931856796e-08,0,0.1275680755,0,12.00000001,-0.6854041152,0,0,0.6140593696,0
0.26,3.120000002,0,-800,0,0.1275680657,0,11.90249067,0,1.5266683,0,-2.01384045e-08,0,6.627921905e-08,0,1.413711945e-07,0,-6.610656181e-08,0,0.1275680757,0,12.00000001,-0.6854041152,0,0,0.6140593696,0
0.27,3.240000002,0,-800,0,0.1275680655,0,11.90249068,0,1.526668301,0,-2.078335847e-08,0,6.992724603e-08,0,1.302600535e-07,0,-6.288406612e-08,0,0.1275680758,0,12.00000002,-0.6854041152,0,0,0.6140593696,0
0.28,3.360000002,0,-800,0,0.1275680653,0,11.90249068,0,1.526668302,0,-2.139611358e-08,0,7.351416004e-08,0,1.197304697e-07,0,-5.966969047e-08,0,0.1275680759,0,12.00000002,-0.6854041152,0,0,0.6140593696,0
0.29,3.480000002,0,-800,0,0.1275680651,0,11.90249068,0,1.526668303,0,-2.197683406e-08,0,7.704087616e-08,0,1.097669705e-07,0,-5.64796571e-08,0,0.1275680759,0,12.00000002,-0.6854041152,0,0,0.6140593696,0
0.3,3.600000002,0,-800,0,0.1275680649,0,11.90249068,0,1.526668304,0,-2.252583522e-08,0,8.050843976e-08,0,1.003528017e-07,0,-5.332799876e-08,0,0.127568076,0,12.00000002,-0.6854041152,0,0,0.6140593696,0
0.31,3.720000002,0,-800,0,0.1275680646,0,11.90249068,0,1.526668305,0,-2.304356264e-08,0,8.39180076e-08,0,9.147016484e-08,0,-5.022676371e-08,0,0.1275680761,0,12.00000002,-0.6854041152,0,0,0.6140593696,0
0.32,3.840000003,0,-800,0,0.1275680644,0,11.90249068,0,1.526668306,0,-2.353057318e-08,0,8.727082171e-08,0,8.310048601e-08,0,-4.718618915e-08,0,0.1275680762,0,12.00000002,-0.6854041152,0,0,0.6140593696,0
0.33,3.960000003,0,-800,0,0.1275680642,0,11.90249068,0,1.526668307,0,-2.398751775e-08,0,9.056819382e-08,0,7.52245814e-08,0,-4.421487996e-08,0,0.1275680762,0,12.00000002,-0.6854041152,0,0,0.6140593696,0
0.34,4.080000003,0,-800,0,0.1275680639,0,11.90249068,0,1.526668308,0,-2.441512581e-08,0,9.381148733e-08,0,6.782288869e-08,0,-4.131995852e-08,0,0.1275680763,0,12.00000002,-0.6854041152,0,0,0.6140593696,0
0.35,4.200000003,0,-800,0,0.1275680637,0,11.90249068,0,1.526668308,0,-2.481419121e-08,0,9.700210229e-08,0,6.087558311e-08,0,-3.850721482e-08,0,0.1275680763,0,12.00000002,-0.6854041152,0,0,0.6140593696,0
0.36,4.320000004,0,-800,0,0.1275680634,0,11.90249068,0,1.526668309,0,-2.518555964e-08,0,1.001414606e-07,0,5.436275252e-08,0,-3.578123993e-08,0,0.1275680763,0,12.00000002,-0.6854041152,0,0,0.6140593696,0
0.37,4.440000004,0,-800,0,0.1275680632,0,11.90249068,0,1.526668309,0,-2.553011725e-08,0,1.03230995e-07,0,4.826452029e-08,0,-3.314555422e-08,0,0.1275680764,0,12.00000003,-0.6854041152,0,0,0.6140593696,0
0.38,4.560000004,0,-800,0,0.1275680629,0,11.90249069,0,1.52666831,0,-2.584878049e-08,0,1.062721412e-07,0,4.256114986e-08,0,-3.060271925e-08,0,0.1275680764,0,12.00000003,-0.6854041152,0,0,0.6140593696,0
0.39,4.680000004,0,-800,0,0.1275680627,0,11.90249069,0,1.52666831,0,-2.614248707e-08,0,1.092663249e-07,0,3.723313113e-08,0,-2.815444493e-08,0,0.1275680764,0,12.00000003,-0.6854041152,0,0,0.6140593696,0
0.4,4.800000005,0,-800,0,0.1275680624,0,11.90249069,0,1.526668311,0,-2.641218798e-08,0,1.122149552e-07,0,3.226129181e-08,0,-2.580168864e-08,0,0.1275680764,0,12.00000003,-0.6854041152,0,0,0.6140593696,0
0.41,4.920000005,0,-800,0,0.1275680621,0,11.90249069,0,1.526668311,0,-2.665884038e-08,0,1.151194181e-07,0,2.762683531e-08,0,-2.354474297e-08,0,0.1275680764,0,12.00000003,-0.6854041152,0,0,0.6140593696,0
0.42,5.040000005,0,-800,0,0.1275680619,0,11.90249069,0,1.526668311,0,-2.688340141e-08,0,1.179810717e-07,0,2.331142036e-08,0,-2.138332255e-08,0,0.1275680765,0,12.00000003,-0.6854041152,0,0,0.6140593696,0
0.43,5.160000006,0,-800,0,0.1275680616,0,11.90249069,0,1.526668311,0,-2.708682273e-08,0,1.208012391e-07,0,1.929720399e-08,0,-1.931663252e-08,0,0.1275680765,0,12.00000003,-0.6854041152,0,0,0.6140593696,0
0.44,5.280000006,0,-800,0,0.1275680613,0,11.90249069,0,1.526668312,0,-2.727004583e-08,0,1.235812065e-07,0,1.556688193e-08,0,-1.734344252e-08,0,0.1275680765,0,12.00000003,-0.6854041152,0,0,0.6140593696,0
0.45,5.400000006,0,-800,0,0.127568061,0,11.90249069,0,1.526668312,0,-2.743399798e-08,0,1.26322218e-07,0,1.210370466e-08,0,-1.546214629e-08,0,0.1275680765,0,12.00000003,-0.6854041152,0,0,0.6140593696,0
0.46,5.520000007,0,-800,0,0.1275680608,0,11.90249069,0,1.526668312,0,-2.757958874e-08,0,1.290254749e-07,0,8.891545529e-09,0,-1.367081959e-08,0,0.1275680765,0,12.00000004,-0.6854041152,0,0,0.6140593696,0
0.47,5.640000007,0,-800,0,0.1275680605,0,11.9024907,0,1.526668312,0,-2.770770705e-08,0,1.316921315e-07,0,5.91485713e-09,0,-1.196727328e-08,0,0.1275680765,0,12.00000004,-0.6854041152,0,0,0.6140593696,0
0.48,5.760000007,0,-799.9999999,0,0.1275680602,0,11.9024907,0,1.526668312,0,-2.781921882e-08,0,1.343232974e-07,0,3.158744682e-09,0,-1.034909444e-08,0,0.1275680764,0,12.00000004,-0.6854041152,0,0,0.6140593696,0
0.49,5.880000008,0,-799.9999999,0,0.1275680599,0,11.9024907,0,1.526668312,0,-2.791496491e-08,0,1.369200288e-07,0,6.089295323e-10,0,-8.813693574e-09,0,0.1275680764,0,12.00000004,-0.6854041152,0,0,0.6140593696,0
0.5,6.000000008,0,-799.9999999,0,0.1275680597,0,11.9024907,0,1.526668312,0,-2.799575954e-08,0,1.394833378e-07,0,-1.748242683e-09,0,-7.358337689e-09,0,0.1275680764,0,12.00000004,-0.6854041152,0,0,0.6140593696,0
0.51,6.120000009,0,-799.9999999,0,0.1275680594,0,11.9024907,0,1.526668312,0,-2.806238906e-08,0,1.420141852e-07,0,-3.925774713e-09,0,-5.980191142e-09,0,0.1275680764,0,12.00000004,-0.6854041152,0,0,0.6140593696,0
0.52,6.240000009,0,-799.9999999,0,0.1275680591,0,11.9024907,0,1.526668312,0,-2.811561102e-08,0,1.445134817e-07,0,-5.936051394e-09,0,-4.676336616e-09,0,0.1275680764,0,12.00000004,-0.6854041152,0,0,0.6140593696,0
0.53,6.360000009,0,-799.9999999,0,0.1275680588,0,11.9024907,0,1.526668312,0,-2.815615355e-08,0,1.4698209e-07,0,-7.790838851e-09,0,-3.443807157e-09,0,0.1275680764,0,12.00000005,-0.6854041152,0,0,0.6140593696,0
0.54,6.48000001,0,-799.9999999,0,0.1275680585,0,11.90249071,0,1.526668312,0,-2.818471493e-08,0,1.494208247e-07,0,-9.501295904e-09,0,-2.279606397e-09,0,0.1275680763,0,12.00000005,-0.6854041152,0,0,0.6140593696,0
0.55,6.60000001,0,-799.9999999,0,0.1275680582,0,11.90249071,0,1.526668312,0,-2.820196346e-08,0,1.518304535e-07,0,-1.107798468e-08,0,-1.180737024e-09,0,0.1275680763,0,12.00000005,-0.6854041152,0,0,0.6140593696,0
0.56,6.720000011,0,-799.9999999,0,0.127568058,0,11.90249071,0,1.526668312,0,-2.820853747e-08,0,1.542116968e-07,0,-1.253087802e-08,0,-1.442079991e-10,0,0.1275680763,0,12.00000005,-0.6854041152,0,0,0.6140593696,0
0.57,6.840000011,0,-799.9999999,0,0.1275680577,0,11.90249071,0,1.526668311,0,-2.820504553e-08,0,1.565652285e-07,0,-1.38693918e-08,0,8.329439661e-10,0,0.1275680763,0,12.00000005,-0.6854041152,0,0,0.6140593696,0
0.58,6.960000012,0,-799.9999999,0,0.1275680574,0,11.90249071,0,1.526668311,0,-2.819206677e-08,0,1.588916812e-07,0,-1.510239081e-08,0,1.753639222e-09,0,0.1275680762,0,12.00000005,-0.6854041152,0,0,0.6140593696,0
0.59,7.080000012,0,-799.9999999,0,0.1275680571,0,11.90249071,0,1.526668311,0,-2.817015137e-08,0,1.611916433e-07,0,-1.623821069e-08,0,2.620744505e-09,0,0.1275680762,0,12.00000005,-0.6854041152,0,0,0.6140593696,0
0.6,7.200000013,0,-799.9999999,0,0.1275680568,0,11.90249071,0,1.526668311,0,-2.813982114e-08,0,1.634656617e-07,0,-1.728467166e-08,0,3.437065459e-09,0,0.1275680762,0,12.00000006,-0.6854041152,0,0,0.6140593696,0
0.61,7.320000014,0,-799.9999999,0,0.1275680566,0,11.90249072,0,1.526668311,0,-2.81015702e-08,0,1.657142445e-07,0,-1.824911141e-08,0,4.205339154e-09,0,0.1275680761,0,12.00000006,-0.6854041152,0,0,0.6140593696,0
0.62,7.440000014,0,-799.9999999,0,0.1275680563,0,11.90249072,0,1.526668311,0,-2.805586566e-08,0,1.679378609e-07,0,-1.913838669e-08,0,4.928219418e-09,0,0.1275680761,0,12.00000006,-0.6854041152,0,0,0.6140593696,0
0.63,7.560000015,0,-799.9999999,0,0.127568056,0,11.90249072,0,1.52666831,0,-2.800314851e-08,0,1.701369454e-07,0,-1.995889906e-08,0,5.608282271e-09,0,0.1275680761,0,12.00000006,-0.6854041152,0,0,0.6140593696,0
0.64,7.680000015,0,-799.9999999,0,0.1275680557,0,11.90249072,0,1.52666831,0,-2.794383442e-08,0,1.723118949e-07,0,-2.071663358e-08,0,6.248013681e-09,0,0.127568076,0,12.00000006,-0.6854041152,0,0,0.6140593696,0
0.65,7.800000016,0,-799.9999999,0,0.1275680554,0,11.90249072,0,1.52666831,0,-2.787831466e-08,0,1.744630747e-07,0,-2.141715314e-08,0,6.849808449e-09,0,0.127568076,0,12.00000006,-0.6854041152,0,0,0.6140593696,0
0.66,7.920000017,0,-799.9999999,0,0.1275680552,0,11.90249073,0,1.52666831,0,-2.780695701e-08,0,1.765908181e-07,0,-2.206563278e-08,0,7.415969252e-09,0,0.127568076,0,12.00000007,-0.6854041152,0,0,0.6140593696,0
0.67,8.040000017,0,-799.9999999,0,0.1275680549,0,11.90249073,0,1.52666831,0,-2.773010668e-08,0,1.786954287e-07,0,-2.266687072e-08,0,7.948703832e-09,0,0.1275680759,0,12.00000007,-0.6854041152,0,0,0.6140593696,0
0.68,8.160000018,0,-799.9999999,0,0.1275680546,0,11.90249073,0,1.526668309,0,-2.76480873e-08,0,1.807771824e-07,0,-2.322531588e-08,0,8.450121211e-09,0,0.1275680759,0,12.00000007,-0.6854041152,0,0,0.6140593696,0
0.69,8.280000019,0,-799.9999999,0,0.1275680543,0,11.90249073,0,1.526668309,0,-2.756120188e-08,0,1.828363253e-07,0,-2.374507736e-08,0,8.922241424e-09,0,0.1275680758,0,12.00000007,-0.6854041152,0,0,0.6140593696,0
0.7,8.400000019,0,-799.9999999,0,0.1275680541,0,11.90249073,0,1.526668309,0,-2.746973371e-08,0,1.848730817e-07,0,-2.422996402e-08,0,9.366982986e-09,0,0.1275680758,0,12.00000007,-0.6854041152,0,0,0.6140593696,0
0.71,8.52000002,0,-799.9999999,0,0.1275680538,0,11.90249073,0,1.526668309,0,-2.737394736e-08,0,1.868876503e-07,0,-2.468347676e-08,0,9.786173949e-09,0,0.1275680758,0,12.00000008,-0.6854041152,0,0,0.6140593696,0
0.72,8.640000021,0,-799.9999999,0,0.1275680535,0,11.90249074,0,1.526668308,0,-2.727408959e-08,0,1.888802073e-07,0,-2.510883139e-08,0,1.018154885e-08,0,0.1275680757,0,12.00000008,-0.6854041152,0,0,0.6140593696,0
0.73,8.760000022,0,-799.9999999,0,0.1275680532,0,11.90249074,0,1.526668308,0,-2.717039027e-08,0,1.908509082e-07,0,-2.550898071e-08,0,1.055474982e-08,0,0.1275680757,0,12.00000008,-0.6854041152,0,0,0.6140593696,0
0.74,8.880000023,0,-799.9999999,0,0.127568053,0,11.90249074,0,1.526668308,0,-2.706306331e-08,0,1.927998896e-07,0,-2.588665195e-08,0,1.090732921e-08,0,0.1275680756,0,12.00000008,-0.6854041152,0,0,0.6140593696,0
0.75,9.000000023,0,-799.9999999,0,0.1275680527,0,11.90249074,0,1.526668308,0,-2.69523075e-08,0,1.947272686e-07,0,-2.624431255e-08,0,1.124075598e-08,0,0.1275680756,0,12.00000008,-0.6854041152,0,0,0.6140593696,0
0.76,9.120000024,0,-799.9999999,0,0.1275680524,0,11.90249074,0,1.526668307,0,-2.683830741e-08,0,1.966331465e-07,0,-2.65842249e-08,0,1.155641167e-08,0,0.1275680756,0,12.00000008,-0.6854041152,0,0,0.6140593696,0
0.77,9.240000025,0,-799.9999999,0,0.1275680522,0,11.90249075,0,1.526668307,0,-2.672123415e-08,0,1.985176067e-07,0,-2.690846142e-08,0,1.185559559e-08,0,0.1275680755,0,12.00000009,-0.6854041152,0,0,0.6140593696,0
0.78,9.360000026,0,-799.9999999,0,0.1275680519,0,11.90249075,0,1.526668307,0,-2.66012463e-08,0,2.003807198e-07,0,-2.721888438e-08,0,1.213953119e-08,0,0.1275680755,0,12.00000009,-0.6854041152,0,0,0.6140593696,0
0.79,9.480000027,0,-799.9999999,0,0.1275680516,0,11.90249075,0,1.526668306,0,-2.647849052e-08,0,2.022225439e-07,0,-2.75171794e-08,0,1.240936295e-08,0,0.1275680754,0,12.00000009,-0.6854041152,0,0,0.6140593696,0
0.8,9.600000028,0,-799.9999999,0,0.1275680514,0,11.90249075,0,1.526668306,0,-2.635310245e-08,0,2.04043122e-07,0,-2.780489847e-08,0,1.266616299e-08,0,0.1275680754,0,12.00000009,-0.6854041152,0,0,0.6140593696,0
0.81,9.720000029,0,-799.9999999,0,0.1275680511,0,11.90249075,0,1.526668306,0,-2.622520732e-08,0,2.058424865e-07,0,-2.808340605e-08,0,1.291093754e-08,0,0.1275680753,0,12.00000009,-0.6854041152,0,0,0.6140593696,0
0.82,9.84000003,0,-799.9999999,0,0.1275680508,0,11.90249076,0,1.526668306,0,-2.609492066e-08,0,2.076206605e-07,0,-2.835394951e-08,0,1.31446181e-08,0,0.1275680753,0,12.0000001,-0.6854041152,0,0,0.6140593696,0
0.83,9.960000031,0,-799.9999999,0,0.1275680506,0,11.90249076,0,1.526668305,0,-2.5962349e-08,0,2.093776542e-07,0,-2.86176421e-08,0,1.336807943e-08,0,0.1275680752,0,12.0000001,-0.6854041152,0,0,0.6140593696,0
0.84,10.08000003,0,-799.9999999,0,0.1275680503,0,11.90249076,0,1.526668305,0,-2.582759042e-08,0,2.111134737e-07,0,-2.887547015e-08,0,1.358213036e-08,0,0.1275680752,0,12.0000001,-0.6854041152,0,0,0.6140593696,0
0.85,10.20000003,0,-799.9999999,0,0.1275680501,0,11.90249076,0,1.526668305,0,-2.569073522e-08,0,2.128281147e-07,0,-2.912831301e-08,0,1.378752505e-08,0,0.1275680752,0,12.0000001,-0.6854041152,0,0,0.6140593696,0
0.86,10.32000003,0,-799.9999999,0,0.1275680498,0,11.90249076,0,1.526668304,0,-2.555186644e-08,0,2.145215648e-07,0,-2.937694223e-08,0,1.398496078e-08,0,0.1275680751,0,12.0000001,-0.6854041152,0,0,0.6140593696,0
0.87,10.44000003,0,-799.9999998,0,0.1275680495,0,11.90249077,0,1.526668304,0,-2.541106037e-08,0,2.161938057e-07,0,-2.962206001e-08,0,1.41750836e-08,0,0.1275680751,0,12.00000011,-0.6854041152,0,0,0.6140593696,0
0.88,10.56000004,0,-799.9999998,0,0.1275680493,0,11.90249077,0,1.526668304,0,-2.526838713e-08,0,2.178448152e-07,0,-2.986424143e-08,0,1.435849114e-08,0,0.127568075,0,12.00000011,-0.6854041152,0,0,0.6140593696,0
0.89,10.68000004,0,-799.9999998,0,0.127568049,0,11.90249077,0,1.526668304,0,-2.512391108e-08,0,2.194745632e-07,0,-3.01040271e-08,0,1.45357339e-08,0,0.127568075,0,12.00000011,-0.6854041152,0,0,0.6140593696,0
0.9,10.80000004,0,-799.9999998,0,0.1275680488,0,11.90249077,0,1.526668303,0,-2.497769131e-08,0,2.210830169e-07,0,-3.034185554e-08,0,1.470731585e-08,0,0.1275680749,0,12.00000011,-0.6854041152,0,0,0.6140593696,0
0.91,10.92000004,0,-799.9999998,0,0.1275680485,0,11.90249078,0,1.526668303,0,-2.482978206e-08,0,2.226701399e-07,0,-3.057810767e-08,0,1.487370449e-08,0,0.1275680749,0,12.00000012,-0.6854041152,0,0,0.6140593696,0
0.92,11.04000004,0,-799.9999998,0,0.1275680483,0,11.90249078,0,1.526668303,0,-2.468023311e-08,0,2.242358896e-07,0,-3.081311486e-08,0,1.503532542e-08,0,0.1275680748,0,12.00000012,-0.6854041152,0,0,0.6140593696,0
0.93,11.16000004,0,-799.9999998,0,0.127568048,0,11.90249078,0,1.526668302,0,-2.452909015e-08,0,2.257802234e-07,0,-3.104714564e-08,0,1.519256825e-08,0,0.1275680748,0,12.00000012,-0.6854041152,0,0,0.6140593696,0
0.94,11.28000004,0,-799.9999998,0,0.1275680478,0,11.90249078,0,1.526668302,0,-2.437639515e-08,0,2.273030946e-07,0,-3.128042239e-08,0,1.534578938e-08,0,0.1275680747,0,12.00000012,-0.6854041152,0,0,0.6140593696,0
0.95,11.40000004,0,-799.9999998,0,0.1275680476,0,11.90249078,0,1.526668302,0,-2.422218668e-08,0,2.288044556e-07,0,-3.151312365e-08,0,1.549531436e-08,0,0.1275680747,0,12.00000012,-0.6854041152,0,0,0.6140593696,0
0.96,11.52000005,0,-799.9999998,0,0.1275680473,0,11.90249079,0,1.526668301,0,-2.40665002e-08,0,2.302842549e-07,0,-3.17453908e-08,0,1.564143633e-08,0,0.1275680746,0,12.00000013,-0.6854041152,0,0,0.6140593696,0
0.97,11.64000005,0,-799.9999998,0,0.1275680471,0,11.90249079,0,1.526668301,0,-2.390936839e-08,0,2.317424419e-07,0,-3.197731602e-08,0,1.578442306e-08,0,0.1275680746,0,12.00000013,-0.6854041152,0,0,0.6140593696,0
0.98,11.76000005,0,-799.9999998,0,0.1275680468,0,11.90249079,0,1.526668301,0,-2.375082138e-08,0,2.331789636e-07,0,-3.22089915e-08,0,1.592451672e-08,0,0.1275680745,0,12.00000013,-0.6854041152,0,0,0.6140593696,0
0.99,11.88000005,0,-799.9999998,0,0.1275680466,0,11.90249079,0,1.5266683,0,-2.359088699e-08,0,2.345937682e-07,0,-3.244044471e-08,0,1.606193296e-08,0,0.1275680745,0,12.00000013,-0.6854041152,0,0,0.6140593696,0
1,12.00000005,0,-799.9999998,0,0.1275680464,0,11.9024908,0,1.5266683,0,-2.342959099e-08,0,2.359867999e-07,0,-3.267171061e-08,0,1.619686754e-08,0,0.1275680744,0,12.00000014,-0.6854041152,0,0,0.6140593696,0
1.01,12.12000005,0,-799.9999998,0,0.1275680461,0,11.9024908,0,1.5266683,0,-2.326695731e-08,0,2.373580063e-07,0,-3.290277376e-08,0,1.632949615e-08,0,0.1275680744,0,12.00000014,-0.6854041152,0,0,0.6140593696,0
1.02,12.24000005,0,-799.9999998,0,0.1275680459,0,11.9024908,0,1.526668299,0,-2.310300822e-08,0,2.387073333e-07,0,-3.313362741e-08,0,1.645997534e-08,0,0.1275680743,0,12.00000014,-0.6854041152,0,0,0.6140593696,0
1.03,12.36000005,0,-799.9999998,0,0.1275680457,0,11.9024908,0,1.526668299,0,-2.293776451e-08,0,2.400347271e-07,0,-3.336421885e-08,0,1.658844219e-08,0,0.1275680743,0,12.00000014,-0.6854041152,0,0,0.6140593696,0
1.04,12.48000006,0,-799.9999998,0,0.1275680454,0,11.90249081,0,1.526668299,0,-2.277124567e-08,0,2.413401352e-07,0,-3.359451898e-08,0,1.671502001e-08,0,0.1275680742,0,12.00000014,-0.6854041152,0,0,0.6140593696,0
1.05,12.60000006,0,-799.9999998,0,0.1275680452,0,11.90249081,0,1.526668298,0,-2.260347005e-08,0,2.426235051e-07,0,-3.382443883e-08,0,1.683981609e-08,0,0.1275680741,0,12.00000015,-0.6854041152,0,0,0.6140593696,0
1.06,12.72000006,0,-799.9999998,0,0.127568045,0,11.90249081,0,1.526668298,0,-2.243445498e-08,0,2.438847854e-07,0,-3.405392005e-08,0,1.696292359e-08,0,0.1275680741,0,12.00000015,-0.6854041152,0,0,0.6140593696,0
1.07,12.84000006,0,-799.9999998,0,0.1275680448,0,11.90249081,0,1.526668298,0,-2.226421692e-08,0,2.451239252e-07,0,-3.428287968e-08,0,1.708442622e-08,0,0.127568074,0,12.00000015,-0.6854041152,0,0,0.6140593696,0
1.08,12.96000006,0,-799.9999998,0,0.1275680445,0,11.90249082,0,1.526668297,0,-2.209277157e-08,0,2.463408769e-07,0,-3.451121847e-08,0,1.720439329e-08,0,0.127568074,0,12.00000015,-0.6854041152,0,0,0.6140593696,0
1.09,13.08000006,0,-799.9999998,0,0.1275680443,0,11.90249082,0,1.526668297,0,-2.192013397e-08,0,2.475355902e-07,0,-3.473885263e-08,0,1.732288428e-08,0,0.1275680739,0,12.00000016,-0.6854041152,0,0,0.6140593696,0
1.1,13.20000007,0,-799.9999998,0,0.1275680441,0,11.90249082,0,1.526668297,0,-2.174631862e-08,0,2.487080195e-07,0,-3.496567764e-08,0,1.743995143e-08,0,0.1275680739,0,12.00000016,-0.6854041152,0,0,0.6140593696,0
1.11,13.32000007,0,-799.9999998,0,0.1275680439,0,11.90249082,0,1.526668296,0,-2.157133955e-08,0,2.498581197e-07,0,-3.519158161e-08,0,1.755563448e-08,0,0.1275680738,0,12.00000016,-0.6854041152,0,0,0.6140593696,0
1.12,13.44000007,0,-799.9999998,0,0.1275680437,0,11.90249083,0,1.526668296,0,-2.139521041e-08,0,2.509858475e-07,0,-3.541647114e-08,0,1.766997116e-08,0,0.1275680738,0,12.00000016,-0.6854041152,0,0,0.6140593696,0
1.13,13.56000007,0,-799.9999998,0,0.1275680435,0,11.90249083,0,1.526668296,0,-2.121794454e-08,0,2.5209116e-07,0,-3.564022963e-08,0,1.778298587e-08,0,0.1275680737,0,12.00000017,-0.6854041152,0,0,0.6140593696,0
1.14,13.68000007,0,-799.9999998,0,0.1275680433,0,11.90249083,0,1.526668295,0,-2.103955502e-08,0,2.531740175e-07,0,-3.586275898e-08,0,1.789470298e-08,0,0.1275680737,0,12.00000017,-0.6854041152,0,0,0.6140593696,0
1.15,13.80000007,0,-799.9999998,0,0.127568043,0,11.90249083,0,1.526668295,0,-2.086005476e-08,0,2.542343811e-07,0,-3.608393375e-08,0,1.800513613e-08,0,0.1275680736,0,12.00000017,-0.6854041152,0,0,0.6140593696,0
1.16,13.92000008,0,-799.9999998,0,0.1275680428,0,11.90249084,0,1.526668295,0,-2.067945654e-08,0,2.55272215e-07,0,-3.6303661e-08,0,1.81142959e-08,0,0.1275680735,0,12.00000017,-0.6854041152,0,0,0.6140593696,0
1.17,14.04000008,0,-799.9999997,0,0.1275680426,0,11.90249084,0,1.526668294,0,-2.049777305e-08,0,2.562874833e-07,0,-3.652183067e-08,0,1.822219048e-08,0,0.1275680735,0,12.00000018,-0.6854041152,0,0,0.6140593696,0
1.18,14.16000008,0,-799.9999997,0,0.1275680424,0,11.90249084,0,1.526668294,0,-2.031501693e-08,0,2.572801538e-07,0,-3.673833212e-08,0,1.832882186e-08,0,0.1275680734,0,12.00000018,-0.6854041152,0,0,0.6140593696,0
1.19,14.28000008,0,-799.9999997,0,0.1275680422,0,11.90249084,0,1.526668294,0,-2.013120083e-08,0,2.582501954e-07,0,-3.695307233e-08,0,1.843418874e-08,0,0.1275680734,0,12.00000018,-0.6854041152,0,0,0.6140593696,0
1.2,14.40000008,0,-799.9999997,0,0.127568042,0,11.90249085,0,1.526668293,0,-1.99463374e-08,0,2.591975787e-07,0,-3.716594269e-08,0,1.853828661e-08,0,0.1275680733,0,12.00000018,-0.6854041152,0,0,0.6140593696,0
1.21,14.52000008,0,-799.9999997,0,0.1275680418,0,11.90249085,0,1.526668293,0,-1.976043935e-08,0,2.601222782e-07,0,-3.737684056e-08,0,1.864110862e-08,0,0.1275680732,0,12.00000019,-0.6854041152,0,0,0.6140593696,0
1.22,14.64000009,0,-799.9999997,0,0.1275680416,0,11.90249085,0,1.526668292,0,-1.957351949e-08,0,2.610242676e-07,0,-3.758567309e-08,0,1.874264787e-08,0,0.1275680732,0,12.00000019,-0.6854041152,0,0,0.6140593696,0
1.23,14.76000009,0,-799.9999997,0,0.1275680414,0,11.90249085,0,1.526668292,0,-1.938559071e-08,0,2.619035236e-07,0,-3.779235571e-08,0,1.884289097e-08,0,0.1275680731,0,12.00000019,-0.6854041152,0,0,0.6140593696,0
1.24,14.88000009,0,-799.9999997,0,0.1275680412,0,11.90249086,0,1.526668292,0,-1.919666602e-08,0,2.627600273e-07,0,-3.799678749e-08,0,1.89418272e-08,0,0.1275680731,0,12.00000019,-0.6854041152,0,0,0.6140593696,0
1.25,15.00000009,0,-799.9999997,0,0.1275680411,0,11.90249086,0,1.526668291,0,-1.900675856e-08,0,2.635937583e-07,0,-3.819888686e-08,0,1.903944297e-08,0,0.127568073,0,12.0000002,-0.6854041152,0,0,0.6140593696,0
1.26,15.12000009,0,-799.9999997,0,0.1275680409,0,11.90249086,0,1.526668291,0,-1.881588161e-08,0,2.644047007e-07,0,-3.839856673e-08,0,1.913572279e-08,0,0.127568073,0,12.0000002,-0.6854041152,0,0,0.6140593696,0
1.27,15.2400001,0,-799.9999997,0,0.1275680407,0,11.90249086,0,1.52666829,0,-1.862404861e-08,0,2.651928404e-07,0,-3.859575429e-08,0,1.923065028e-08,0,0.1275680729,0,12.0000002,-0.6854041152,0,0,0.6140593696,0
1.28,15.3600001,0,-799.9999997,0,0.1275680405,0,11.90249087,0,1.52666829,0,-1.843127317e-08,0,2.659581631e-07,0,-3.879036818e-08,0,1.93242099e-08,0,0.1275680728,0,12.0000002,-0.6854041152,0,0,0.6140593696,0
1.29,15.4800001,0,-799.9999997,0,0.1275680403,0,11.90249087,0,1.52666829,0,-1.823756903e-08,0,2.667006602e-07,0,-3.898233407e-08,0,1.941638422e-08,0,0.1275680728,0,12.00000021,-0.6854041152,0,0,0.6140593696,0
1.3,15.6000001,0,-799.9999997,0,0.1275680401,0,11.90249087,0,1.526668289,0,-1.804295015e-08,0,2.674203215e-07,0,-3.917157984e-08,0,1.950715688e-08,0,0.1275680727,0,12.00000021,-0.6854041152,0,0,0.6140593696,0
1.31,15.7200001,0,-799.9999997,0,0.1275680399,0,11.90249087,0,1.526668289,0,-1.784743063e-08,0,2.681171425e-07,0,-3.935804791e-08,0,1.959650869e-08,0,0.1275680727,0,12.00000021,-0.6854041152,0,0,0.6140593696,0
1.32,15.84000011,0,-799.9999997,0,0.1275680398,0,11.90249088,0,1.526668289,0,-1.765102477e-08,0,2.687911183e-07,0,-3.954166495e-08,0,1.968442328e-08,0,0.1275680726,0,12.00000021,-0.6854041152,0,0,0.6140593696,0
1.33,15.96000011,0,-799.9999997,0,0.1275680396,0,11.90249088,0,1.526668288,0,-1.745374702e-08,0,2.694422466e-07,0,-3.972237759e-08,0,1.977088256e-08,0,0.1275680725,0,12.00000022,-0.6854041152,0,0,0.6140593696,0
1.34,16.08000011,0,-799.9999997,0,0.1275680394,0,11.90249088,0,1.526668288,0,-1.725561203e-08,0,2.70070527e-07,0,-3.990011846e-08,0,1.98558682e-08,0,0.1275680725,0,12.00000022,-0.6854041152,0,0,0.6140593696,0
1.35,16.20000011,0,-799.9999997,0,0.1275680392,0,11.90249089,0,1.526668287,0,-1.705663462e-08,0,2.706759618e-07,0,-4.007484544e-08,0,1.993936492e-08,0,0.1275680724,0,12.00000022,-0.6854041152,0,0,0.6140593696,0
1.36,16.32000011,0,-799.9999997,0,0.1275680391,0,11.90249089,0,1.526668287,0,-1.685682977e-08,0,2.712585545e-07,0,-4.024650415e-08,0,2.002135418e-08,0,0.1275680723,0,12.00000023,-0.6854041152,0,0,0.6140593696,0
1.37,16.44000012,0,-799.9999997,0,0.1275680389,0,11.90249089,0,1.526668287,0,-1.665621261e-08,0,2.718183119e-07,0,-4.041504393e-08,0,2.010182024e-08,0,0.1275680723,0,12.00000023,-0.6854041152,0,0,0.6140593696,0
1.38,16.56000012,0,-799.9999997,0,0.1275680387,0,11.90249089,0,1.526668286,0,-1.645479849e-08,0,2.723552399e-07,0,-4.058042338e-08,0,2.018074564e-08,0,0.1275680722,0,12.00000023,-0.6854041152,0,0,0.6140593696,0
1.39,16.68000012,0,-799.9999997,0,0.1275680386,0,11.9024909,0,1.526668286,0,-1.625260288e-08,0,2.728693508e-07,0,-4.074259587e-08,0,2.025811555e-08,0,0.1275680722,0,12.00000023,-0.6854041152,0,0,0.6140593696,0
1.4,16.80000012,0,-799.9999997,0,0.1275680384,0,11.9024909,0,1.526668285,0,-1.604964142e-08,0,2.733606555e-07,0,-4.090152714e-08,0,2.033391442e-08,0,0.1275680721,0,12.00000024,-0.6854041152,0,0,0.6140593696,0
1.41,16.92000013,0,-799.9999997,0,0.1275680383,0,11.9024909,0,1.526668285,0,-1.584592988e-08,0,2.738291678e-07,0,-4.105717595e-08,0,2.040812847e-08,0,0.127568072,0,12.00000024,-0.6854041152,0,0,0.6140593696,0
1.42,17.04000013,0,-799.9999997,0,0.1275680381,0,11.9024909,0,1.526668285,0,-1.564148419e-08,0,2.742749035e-07,0,-4.120951155e-08,0,2.048074197e-08,0,0.127568072,0,12.00000024,-0.6854041152,0,0,0.6140593696,0
1.43,17.16000013,0,-799.9999996,0,0.1275680379,0,11.90249091,0,1.526668284,0,-1.543632041e-08,0,2.746978795e-07,0,-4.135849598e-08,0,2.055174305e-08,0,0.1275680719,0,12.00000024,-0.6854041152,0,0,0.6140593696,0
1.44,17.28000013,0,-799.9999996,0,0.1275680378,0,11.90249091,0,1.526668284,0,-1.523045475e-08,0,2.750981165e-07,0,-4.150410714e-08,0,2.062111727e-08,0,0.1275680718,0,12.00000025,-0.6854041152,0,0,0.6140593696,0
1.45,17.40000014,0,-799.9999996,0,0.1275680376,0,11.90249091,0,1.526668283,0,-1.502390354e-08,0,2.75475636e-07,0,-4.164630663e-08,0,2.06888528e-08,0,0.1275680718,0,12.00000025,-0.6854041152,0,0,0.6140593696,0
1.46,17.52000014,0,-799.9999996,0,0.1275680375,0,11.90249092,0,1.526668283,0,-1.48166832e-08,0,2.758304613e-07,0,-4.178508058e-08,0,2.075493776e-08,0,0.1275680717,0,12.00000025,-0.6854041152,0,0,0.6140593696,0
1.47,17.64000014,0,-799.9999996,0,0.1275680373,0,11.90249092,0,1.526668282,0,-1.460881032e-08,0,2.761626181e-07,0,-4.192039707e-08,0,2.081936094e-08,0,0.1275680717,0,12.00000025,-0.6854041152,0,0,0.6140593696,0
1.48,17.76000014,0,-799.9999996,0,0.1275680372,0,11.90249092,0,1.526668282,0,-1.440030156e-08,0,2.764721324e-07,0,-4.205223237e-08,0,2.088211221e-08,0,0.1275680716,0,12.00000026,-0.6854041152,0,0,0.6140593696,0
1.49,17.88000015,0,-799.9999996,0,0.1275680371,0,11.90249092,0,1.526668282,0,-1.41911737e-08,0,2.767590344e-07,0,-4.218058186e-08,0,2.094318074e-08,0,0.1275680715,0,12.00000026,-0.6854041152,0,0,0.6140593696,0
1.5,18.00000015,0,-799.9999996,0,0.1275680369,0,11.90249093,0,1.526668281,0,-1.398144359e-08,0,2.770233547e-07,0,-4.23054119e-08,0,2.100255689e-08,0,0.1275680715,0,12.00000026,-0.6854041152,0,0,0.6140593696,0
1.51,18.12000015,0,-799.9999996,0,0.1275680368,0,11.90249093,0,1.526668281,0,-1.377112822e-08,0,2.772651254e-07,0,-4.242671482e-08,0,2.106023326e-08,0,0.1275680714,0,12.00000027,-0.6854041152,0,0,0.6140593696,0
1.52,18.24000015,0,-799.9999996,0,0.1275680366,0,11.90249093,0,1.52666828,0,-1.356024463e-08,0,2.774843827e-07,0,-4.254446783e-08,0,2.111620106e-08,0,0.1275680713,0,12.00000027,-0.6854041152,0,0,0.6140593696,0
1.53,18.36000016,0,-799.9999996,0,0.1275680365,0,11.90249093,0,1.52666828,0,-1.334880992e-08,0,2.776811604e-07,0,-4.265865981e-08,0,2.117045332e-08,0,0.1275680713,0,12.00000027,-0.6854041152,0,0,0.6140593696,0
1.54,18.48000016,0,-799.9999996,0,0.1275680364,0,11.90249094,0,1.526668279,0,-1.313684132e-08,0,2.778554995e-07,0,-4.27692806e-08,0,2.122298078e-08,0,0.1275680712,0,12.00000027,-0.6854041152,0,0,0.6140593696,0
1.55,18.60000016,0,-799.9999996,0,0.1275680362,0,11.90249094,0,1.526668279,0,-1.292435608e-08,0,2.780074375e-07,0,-4.287631894e-08,0,2.127377911e-08,0,0.1275680711,0,12.00000028,-0.6854041152,0,0,0.6140593696,0
1.56,18.72000017,0,-799.9999996,0,0.1275680361,0,11.90249094,0,1.526668279,0,-1.271137152e-08,0,2.781370168e-07,0,-4.297976969e-08,0,2.132284157e-08,0,0.1275680711,0,12.00000028,-0.6854041152,0,0,0.6140593696,0
1.57,18.84000017,0,-799.9999996,0,0.127568036,0,11.90249095,0,1.526668278,0,-1.249790505e-08,0,2.782442816e-07,0,-4.307961422e-08,0,2.137016323e-08,0,0.127568071,0,12.00000028,-0.6854041152,0,0,0.6140593696,0
1.58,18.96000017,0,-799.9999996,0,0.1275680359,0,11.90249095,0,1.526668278,0,-1.228397409e-08,0,2.783292754e-07,0,-4.317585219e-08,0,2.141573796e-08,0,0.1275680709,0,12.00000028,-0.6854041152,0,0,0.6140593696,0
1.59,19.08000017,0,-799.9999996,0,0.1275680357,0,11.90249095,0,1.526668277,0,-1.206959613e-08,0,2.783920462e-07,0,-4.326847865e-08,0,2.145956277e-08,0,0.1275680709,0,12.00000029,-0.6854041152,0,0,0.6140593696,0
1.6,19.20000018,0,-799.9999996,0,0.1275680356,0,11.90249095,0,1.526668277,0,-1.185478869e-08,0,2.784326422e-07,0,-4.335748538e-08,0,2.150163197e-08,0,0.1275680708,0,12.00000029,-0.6854041152,0,0,0.6140593696,0
1.61,19.32000018,0,-799.9999996,0,0.1275680355,0,11.90249096,0,1.526668276,0,-1.163956935e-08,0,2.784511144e-07,0,-4.344287022e-08,0,2.154194362e-08,0,0.1275680707,0,12.00000029,-0.6854041152,0,0,0.6140593696,0
1.62,19.44000018,0,-799.9999996,0,0.1275680354,0,11.90249096,0,1.526668276,0,-1.14239557e-08,0,2.784475135e-07,0,-4.352462757e-08,0,2.1580494e-08,0,0.1275680707,0,12.00000029,-0.6854041152,0,0,0.6140593696,0
1.63,19.56000019,0,-799.9999996,0,0.1275680353,0,11.90249096,0,1.526668276,0,-1.120796536e-08,0,2.784218942e-07,0,-4.360275405e-08,0,2.161727962e-08,0,0.1275680706,0,12.0000003,-0.6854041152,0,0,0.6140593696,0
1.64,19.68000019,0,-799.9999996,0,0.1275680352,0,11.90249097,0,1.526668275,0,-1.099161599e-08,0,2.783743112e-07,0,-4.367724838e-08,0,2.165229954e-08,0,0.1275680705,0,12.0000003,-0.6854041152,0,0,0.6140593696,0
1.65,19.80000019,0,-799.9999996,0,0.1275680351,0,11.90249097,0,1.526668275,0,-1.077492526e-08,0,2.783048208e-07,0,-4.374811493e-08,0,2.168555243e-08,0,0.1275680705,0,12.0000003,-0.6854041152,0,0,0.6140593696,0
1.66,19.92000019,0,-799.9999996,0,0.127568035,0,11.90249097,0,1.526668274,0,-1.055791085e-08,0,2.782134827e-07,0,-4.381534916e-08,0,2.171703566e-08,0,0.1275680704,0,12.00000031,-0.6854041152,0,0,0.6140593696,0
1.67,20.0400002,0,-799.9999995,0,0.1275680348,0,11.90249097,0,1.526668274,0,-1.034059045e-08,0,2.781003568e-07,0,-4.387895206e-08,0,2.17467485e-08,0,0.1275680704,0,12.00000031,-0.6854041152,0,0,0.6140593696,0
1.68,20.1600002,0,-799.9999995,0,0.1275680347,0,11.90249098,0,1.526668273,0,-1.012298179e-08,0,2.779655042e-07,0,-4.393892663e-08,0,2.177468894e-08,0,0.1275680703,0,12.00000031,-0.6854041152,0,0,0.6140593696,0
1.69,20.2800002,0,-799.9999995,0,0.1275680346,0,11.90249098,0,1.526668273,0,-9.90510257e-09,0,2.77808989e-07,0,-4.399527241e-08,0,2.180085929e-08,0,0.1275680702,0,12.00000031,-0.6854041152,0,0,0.6140593696,0
1.7,20.40000021,0,-799.9999995,0,0.1275680345,0,11.90249098,0,1.526668273,0,-9.686970501e-09,0,2.776308748e-07,0,-4.404799933e-08,0,2.1825259e-08,0,0.1275680702,0,12.00000032,-0.6854041152,0,0,0.6140593696,0
1.71,20.52000021,0,-799.9999995,0,0.1275680345,0,11.90249099,0,1.526668272,0,-9.468603291e-09,0,2.774312296e-07,0,-4.40970997e-08,0,2.184788806e-08,0,0.1275680701,0,12.00000032,-0.6854041152,0,0,0.6140593696,0
1.72,20.64000021,0,-799.9999995,0,0.1275680344,0,11.90249099,0,1.526668272,0,-9.250018652e-09,0,2.772101204e-07,0,-4.414258362e-08,0,2.186874612e-08,0,0.12756807,0,12.00000032,-0.6854041152,0,0,0.6140593696,0
1.73,20.76000022,0,-799.9999995,0,0.1275680343,0,11.90249099,0,1.526668271,0,-9.03123427e-09,0,2.769676173e-07,0,-4.418445196e-08,0,2.188783589e-08,0,0.12756807,0,12.00000032,-0.6854041152,0,0,0.6140593696,0
1.74,20.88000022,0,-799.9999995,0,0.1275680342,0,11.90249099,0,1.526668271,0,-8.812267837e-09,0,2.767037927e-07,0,-4.422270928e-08,0,2.190515581e-08,0,0.1275680699,0,12.00000033,-0.6854041152,0,0,0.6140593696,0
1.75,21.00000022,0,-799.9999995,0,0.1275680341,0,11.902491,0,1.52666827,0,-8.593137034e-09,0,2.764187178e-07,0,-4.42573635e-08,0,2.192071004e-08,0,0.1275680698,0,12.00000033,-0.6854041152,0,0,0.6140593696,0
1.76,21.12000023,0,-799.9999995,0,0.127568034,0,11.902491,0,1.52666827,0,-8.373859517e-09,0,2.761124667e-07,0,-4.428841871e-08,0,2.193449956e-08,0,0.1275680698,0,12.00000033,-0.6854041152,0,0,0.6140593696,0
1.77,21.24000023,0,-799.9999995,0,0.1275680339,0,11.902491,0,1.526668269,0,-8.154452921e-09,0,2.75785116e-07,0,-4.431587342e-08,0,2.194652645e-08,0,0.1275680697,0,12.00000034,-0.6854041152,0,0,0.6140593696,0
1.78,21.36000023,0,-799.9999995,0,0.1275680338,0,11.902491,0,1.526668269,0,-7.934934863e-09,0,2.754367433e-07,0,-4.433975438e-08,0,2.195679159e-08,0,0.1275680696,0,12.00000034,-0.6854041152,0,0,0.6140593696,0
1.79,21.48000024,0,-799.9999995,0,0.1275680338,0,11.90249101,0,1.526668269,0,-7.715322944e-09,0,2.75067426e-07,0,-4.436004368e-08,0,2.196529926e-08,0,0.1275680696,0,12.00000034,-0.6854041152,0,0,0.6140593696,0
1.8,21.60000024,0,-799.9999995,0,0.1275680337,0,11.90249101,0,1.526668268,0,-7.495634721e-09,0,2.746772448e-07,0,-4.437676736e-08,0,2.197205164e-08,0,0.1275680695,0,12.00000034,-0.6854041152,0,0,0.6140593696,0
1.81,21.72000024,0,-799.9999995,0,0.1275680336,0,11.90249101,0,1.526668268,0,-7.275887738e-09,0,2.742662815e-07,0,-4.438992281e-08,0,2.197705226e-08,0,0.1275680694,0,12.00000035,-0.6854041152,0,0,0.6140593696,0
1.82,21.84000025,0,-799.9999995,0,0.1275680335,0,11.90249102,0,1.526668267,0,-7.056099502e-09,0,2.738346194e-07,0,-4.439952305e-08,0,2.198030359e-08,0,0.1275680694,0,12.00000035,-0.6854041152,0,0,0.6140593696,0
1.83,21.96000025,0,-799.9999995,0,0.1275680335,0,11.90249102,0,1.526668267,0,-6.836287482e-09,0,2.733823422e-07,0,-4.440556636e-08,0,2.198180957e-08,0,0.1275680693,0,12.00000035,-0.6854041152,0,0,0.6140593696,0
1.84,22.08000025,0,-799.9999995,0,0.1275680334,0,11.90249102,0,1.526668266,0,-6.616469114e-09,0,2.729095365e-07,0,-4.4408072e-08,0,2.198157371e-08,0,0.1275680692,0,12.00000035,-0.6854041152,0,0,0.6140593696,0
1.85,22.20000026,0,-799.9999995,0,0.1275680333,0,11.90249102,0,1.526668266,0,-6.396661795e-09,0,2.724162902e-07,0,-4.440704808e-08,0,2.197959971e-08,0,0.1275680692,0,12.00000036,-0.6854041152,0,0,0.6140593696,0
1.86,22.32000026,0,-799.9999995,0,0.1275680333,0,11.90249103,0,1.526668265,0,-6.176882898e-09,0,2.719026909e-07,0,-4.440249887e-08,0,2.197589194e-08,0,0.1275680691,0,12.00000036,-0.6854041152,0,0,0.6140593696,0
1.87,22.44000026,0,-799.9999995,0,0.1275680332,0,11.90249103,0,1.526668265,0,-5.95714974e-09,0,2.713688305e-07,0,-4.439443331e-08,0,2.197045262e-08,0,0.127568069,0,12.00000036,-0.6854041152,0,0,0.6140593696,0
1.88,22.56000027,0,-799.9999995,0,0.1275680332,0,11.90249103,0,1.526668265,0,-5.737479605e-09,0,2.708147988e-07,0,-4.438286174e-08,0,2.19632882e-08,0,0.127568069,0,12.00000036,-0.6854041152,0,0,0.6140593696,0
1.89,22.68000027,0,-799.9999995,0,0.1275680331,0,11.90249103,0,1.526668264,0,-5.517889724e-09,0,2.702406899e-07,0,-4.436779739e-08,0,2.195440113e-08,0,0.1275680689,0,12.00000037,-0.6854041152,0,0,0.6140593696,0
1.9,22.80000028,0,-799.9999994,0,0.127568033,0,11.90249104,0,1.526668264,0,-5.298397293e-09,0,2.696465987e-07,0,-4.434924421e-08,0,2.194379831e-08,0,0.1275680688,0,12.00000037,-0.6854041152,0,0,0.6140593696,0
1.91,22.92000028,0,-799.9999994,0,0.127568033,0,11.90249104,0,1.526668263,0,-5.079019454e-09,0,2.690326188e-07,0,-4.432722149e-08,0,2.193148446e-08,0,0.1275680688,0,12.00000037,-0.6854041152,0,0,0.6140593696,0
1.92,23.04000028,0,-799.9999994,0,0.1275680329,0,11.90249104,0,1.526668263,0,-4.859773289e-09,0,2.683988491e-07,0,-4.430173181e-08,0,2.191746311e-08,0,0.1275680687,0,12.00000038,-0.6854041152,0,0,0.6140593696,0
1.93,23.16000029,0,-799.9999994,0,0.1275680329,0,11.90249105,0,1.526668262,0,-4.64067585e-09,0,2.677453874e-07,0,-4.42727881e-08,0,2.190173957e-08,0,0.1275680686,0,12.00000038,-0.6854041152,0,0,0.6140593696,0
1.94,23.28000029,0,-799.9999994,0,0.1275680329,0,11.90249105,0,1.526668262,0,-4.421744133e-09,0,2.670723332e-07,0,-4.424040431e-08,0,2.188432122e-08,0,0.1275680686,0,12.00000038,-0.6854041152,0,0,0.6140593696,0
1.95,23.40000029,0,-799.9999994,0,0.1275680328,0,11.90249105,0,1.526668261,0,-4.202995071e-09,0,2.66379787e-07,0,-4.42045884e-08,0,2.18652095e-08,0,0.1275680685,0,12.00000038,-0.6854041152,0,0,0.6140593696,0
1.96,23.5200003,0,-799.9999994,0,0.1275680328,0,11.90249105,0,1.526668261,0,-3.984445552e-09,0,2.656678521e-07,0,-4.416535484e-08,0,2.18444139e-08,0,0.1275680684,0,12.00000039,-0.6854041152,0,0,0.6140593696,0
1.97,23.6400003,0,-799.9999994,0,0.1275680327,0,11.90249106,0,1.526668261,0,-3.766112394e-09,0,2.649366317e-07,0,-4.412271375e-08,0,2.182193806e-08,0,0.1275680684,0,12.00000039,-0.6854041152,0,0,0.6140593696,0
1.98,23.76000031,0,-799.9999994,0,0.1275680327,0,11.90249106,0,1.52666826,0,-3.548012366e-09,0,2.641862307e-07,0,-4.407667464e-08,0,2.179778818e-08,0,0.1275680683,0,12.00000039,-0.6854041152,0,0,0.6140593696,0
1.99,23.88000031,0,-799.9999994,0,0.1275680327,0,11.90249106,0,1.52666826,0,-3.330162186e-09,0,2.63416755e-07,0,-4.402725355e-08,0,2.177197089e-08,0,0.1275680683,0,12.00000039,-0.6854041152,0,0,0.6140593696,0
2,24.00000031,0,-799.9999994,0,0.1275680326,0,11.90249106,0,1.526668259,0,-3.112578493e-09,0,2.626283119e-07,0,-4.397447087e-08,0,2.174449108e-08,0,0.1275680682,0,12.0000004,-0.6854041152,0,0,0.6140593696,0
2.01,24.12000032,0,-799.9999994,0,0.1275680326,0,11.90249107,0,1.526668259,0,-2.895277877e-09,0,2.618210103e-07,0,-4.391832334e-08,0,2.171535562e-08,0,0.1275680681,0,12.0000004,-0.6854041152,0,0,0.6140593696,0
2.02,24.24000032,0,-799.9999994,0,0.1275680326,0,11.90249107,0,1.526668258,0,-2.678276866e-09,0,2.6099496e-07,0,-4.385883538e-08,0,2.168457195e-08,0,0.1275680681,0,12.0000004,-0.6854041152,0,0,0.6140593696,0
2.03,24.36000033,0,-799.9999994,0,0.1275680325,0,11.90249107,0,1.526668258,0,-2.461591911e-09,0,2.601502712e-07,0,-4.379601273e-08,0,2.165214517e-08,0,0.127568068,0,12.0000004,-0.6854041152,0,0,0.6140593696,0
2.04,24.48000033,0,-799.9999994,0,0.1275680325,0,11.90249107,0,1.526668257,0,-2.245239408e-09,0,2.592870572e-07,0,-4.372987467e-08,0,2.161808253e-08,0,0.1275680679,0,12.00000041,-0.6854041152,0,0,0.6140593696,0
2.05,24.60000033,0,-799.9999994,0,0.1275680325,0,11.90249108,0,1.526668257,0,-2.029235685e-09,0,2.584054311e-07,0,-4.36604326e-08,0,2.158239061e-08,0,0.1275680679,0,12.00000041,-0.6854041152,0,0,0.6140593696,0
2.06,24.72000034,0,-799.9999994,0,0.1275680325,0,11.90249108,0,1.526668257,0,-1.813597002e-09,0,2.575055067e-07,0,-4.358769885e-08,0,2.154507705e-08,0,0.1275680678,0,12.00000041,-0.6854041152,0,0,0.6140593696,0
2.07,24.84000034,0,-799.9999994,0,0.1275680325,0,11.90249108,0,1.526668256,0,-1.598339541e-09,0,2.565874017e-07,0,-4.351169019e-08,0,2.150614672e-08,0,0.1275680677,0,12.00000041,-0.6854041152,0,0,0.6140593696,0
2.08,24.96000035,0,-799.9999994,0,0.1275680324,0,11.90249108,0,1.526668256,0,-1.383479435e-09,0,2.556512316e-07,0,-4.34324192e-08,0,2.146560854e-08,0,0.1275680677,0,12.00000042,-0.6854041152,0,0,0.6140593696,0
2.09,25.08000035,0,-799.9999994,0,0.1275680324,0,11.90249109,0,1.526668255,0,-1.169032725e-09,0,2.546971151e-07,0,-4.334990629e-08,0,2.142346839e-08,0,0.1275680676,0,12.00000042,-0.6854041152,0,0,0.6140593696,0
2.1,25.20000035,0,-799.9999994,0,0.1275680324,0,11.90249109,0,1.526668255,0,-9.550153847e-10,0,2.537251702e-07,0,-4.326415507e-08,0,2.137973435e-08,0,0.1275680676,0,12.00000042,-0.6854041152,0,0,0.6140593696,0
2.11,25.32000036,0,-799.9999994,0,0.1275680324,0,11.90249109,0,1.526668254,0,-7.414433217e-10,0,2.527355182e-07,0,-4.317518791e-08,0,2.133441357e-08,0,0.1275680675,0,12.00000042,-0.6854041152,0,0,0.6140593696,0
2.12,25.44000036,0,-799.9999994,0,0.1275680324,0,11.90249109,0,1.526668254,0,-5.283323645e-10,0,2.517282797e-07,0,-4.308301556e-08,0,2.128751495e-08,0,0.1275680674,0,12.00000043,-0.6854041152,0,0,0.6140593696,0
2.13,25.56000037,0,-799.9999993,0,0.1275680324,0,11.9024911,0,1.526668254,0,-3.15698258e-10,0,2.50703579e-07,0,-4.298765846e-08,0,2.123904398e-08,0,0.1275680674,0,12.00000043,-0.6854041152,0,0,0.6140593696,0
2.14,25.68000037,0,-799.9999993,0,0.1275680324,0,11.9024911,0,1.526668253,0,-1.03556688e-10,0,2.496615377e-07,0,-4.288913277e-08,0,2.118900965e-08,0,0.1275680673,0,12.00000043,-0.6854041152,0,0,0.6140593696,0
2.15,25.80000038,0,-799.9999993,0,0.1275680324,0,11.9024911,0,1.526668253,0,1.080767529e-10,0,2.486022817e-07,0,-4.278745177e-08,0,2.113741959e-08,0,0.1275680672,0,12.00000043,-0.6854041152,0,0,0.6140593696,0
2.16,25.92000038,0,-799.9999993,0,0.1275680324,0,11.9024911,0,1.526668252,0,3.19186546e-10,0,2.475259364e-07,0,-4.26826261e-08,0,2.108428246e-08,0,0.1275680672,0,12.00000044,-0.6854041152,0,0,0.6140593696,0
2.17,26.04000038,0,-799.9999993,0,0.1275680324,0,11.90249111,0,1.526668252,0,5.297572606e-10,0,2.464326284e-07,0,-4.257467777e-08,0,2.10296045e-08,0,0.1275680671,0,12.00000044,-0.6854041152,0,0,0.6140593696,0
2.18,26.16000039,0,-799.9999993,0,0.1275680324,0,11.90249111,0,1.526668251,0,7.397735324e-10,0,2.453224859e-07,0,-4.246362267e-08,0,2.097339474e-08,0,0.1275680671,0,12.00000044,-0.6854041152,0,0,0.6140593696,0
2.19,26.28000039,0,-799.9999993,0,0.1275680324,0,11.90249111,0,1.526668251,0,9.492200794e-10,0,2.441956381e-07,0,-4.234947573e-08,0,2.091566162e-08,0,0.127568067,0,12.00000044,-0.6854041152,0,0,0.6140593696,0
2.2,26.4000004,0,-799.9999993,0,0.1275680324,0,11.90249111,0,1.526668251,0,1.15808171e-09,0,2.430522131e-07,0,-4.223225433e-08,0,2.085641391e-08,0,0.1275680669,0,12.00000044,-0.6854041152,0,0,0.6140593696,0
2.21,26.5200004,0,-799.9999993,0,0.1275680324,0,11.90249112,0,1.52666825,0,1.366343322e-09,0,2.418923435e-07,0,-4.211198013e-08,0,2.079565785e-08,0,0.1275680669,0,12.00000045,-0.6854041152,0,0,0.6140593696,0
2.22,26.64000041,0,-799.9999993,0,0.1275680325,0,11.90249112,0,1.52666825,0,1.573989877e-09,0,2.407161611e-07,0,-4.198866161e-08,0,2.073340441e-08,0,0.1275680668,0,12.00000045,-0.6854041152,0,0,0.6140593696,0
2.23,26.76000041,0,-799.9999993,0,0.1275680325,0,11.90249112,0,1.526668249,0,1.781006446e-09,0,2.395237972e-07,0,-4.186232011e-08,0,2.06696615e-08,0,0.1275680668,0,12.00000045,-0.6854041152,0,0,0.6140593696,0
2.24,26.88000042,0,-799.9999993,0,0.1275680325,0,11.90249112,0,1.526668249,0,1.987378176e-09,0,2.383153868e-07,0,-4.173297436e-08,0,2.060443724e-08,0,0.1275680667,0,12.00000045,-0.6854041152,0,0,0.6140593696,0
2.25,27.00000042,0,-799.9999993,0,0.1275680325,0,11.90249113,0,1.526668248,0,2.193090294e-09,0,2.370910648e-07,0,-4.160064029e-08,0,2.053774151e-08,0,0.1275680666,0,12.00000046,-0.6854041152,0,0,0.6140593696,0
2.26,27.12000043,0,-799.9999993,0,0.1275680325,0,11.90249113,0,1.526668248,0,2.398128128e-09,0,2.358509654e-07,0,-4.146533625e-08,0,2.046958303e-08,0,0.1275680666,0,12.00000046,-0.6854041152,0,0,0.6140593696,0
2.27,27.24000043,0,-799.9999993,0,0.1275680326,0,11.90249113,0,1.526668248,0,2.602477097e-09,0,2.345952259e-07,0,-4.132707944e-08,0,2.03999699e-08,0,0.1275680665,0,12.00000046,-0.6854041152,0,0,0.6140593696,0
2.28,27.36000043,0,-799.9999993,0,0.1275680326,0,11.90249113,0,1.526668247,0,2.806122703e-09,0,2.333239846e-07,0,-4.118589677e-08,0,2.032891152e-08,0,0.1275680665,0,12.00000046,-0.6854041152,0,0,0.6140593696,0
2.29,27.48000044,0,-799.9999993,0,0.1275680326,0,11.90249114,0,1.526668247,0,3.009050545e-09,0,2.320373778e-07,0,-4.104178911e-08,0,2.025641791e-08,0,0.1275680664,0,12.00000047,-0.6854041152,0,0,0.6140593696,0
2.3,27.60000044,0,-799.9999993,0,0.1275680327,0,11.90249114,0,1.526668246,0,3.211246305e-09,0,2.307355471e-07,0,-4.089478835e-08,0,2.018249693e-08,0,0.1275680663,0,12.00000047,-0.6854041152,0,0,0.6140593696,0
2.31,27.72000045,0,-799.9999993,0,0.1275680327,0,11.90249114,0,1.526668246,0,3.412695761e-09,0,2.294186307e-07,0,-4.074490741e-08,0,2.010715834e-08,0,0.1275680663,0,12.00000047,-0.6854041152,0,0,0.6140593696,0
2.32,27.84000045,0,-799.9999993,0,0.1275680327,0,11.90249114,0,1.526668246,0,3.613384787e-09,0,2.280867707e-07,0,-4.059216525e-08,0,2.003041238e-08,0,0.1275680662,0,12.00000047,-0.6854041152,0,0,0.6140593696,0
2.33,27.96000046,0,-799.9999993,0,0.1275680328,0,11.90249115,0,1.526668245,0,3.813299355e-09,0,2.267401077e-07,0,-4.043658493e-08,0,1.995226918e-08,0,0.1275680662,0,12.00000047,-0.6854041152,0,0,0.6140593696,0
2.34,28.08000046,0,-799.9999993,0,0.1275680328,0,11.90249115,0,1.526668245,0,4.012425539e-09,0,2.253787863e-07,0,-4.027818833e-08,0,1.987273617e-08,0,0.1275680661,0,12.00000048,-0.6854041152,0,0,0.6140593696,0
2.35,28.20000047,0,-799.9999993,0,0.1275680328,0,11.90249115,0,1.526668244,0,4.210749489e-09,0,2.240029469e-07,0,-4.011699107e-08,0,1.979182478e-08,0,0.1275680661,0,12.00000048,-0.6854041152,0,0,0.6140593696,0
2.36,28.32000047,0,-799.9999993,0,0.1275680329,0,11.90249115,0,1.526668244,0,4.408257471e-09,0,2.226127366e-07,0,-3.995300565e-08,0,1.970954435e-08,0,0.127568066,0,12.00000048,-0.6854041152,0,0,0.6140593696,0
2.37,28.44000048,0,-799.9999993,0,0.1275680329,0,11.90249115,0,1.526668244,0,4.604935841e-09,0,2.212082981e-07,0,-3.978626655e-08,0,1.962590434e-08,0,0.1275680659,0,12.00000048,-0.6854041152,0,0,0.6140593696,0
2.38,28.56000048,0,-799.9999992,0,0.127568033,0,11.90249116,0,1.526668243,0,4.800771054e-09,0,2.197897789e-07,0,-3.961677867e-08,0,1.954091491e-08,0,0.1275680659,0,12.00000049,-0.6854041152,0,0,0.6140593696,0
2.39,28.68000049,0,-799.9999992,0,0.127568033,0,11.90249116,0,1.526668243,0,4.995749674e-09,0,2.18357325e-07,0,-3.944457227e-08,0,1.945458684e-08,0,0.1275680658,0,12.00000049,-0.6854041152,0,0,0.6140593696,0
2.4,28.80000049,0,-799.9999992,0,0.1275680331,0,11.90249116,0,1.526668242,0,5.189858358e-09,0,2.169110833e-07,0,-3.92696605e-08,0,1.936692958e-08,0,0.1275680658,0,12.00000049,-0.6854041152,0,0,0.6140593696,0
2.41,28.9200005,0,-799.9999992,0,0.1275680331,0,11.90249116,0,1.526668242,0,5.383083858e-09,0,2.154512016e-07,0,-3.90920767e-08,0,1.927795236e-08,0,0.1275680657,0,12.00000049,-0.6854041152,0,0,0.6140593696,0
2.42,29.0400005,0,-799.9999992,0,0.1275680332,0,11.90249116,0,1.526668242,0,5.575413039e-09,0,2.139778287e-07,0,-3.891182444e-08,0,1.91876679e-08,0,0.1275680657,0,12.00000049,-0.6854041152,0,0,0.6140593696,0
2.43,29.16000051,0,-799.9999992,0,0.1275680332,0,11.90249117,0,1.526668241,0,5.766832873e-09,0,2.124911147e-07,0,-3.872893267e-08,0,1.909608387e-08,0,0.1275680656,0,12.0000005,-0.6854041152,0,0,0.6140593696,0
2.44,29.28000051,0,-799.9999992,0,0.1275680333,0,11.90249117,0,1.526668241,0,5.957330425e-09,0,2.109912086e-07,0,-3.854342212e-08,0,1.90032121e-08,0,0.1275680656,0,12.0000005,-0.6854041152,0,0,0.6140593696,0
2.45,29.40000052,0,-799.9999992,0,0.1275680334,0,11.90249117,0,1.52666824,0,6.146892858e-09,0,2.094782631e-07,0,-3.835531589e-08,0,1.890906283e-08,0,0.1275680655,0,12.0000005,-0.6854041152,0,0,0.6140593696,0
2.46,29.52000052,0,-799.9999992,0,0.1275680334,0,11.90249117,0,1.52666824,0,6.335507457e-09,0,2.079524278e-07,0,-3.816463034e-08,0,1.881364723e-08,0,0.1275680654,0,12.0000005,-0.6854041152,0,0,0.6140593696,0
2.47,29.64000053,0,-799.9999992,0,0.1275680335,0,11.90249118,0,1.52666824,0,6.523161607e-09,0,2.064138556e-07,0,-3.79713966e-08,0,1.871697377e-08,0,0.1275680654,0,12.0000005,-0.6854041152,0,0,0.6140593696,0
2.48,29.76000053,0,-799.9999992,0,0.1275680336,0,11.90249118,0,1.526668239,0,6.709842791e-09,0,2.048626986e-07,0,-3.777562332e-08,0,1.861905639e-08,0,0.1275680653,0,12.00000051,-0.6854041152,0,0,0.6140593696,0
2.49,29.88000054,0,-799.9999992,0,0.1275680336,0,11.90249118,0,1.526668239,0,6.895538609e-09,0,2.032991111e-07,0,-3.75773373e-08,0,1.851990317e-08,0,0.1275680653,0,12.00000051,-0.6854041152,0,0,0.6140593696,0
2.5,30.00000054,0,-799.9999992,0,0.1275680337,0,11.90249118,0,1.526668239,0,7.080236777e-09,0,2.017232468e-07,0,-3.737656395e-08,0,1.841952667e-08,0,0.1275680652,0,12.00000051,-0.6854041152,0,0,0.6140593696,0
2.51,30.12000055,0,-799.9999992,0,0.1275680338,0,11.90249118,0,1.526668238,0,7.263925103e-09,0,2.00135259e-07,0,-3.717332403e-08,0,1.831793753e-08,0,0.1275680652,0,12.00000051,-0.6854041152,0,0,0.6140593696,0
2.52,30.24000055,0,-799.9999992,0,0.1275680338,0,11.90249119,0,1.526668238,0,7.446591519e-09,0,1.985353049e-07,0,-3.696763332e-08,0,1.821514598e-08,0,0.1275680651,0,12.00000051,-0.6854041152,0,0,0.6140593696,0
2.53,30.36000056,0,-799.9999992,0,0.1275680339,0,11.90249119,0,1.526668237,0,7.628224057e-09,0,1.969235387e-07,0,-3.675951877e-08,0,1.811116323e-08,0,0.1275680651,0,12.00000052,-0.6854041152,0,0,0.6140593696,0
2.54,30.48000056,0,-799.9999992,0,0.127568034,0,11.90249119,0,1.526668237,0,7.808810863e-09,0,1.95300117e-07,0,-3.654901135e-08,0,1.800600204e-08,0,0.127568065,0,12.00000052,-0.6854041152,0,0,0.6140593696,0
2.55,30.60000057,0,-799.9999992,0,0.1275680341,0,11.90249119,0,1.526668237,0,7.9883402e-09,0,1.93665197e-07,0,-3.633611754e-08,0,1.789967153e-08,0,0.127568065,0,12.00000052,-0.6854041152,0,0,0.6140593696,0
2.56,30.72000057,0,-799.9999992,0,0.1275680341,0,11.90249119,0,1.526668236,0,8.166800435e-09,0,1.920189352e-07,0,-3.612087275e-08,0,1.779218373e-08,0,0.1275680649,0,12.00000052,-0.6854041152,0,0,0.6140593696,0
2.57,30.84000058,0,-799.9999992,0,0.1275680342,0,11.9024912,0,1.526668236,0,8.344180057e-09,0,1.903614908e-07,0,-3.590328436e-08,0,1.768355077e-08,0,0.1275680649,0,12.00000052,-0.6854041152,0,0,0.6140593696,0
2.58,30.96000058,0,-799.9999992,0,0.1275680343,0,11.9024912,0,1.526668236,0,8.520467665e-09,0,1.886930213e-07,0,-3.568339565e-08,0,1.757378208e-08,0,0.1275680648,0,12.00000052,-0.6854041152,0,0,0.6140593696,0
2.59,31.08000059,0,-799.9999992,0,0.1275680344,0,11.9024912,0,1.526668235,0,8.695651968e-09,0,1.870136859e-07,0,-3.546121491e-08,0,1.746289104e-08,0,0.1275680648,0,12.00000053,-0.6854041152,0,0,0.6140593696,0
2.6,31.20000059,0,-799.9999992,0,0.1275680345,0,11.9024912,0,1.526668235,0,8.869721788e-09,0,1.853236437e-07,0,-3.523676683e-08,0,1.735088816e-08,0,0.1275680647,0,12.00000053,-0.6854041152,0,0,0.6140593696,0
2.61,31.3200006,0,-799.9999992,0,0.1275680346,0,11.9024912,0,1.526668235,0,9.042666073e-09,0,1.836230541e-07,0,-3.501008527e-08,0,1.723778609e-08,0,0.1275680647,0,12.00000053,-0.6854041152,0,0,0.6140593696,0
2.62,31.4400006,0,-799.9999992,0,0.1275680347,0,11.9024912,0,1.526668234,0,9.214473877e-09,0,1.819120774e-07,0,-3.478117792e-08,0,1.712359559e-08,0,0.1275680646,0,12.00000053,-0.6854041152,0,0,0.6140593696,0
2.63,31.56000061,0,-799.9999992,0,0.1275680348,0,11.90249121,0,1.526668234,0,9.385134383e-09,0,1.801908752e-07,0,-3.455008473e-08,0,1.700832732e-08,0,0.1275680646,0,12.00000053,-0.6854041152,0,0,0.6140593696,0
2.64,31.68000061,0,-799.9999991,0,0.1275680349,0,11.90249121,0,1.526668234,0,9.554636876e-09,0,1.784596074e-07,0,-3.431681244e-08,0,1.689199375e-08,0,0.1275680645,0,12.00000054,-0.6854041152,0,0,0.6140593696,0
2.65,31.80000062,0,-799.9999991,0,0.127568035,0,11.90249121,0,1.526668233,0,9.722970762e-09,0,1.767184366e-07,0,-3.408139654e-08,0,1.677460834e-08,0,0.1275680645,0,12.00000054,-0.6854041152,0,0,0.6140593696,0
2.66,31.92000063,0,-799.9999991,0,0.1275680351,0,11.90249121,0,1.526668233,0,9.890125578e-09,0,1.749675227e-07,0,-3.384386209e-08,0,1.665618239e-08,0,0.1275680644,0,12.00000054,-0.6854041152,0,0,0.6140593696,0
2.67,32.04000063,0,-799.9999991,0,0.1275680352,0,11.90249121,0,1.526668233,0,1.005609097e-08,0,1.732070304e-07,0,-3.360422227e-08,0,1.653672508e-08,0,0.1275680644,0,12.00000054,-0.6854041152,0,0,0.6140593696,0
2.68,32.16000064,0,-799.9999991,0,0.1275680353,0,11.90249122,0,1.526668232,0,1.022085669e-08,0,1.714371219e-07,0,-3.336250829e-08,0,1.641625052e-08,0,0.1275680644,0,12.00000054,-0.6854041152,0,0,0.6140593696,0
2.69,32.28000064,0,-799.9999991,0,0.1275680354,0,11.90249122,0,1.526668232,0,1.038441263e-08,0,1.696579586e-07,0,-3.311874641e-08,0,1.629477058e-08,0,0.1275680643,0,12.00000054,-0.6854041152,0,0,0.6140593696,0
2.7,32.40000065,0,-799.9999991,0,0.1275680355,0,11.90249122,0,1.526668232,0,1.05467488e-08,0,1.678697047e-07,0,-3.287295441e-08,0,1.617229722e-08,0,0.1275680643,0,12.00000055,-0.6854041152,0,0,0.6140593696,0
2.71,32.52000065,0,-799.9999991,0,0.1275680356,0,11.90249122,0,1.526668231,0,1.070785531e-08,0,1.660725236e-07,0,-3.262515917e-08,0,1.604884318e-08,0,0.1275680642,0,12.00000055,-0.6854041152,0,0,0.6140593696,0
2.72,32.64000066,0,-799.9999991,0,0.1275680357,0,11.90249122,0,1.526668231,0,1.086772243e-08,0,1.642665798e-07,0,-3.237538966e-08,0,1.592441972e-08,0,0.1275680642,0,12.00000055,-0.6854041152,0,0,0.6140593696,0
2.73,32.76000066,0,-799.9999991,0,0.1275680358,0,11.90249122,0,1.526668231,0,1.102634053e-08,0,1.624520366e-07,0,-3.212366451e-08,0,1.579903999e-08,0,0.1275680641,0,12.00000055,-0.6854041152,0,0,0.6140593696,0
2.74,32.88000067,0,-799.9999991,0,0.1275680359,0,11.90249123,0,1.52666823,0,1.118370008e-08,0,1.606290597e-07,0,-3.187001532e-08,0,1.567271458e-08,0,0.1275680641,0,12.00000055,-0.6854041152,0,0,0.6140593696,0
2.75,33.00000067,0,-799.9999991,0,0.127568036,0,11.90249123,0,1.52666823,0,1.133979172e-08,0,1.587978125e-07,0,-3.161445426e-08,0,1.554545708e-08,0,0.127568064,0,12.00000055,-0.6854041152,0,0,0.6140593696,0
2.76,33.12000068,0,-799.9999991,0,0.1275680361,0,11.90249123,0,1.52666823,0,1.149460616e-08,0,1.5695846e-07,0,-3.135702059e-08,0,1.541728057e-08,0,0.127568064,0,12.00000056,-0.6854041152,0,0,0.6140593696,0
2.77,33.24000069,0,-799.9999991,0,0.1275680362,0,11.90249123,0,1.526668229,0,1.16481343e-08,0,1.55111169e-07,0,-3.109773232e-08,0,1.528819541e-08,0,0.127568064,0,12.00000056,-0.6854041152,0,0,0.6140593696,0
2.78,33.36000069,0,-799.9999991,0,0.1275680364,0,11.90249123,0,1.526668229,0,1.18003671e-08,0,1.532561038e-07,0,-3.083661153e-08,0,1.515821514e-08,0,0.1275680639,0,12.00000056,-0.6854041152,0,0,0.6140593696,0
2.79,33.4800007,0,-799.9999991,0,0.1275680365,0,11.90249123,0,1.526668229,0,1.195129567e-08,0,1.513934301e-07,0,-3.057369486e-08,0,1.502735238e-08,0,0.1275680639,0,12.00000056,-0.6854041152,0,0,0.6140593696,0
2.8,33.6000007,0,-799.9999991,0,0.1275680366,0,11.90249123,0,1.526668228,0,1.210091124e-08,0,1.495233148e-07,0,-3.030899776e-08,0,1.48956192e-08,0,0.1275680638,0,12.00000056,-0.6854041152,0,0,0.6140593696,0
2.81,33.72000071,0,-799.9999991,0,0.1275680367,0,11.90249124,0,1.526668228,0,1.22492052e-08,0,1.476459227e-07,0,-3.00425413e-08,0,1.476302822e-08,0,0.1275680638,0,12.00000056,-0.6854041152,0,0,0.6140593696,0
2.82,33.84000071,0,-799.9999991,0,0.1275680368,0,11.90249124,0,1.526668228,0,1.239616899e-08,0,1.457614204e-07,0,-2.977436125e-08,0,1.462959157e-08,0,0.1275680638,0,12.00000056,-0.6854041152,0,0,0.6140593696,0
2.83,33.96000072,0,-799.9999991,0,0.127568037,0,11.90249124,0,1.526668227,0,1.254179426e-08,0,1.43869975e-07,0,-2.950447031e-08,0,1.449532326e-08,0,0.1275680637,0,12.00000057,-0.6854041152,0,0,0.6140593696,0
2.84,34.08000073,0,-799.9999991,0,0.1275680371,0,11.90249124,0,1.526668227,0,1.268607273e-08,0,1.419717523e-07,0,-2.923291174e-08,0,1.436023496e-08,0,0.1275680637,0,12.00000057,-0.6854041152,0,0,0.6140593696,0
2.85,34.20000073,0,-799.9999991,0,0.1275680372,0,11.90249124,0,1.526668227,0,1.282899627e-08,0,1.400669191e-07,0,-2.895969885e-08,0,1.422433906e-08,0,0.1275680636,0,12.00000057,-0.6854041152,0,0,0.6140593696,0
2.86,34.32000074,0,-799.9999991,0,0.1275680373,0,11.90249124,0,1.526668227,0,1.297055686e-08,0,1.381556428e-07,0,-2.868485428e-08,0,1.408764815e-08,0,0.1275680636,0,12.00000057,-0.6854041152,0,0,0.6140593696,0
2.87,34.44000074,0,-799.9999991,0,0.1275680375,0,11.90249124,0,1.526668226,0,1.311074663e-08,0,1.362380889e-07,0,-2.840842023e-08,0,1.395017667e-08,0,0.1275680636,0,12.00000057,-0.6854041152,0,0,0.6140593696,0
2.88,34.56000075,0,-799.9999991,0,0.1275680376,0,11.90249125,0,1.526668226,0,1.324955783e-08,0,1.343144262e-07,0,-2.81304072e-08,0,1.381193532e-08,0,0.1275680635,0,12.00000057,-0.6854041152,0,0,0.6140593696,0
2.89,34.68000075,0,-799.9999991,0,0.1275680377,0,11.90249125,0,1.526668226,0,1.338698283e-08,0,1.323848206e-07,0,-2.785084036e-08,0,1.367293833e-08,0,0.1275680635,0,12.00000057,-0.6854041152,0,0,0.6140593696,0
2.9,34.80000076,0,-799.9999991,0,0.1275680379,0,11.90249125,0,1.526668225,0,1.352301412e-08,0,1.304494393e-07,0,-2.756975741e-08,0,1.353319797e-08,0,0.1275680634,0,12.00000057,-0.6854041152,0,0,0.6140593696,0
2.91,34.92000077,0,-799.9999991,0,0.127568038,0,11.90249125,0,1.526668225,0,1.365764436e-08,0,1.285084492e-07,0,-2.728717489e-08,0,1.339272785e-08,0,0.1275680634,0,12.00000058,-0.6854041152,0,0,0.6140593696,0
2.92,35.04000077,0,-799.9999991,0,0.1275680381,0,11.90249125,0,1.526668225,0,1.379086628e-08,0,1.265620187e-07,0,-2.700312043e-08,0,1.325153835e-08,0,0.1275680634,0,12.00000058,-0.6854041152,0,0,0.6140593696,0
2.93,35.16000078,0,-799.9999991,0,0.1275680383,0,11.90249125,0,1.526668225,0,1.392267278e-08,0,1.246103143e-07,0,-2.67176237e-08,0,1.310964644e-08,0,0.1275680633,0,12.00000058,-0.6854041152,0,0,0.6140593696,0
2.94,35.28000078,0,-799.9999991,0,0.1275680384,0,11.90249125,0,1.526668224,0,1.405305689e-08,0,1.226535025e-07,0,-2.643070896e-08,0,1.296706136e-08,0,0.1275680633,0,12.00000058,-0.6854041152,0,0,0.6140593696,0
2.95,35.40000079,0,-799.999999,0,0.1275680386,0,11.90249125,0,1.526668224,0,1.418201175e-08,0,1.206917523e-07,0,-2.614239932e-08,0,1.282379713e-08,0,0.1275680633,0,12.00000058,-0.6854041152,0,0,0.6140593696,0
2.96,35.52000079,0,-799.999999,0,0.1275680387,0,11.90249126,0,1.526668224,0,1.430953063e-08,0,1.187252292e-07,0,-2.585272678e-08,0,1.267986808e-08,0,0.1275680632,0,12.00000058,-0.6854041152,0,0,0.6140593696,0
2.97,35.6400008,0,-799.999999,0,0.1275680389,0,11.90249126,0,1.526668224,0,1.443560694e-08,0,1.167541013e-07,0,-2.556171117e-08,0,1.253528688e-08,0,0.1275680632,0,12.00000058,-0.6854041152,0,0,0.6140593696,0
2.98,35.76000081,0,-799.999999,0,0.127568039,0,11.90249126,0,1.526668223,0,1.456023423e-08,0,1.14778536e-07,0,-2.52693814e-08,0,1.239006467e-08,0,0.1275680632,0,12.00000058,-0.6854041152,0,0,0.6140593696,0
2.99,35.88000081,0,-799.999999,0,0.1275680391,0,11.90249126,0,1.526668223,0,1.468340616e-08,0,1.127986991e-07,0,-2.497576676e-08,0,1.224421664e-08,0,0.1275680631,0,12.00000059,-0.6854041152,0,0,0.6140593696,0
3,36.00000082,0,-799.999999,0,0.1275680393,0,11.90249126,0,1.526668223,0,1.480511652e-08,0,1.108147592e-07,0,-2.468088947e-08,0,1.209775544e-08,0,0.1275680631,0,12.00000059,-0.6854041152,0,0,0.6140593696,0
3.01,36.12000082,0,-799.999999,0,0.1275680394,0,11.90249126,0,1.526668223,0,1.492535926e-08,0,1.08826882e-07,0,-2.438477735e-08,0,1.195069364e-08,0,0.1275680631,0,12.00000059,-0.6854041152,0,0,0.6140593696,0
3.02,36.24000083,0,-799.999999,0,0.1275680396,0,11.90249126,0,1.526668222,0,1.504412843e-08,0,1.06835235e-07,0,-2.408746381e-08,0,1.180304358e-08,0,0.127568063,0,12.00000059,-0.6854041152,0,0,0.6140593696,0
3.03,36.36000083,0,-799.999999,0,0.1275680397,0,11.90249126,0,1.526668222,0,1.516141821e-08,0,1.048399852e-07,0,-2.378895588e-08,0,1.165482009e-08,0,0.127568063,0,12.00000059,-0.6854041152,0,0,0.6140593696,0
3.04,36.48000084,0,-799.999999,0,0.1275680399,0,11.90249126,0,1.526668222,0,1.527722295e-08,0,1.028412989e-07,0,-2.348929787e-08,0,1.150603479e-08,0,0.127568063,0,12.00000059,-0.6854041152,0,0,0.6140593696,0
3.05,36.60000085,0,-799.999999,0,0.12756804,0,11.90249127,0,1.526668222,0,1.539153709e-08,0,1.008393427e-07,0,-2.318851155e-08,0,1.135670196e-08,0,0.1275680629,0,12.00000059,-0.6854041152,0,0,0.6140593696,0
3.06,36.72000085,0,-799.999999,0,0.1275680402,0,11.90249127,0,1.526668221,0,1.550435521e-08,0,9.883428188e-08,0,-2.288662752e-08,0,1.120683351e-08,0,0.1275680629,0,12.00000059,-0.6854041152,0,0,0.6140593696,0
3.07,36.84000086,0,-799.999999,0,0.1275680404,0,11.90249127,0,1.526668221,0,1.561567202e-08,0,9.682628499e-08,0,-2.258366254e-08,0,1.105644412e-08,0,0.1275680629,0,12.00000059,-0.6854041152,0,0,0.6140593696,0
3.08,36.96000086,0,-799.999999,0,0.1275680405,0,11.90249127,0,1.526668221,0,1.57254824e-08,0,9.481551556e-08,0,-2.227965122e-08,0,1.090554585e-08,0,0.1275680629,0,12.00000059,-0.6854041152,0,0,0.6140593696,0
3.09,37.08000087,0,-799.999999,0,0.1275680407,0,11.90249127,0,1.526668221,0,1.583378129e-08,0,9.280214047e-08,0,-2.197461251e-08,0,1.075415273e-08,0,0.1275680628,0,12.00000059,-0.6854041152,0,0,0.6140593696,0
3.1,37.20000088,0,-799.999999,0,0.1275680408,0,11.90249127,0,1.526668221,0,1.594056383e-08,0,9.078632571e-08,0,-2.166858506e-08,0,1.060227593e-08,0,0.1275680628,0,12.0000006,-0.6854041152,0,0,0.6140593696,0
3.11,37.32000088,0,-799.999999,0,0.127568041,0,11.90249127,0,1.52666822,0,1.604582525e-08,0,8.876823598e-08,0,-2.13615846e-08,0,1.044993181e-08,0,0.1275680628,0,12.0000006,-0.6854041152,0,0,0.6140593696,0
3.12,37.44000089,0,-799.999999,0,0.1275680412,0,11.90249127,0,1.52666822,0,1.614956094e-08,0,8.674803732e-08,0,-2.105364304e-08,0,1.029712983e-08,0,0.1275680627,0,12.0000006,-0.6854041152,0,0,0.6140593696,0
3.13,37.56000089,0,-799.999999,0,0.1275680413,0,11.90249127,0,1.52666822,0,1.625176639e-08,0,8.472589424e-08,0,-2.074478196e-08,0,1.01438861e-08,0,0.1275680627,0,12.0000006,-0.6854041152,0,0,0.6140593696,0
3.14,37.6800009,0,-799.999999,0,0.1275680415,0,11.90249127,0,1.52666822,0,1.635243724e-08,0,8.270197196e-08,0,-2.043503197e-08,0,9.990213702e-09,0,0.1275680627,0,12.0000006,-0.6854041152,0,0,0.6140593696,0
3.15,37.80000091,0,-799.999999,0,0.1275680416,0,11.90249127,0,1.52666822,0,1.645156927e-08,0,8.067643366e-08,0,-2.012442555e-08,0,9.836124166e-09,0,0.1275680627,0,12.0000006,-0.6854041152,0,0,0.6140593696,0
3.16,37.92000091,0,-799.999999,0,0.1275680418,0,11.90249128,0,1.526668219,0,1.654915838e-08,0,7.864944416e-08,0,-1.981297599e-08,0,9.681631873e-09,0,0.1275680626,0,12.0000006,-0.6854041152,0,0,0.6140593696,0
3.17,38.04000092,0,-799.999999,0,0.127568042,0,11.90249128,0,1.526668219,0,1.664520061e-08,0,7.662116782e-08,0,-1.950072507e-08,0,9.52674964e-09,0,0.1275680626,0,12.0000006,-0.6854041152,0,0,0.6140593696,0
3.18,38.16000092,0,-799.999999,0,0.1275680421,0,11.90249128,0,1.526668219,0,1.673969213e-08,0,7.459176837e-08,0,-1.918767938e-08,0,9.371491396e-09,0,0.1275680626,0,12.0000006,-0.6854041152,0,0,0.6140593696,0
3.19,38.28000093,0,-799.999999,0,0.1275680423,0,11.90249128,0,1.526668219,0,1.683262923e-08,0,7.256140777e-08,0,-1.8873883e-08,0,9.215869893e-09,0,0.1275680626,0,12.0000006,-0.6854041152,0,0,0.6140593696,0
3.2,38.40000094,0,-799.999999,0,0.1275680425,0,11.90249128,0,1.526668219,0,1.692400834e-08,0,7.053025046e-08,0,-1.855936583e-08,0,9.059897923e-09,0,0.1275680626,0,12.0000006,-0.6854041152,0,0,0.6140593696,0
3.21,38.52000094,0,-799.999999,0,0.1275680426,0,11.90249128,0,1.526668218,0,1.701382605e-08,0,6.849845797e-08,0,-1.824413676e-08,0,8.903588969e-09,0,0.1275680625,0,12.0000006,-0.6854041152,0,0,0.6140593696,0
3.22,38.64000095,0,-799.999999,0,0.1275680428,0,11.90249128,0,1.526668218,0,1.710207904e-08,0,6.646619348e-08,0,-1.792823523e-08,0,8.74695574e-09,0,0.1275680625,0,12.0000006,-0.6854041152,0,0,0.6140593696,0
3.23,38.76000095,0,-799.999999,0,0.127568043,0,11.90249128,0,1.526668218,0,1.718876414e-08,0,6.443361814e-08,0,-1.76116865e-08,0,8.590012306e-09,0,0.1275680625,0,12.00000061,-0.6854041152,0,0,0.6140593696,0
3.24,38.88000096,0,-799.999999,0,0.1275680432,0,11.90249128,0,1.526668218,0,1.72738783e-08,0,6.240089446e-08,0,-1.729451085e-08,0,8.432770563e-09,0,0.1275680625,0,12.00000061,-0.6854041152,0,0,0.6140593696,0
3.25,39.00000097,0,-799.999999,0,0.1275680433,0,11.90249128,0,1.526668218,0,1.735741861e-08,0,6.036818233e-08,0,-1.697673761e-08,0,8.275245368e-09,0,0.1275680624,0,12.00000061,-0.6854041152,0,0,0.6140593696,0
3.26,39.12000097,0,-799.999999,0,0.1275680435,0,11.90249128,0,1.526668217,0,1.743938229e-08,0,5.833564474e-08,0,-1.665839979e-08,0,8.117447754e-09,0,0.1275680624,0,12.00000061,-0.6854041152,0,0,0.6140593696,0
3.27,39.24000098,0,-799.999999,0,0.1275680437,0,11.90249128,0,1.526668217,0,1.751976671e-08,0,5.630343851e-08,0,-1.633952006e-08,0,7.959392508e-09,0,0.1275680624,0,12.00000061,-0.6854041152,0,0,0.6140593696,0
3.28,39.36000098,0,-799.999999,0,0.1275680439,0,11.90249128,0,1.526668217,0,1.759856934e-08,0,5.427172735e-08,0,-1.602012122e-08,0,7.801093053e-09,0,0.1275680624,0,12.00000061,-0.6854041152,0,0,0.6140593696,0
3.29,39.48000099,0,-799.999999,0,0.127568044,0,11.90249128,0,1.526668217,0,1.76757878e-08,0,5.224066853e-08,0,-1.570023338e-08,0,7.642561807e-09,0,0.1275680624,0,12.00000061,-0.6854041152,0,0,0.6140593696,0
3.3,39.600001,0,-799.999999,0,0.1275680442,0,11.90249128,0,1.526668217,0,1.775141984e-08,0,5.021042161e-08,0,-1.537988331e-08,0,7.483812318e-09,0,0.1275680623,0,12.00000061,-0.6854041152,0,0,0.6140593696,0
3.31,39.720001,0,-799.999999,0,0.1275680444,0,11.90249129,0,1.526668217,0,1.782546336e-08,0,4.818114523e-08,0,-1.50590962e-08,0,7.324857008e-09,0,0.1275680623,0,12.00000061,-0.6854041152,0,0,0.6140593696,0
3.32,39.84000101,0,-799.999999,0,0.1275680446,0,11.90249129,0,1.526668217,0,1.789791635e-08,0,4.615299831e-08,0,-1.473789048e-08,0,7.165708565e-09,0,0.1275680623,0,12.00000061,-0.6854041152,0,0,0.6140593696,0
3.33,39.96000102,0,-799.999999,0,0.1275680447,0,11.90249129,0,1.526668216,0,1.796877694e-08,0,4.41261376e-08,0,-1.441631148e-08,0,7.006381728e-09,0,0.1275680623,0,12.00000061,-0.6854041152,0,0,0.6140593696,0
3.34,40.08000102,0,-799.9999989,0,0.1275680449,0,11.90249129,0,1.526668216,0,1.803804341e-08,0,4.210072003e-08,0,-1.409437611e-08,0,6.846887611e-09,0,0.1275680623,0,12.00000061,-0.6854041152,0,0,0.6140593696,0
3.35,40.20000103,0,-799.9999989,0,0.1275680451,0,11.90249129,0,1.526668216,0,1.810571417e-08,0,4.007690437e-08,0,-1.377210339e-08,0,6.687240165e-09,0,0.1275680623,0,12.00000061,-0.6854041152,0,0,0.6140593696,0
3.36,40.32000103,0,-799.9999989,0,0.1275680453,0,11.90249129,0,1.526668216,0,1.817178775e-08,0,3.805484451e-08,0,-1.344952505e-08,0,6.527453463e-09,0,0.1275680622,0,12.00000061,-0.6854041152,0,0,0.6140593696,0
3.37,40.44000104,0,-799.9999989,0,0.1275680455,0,11.90249129,0,1.526668216,0,1.823626281e-08,0,3.603469793e-08,0,-1.312667297e-08,0,6.367538562e-09,0,0.1275680622,0,12.00000061,-0.6854041152,0,0,0.6140593696,0
3.38,40.56000105,0,-799.9999989,0,0.1275680457,0,11.90249129,0,1.526668216,0,1.829913814e-08,0,3.401661768e-08,0,-1.280356508e-08,0,6.207509145e-09,0,0.1275680622,0,12.00000061,-0.6854041152,0,0,0.6140593696,0
3.39,40.68000105,0,-799.9999989,0,0.1275680458,0,11.90249129,0,1.526668216,0,1.836041265e-08,0,3.200076063e-08,0,-1.248023382e-08,0,6.047377747e-09,0,0.1275680622,0,12.00000061,-0.6854041152,0,0,0.6140593696,0
3.4,40.80000106,0,-799.9999989,0,0.127568046,0,11.90249129,0,1.526668215,0,1.84200854e-08,0,2.998727922e-08,0,-1.215669586e-08,0,5.887159107e-09,0,0.1275680622,0,12.00000061,-0.6854041152,0,0,0.6140593696,0
3.41,40.92000106,0,-799.9999989,0,0.1275680462,0,11.90249129,0,1.526668215,0,1.847815557e-08,0,2.797632857e-08,0,-1.183299287e-08,0,5.726864017e-09,0,0.1275680622,0,12.00000061,-0.6854041152,0,0,0.6140593696,0
3.42,41.04000107,0,-799.9999989,0,0.1275680464,0,11.90249129,0,1.526668215,0,1.853462246e-08,0,2.596805985e-08,0,-1.150913497e-08,0,5.566505861e-09,0,0.1275680622,0,12.00000061,-0.6854041152,0,0,0.6140593696,0
3.43,41.16000108,0,-799.9999989,0,0.1275680466,0,11.90249129,0,1.526668215,0,1.858948552e-08,0,2.396262624e-08,0,-1.118515537e-08,0,5.406097802e-09,0,0.1275680622,0,12.00000061,-0.6854041152,0,0,0.6140593696,0
3.44,41.28000108,0,-799.9999989,0,0.1275680468,0,11.90249129,0,1.526668215,0,1.864274429e-08,0,2.196017963e-08,0,-1.08610843e-08,0,5.245653413e-09,0,0.1275680621,0,12.00000061,-0.6854041152,0,0,0.6140593696,0
3.45,41.40000109,0,-799.9999989,0,0.1275680469,0,11.90249129,0,1.526668215,0,1.869439849e-08,0,1.996087145e-08,0,-1.053694125e-08,0,5.085183713e-09,0,0.1275680621,0,12.00000061,-0.6854041152,0,0,0.6140593696,0
3.46,41.5200011,0,-799.9999989,0,0.1275680471,0,11.90249129,0,1.526668215,0,1.874444793e-08,0,1.796485187e-08,0,-1.021275505e-08,0,4.924703738e-09,0,0.1275680621,0,12.00000061,-0.6854041152,0,0,0.6140593696,0
3.47,41.6400011,0,-799.9999989,0,0.1275680473,0,11.90249129,0,1.526668215,0,1.879289256e-08,0,1.597226974e-08,0,-9.888542236e-09,0,4.764224015e-09,0,0.1275680621,0,12.00000061,-0.6854041152,0,0,0.6140593696,0
3.48,41.76000111,0,-799.9999989,0,0.1275680475,0,11.90249129,0,1.526668215,0,1.883973245e-08,0,1.398327571e-08,0,-9.564346446e-09,0,4.603757408e-09,0,0.1275680621,0,12.00000061,-0.6854041152,0,0,0.6140593696,0
3.49,41.88000111,0,-799.9999989,0,0.1275680477,0,11.90249129,0,1.526668214,0,1.88849678e-08,0,1.199801869e-08,0,-9.240177682e-09,0,4.443317736e-09,0,0.1275680621,0,12.00000061,-0.6854041152,0,0,0.6140593696,0
3.5,42.00000112,0,-799.9999989,0,0.1275680479,0,11.90249129,0,1.526668214,0,1.892859894e-08,0,1.001664518e-08,0,-8.916064035e-09,0,4.282916935e-09,0,0.1275680621,0,12.00000062,-0.6854041152,0,0,0.6140593696,0
3.51,42.12000113,0,-799.9999989,0,0.1275680481,0,11.90249129,0,1.526668214,0,1.897062632e-08,0,8.039303703e-09,0,-8.592044559e-09,0,4.122568281e-09,0,0.1275680621,0,12.00000062,-0.6854041152,0,0,0.6140593696,0
3.52,42.24000113,0,-799.9999989,0,0.1275680483,0,11.90249129,0,1.526668214,0,1.901105053e-08,0,6.066140578e-09,0,-8.2681247e-09,0,3.962283602e-09,0,0.1275680621,0,12.00000062,-0.6854041152,0,0,0.6140593696,0
3.53,42.36000114,0,-799.9999989,0,0.1275680485,0,11.90249129,0,1.526668214,0,1.904987226e-08,0,4.097302176e-09,0,-7.944344106e-09,0,3.802076116e-09,0,0.1275680621,0,12.00000062,-0.6854041152,0,0,0.6140593696,0
3.54,42.48000114,0,-799.9999989,0,0.1275680487,0,11.90249129,0,1.526668214,0,1.908709234e-08,0,2.132932448e-09,0,-7.620714202e-09,0,3.641956303e-09,0,0.1275680621,0,12.00000062,-0.6854041152,0,0,0.6140593696,0
3.55,42.60000115,0,-799.9999989,0,0.1275680488,0,11.90249129,0,1.526668214,0,1.912271173e-08,0,1.731758247e-10,0,-7.297282307e-09,0,3.481940111e-09,0,0.127568062,0,12.00000062,-0.6854041152,0,0,0.6140593696,0
3.56,42.72000116,0,-799.9999989,0,0.127568049,0,11.90249129,0,1.526668214,0,1.915673152e-08,0,-1.781821476e-09,0,-6.974054976e-09,0,3.322037444e-09,0,0.127568062,0,12.00000062,-0.6854041152,0,0,0.6140593696,0
3.57,42.84000116,0,-799.9999989,0,0.1275680492,0,11.90249129,0,1.526668214,0,1.91891529e-08,0,-3.731918735e-09,0,-6.651064094e-09,0,3.162261669e-09,0,0.127568062,0,12.00000062,-0.6854041152,0,0,0.6140593696,0
3.58,42.96000117,0,-799.9999989,0,0.1275680494,0,11.90249129,0,1.526668214,0,1.921997721e-08,0,-5.676973209e-09,0,-6.328332928e-09,0,3.002623843e-09,0,0.127568062,0,12.00000062,-0.6854041152,0,0,0.6140593696,0
3.59,43.08000118,0,-799.9999989,0,0.1275680496,0,11.90249129,0,1.526668214,0,1.924920589e-08,0,-7.616842993e-09,0,-6.005885166e-09,0,2.843138478e-09,0,0.127568062,0,12.00000062,-0.6854041152,0,0,0.6140593696,0
3.6,43.20000118,0,-799.9999989,0,0.1275680498,0,11.90249129,0,1.526668214,0,1.927684052e-08,0,-9.551386171e-09,0,-5.683748172e-09,0,2.683815091e-09,0,0.127568062,0,12.00000061,-0.6854041152,0,0,0.6140593696,0
3.61,43.32000119,0,-799.9999989,0,0.12756805,0,11.90249129,0,1.526668214,0,1.930288278e-08,0,-1.148046365e-08,0,-5.361946289e-09,0,2.524667691e-09,0,0.127568062,0,12.00000061,-0.6854041152,0,0,0.6140593696,0
3.62,43.44000119,0,-799.9999989,0,0.1275680502,0,11.90249129,0,1.526668214,0,1.932733449e-08,0,-1.340393633e-08,0,-5.040505837e-09,0,2.365707973e-09,0,0.127568062,0,12.00000061,-0.6854041152,0,0,0.6140593696,0
3.63,43.5600012,0,-799.9999989,0,0.1275680504,0,11.90249129,0,1.526668214,0,1.935019761e-08,0,-1.53216655e-08,0,-4.719446307e-09,0,2.206947979e-09,0,0.127568062,0,12.00000061,-0.6854041152,0,0,0.6140593696,0
3.64,43.68000121,0,-799.9999989,0,0.1275680506,0,11.90249129,0,1.526668213,0,1.937147417e-08,0,-1.723351419e-08,0,-4.398796621e-09,0,2.048401304e-09,0,0.127568062,0,12.00000061,-0.6854041152,0,0,0.6140593696,0
3.65,43.80000121,0,-799.9999989,0,0.1275680508,0,11.90249129,0,1.526668213,0,1.939116636e-08,0,-1.913934429e-08,0,-4.078578627e-09,0,1.890077406e-09,0,0.127568062,0,12.00000061,-0.6854041152,0,0,0.6140593696,0
3.66,43.92000122,0,-799.9999989,0,0.127568051,0,11.90249129,0,1.526668213,0,1.94092765e-08,0,-2.103901966e-08,0,-3.758816442e-09,0,1.731989857e-09,0,0.127568062,0,12.00000061,-0.6854041152,0,0,0.6140593696,0
3.67,44.04000122,0,-799.9999989,0,0.1275680512,0,11.90249129,0,1.526668213,0,1.942580699e-08,0,-2.293240564e-08,0,-3.439536526e-09,0,1.574149606e-09,0,0.127568062,0,12.00000061,-0.6854041152,0,0,0.6140593696,0
3.68,44.16000123,0,-799.9999989,0,0.1275680514,0,11.90249129,0,1.526668213,0,1.944076036e-08,0,-2.481936732e-08,0,-3.120767228e-09,0,1.416569065e-09,0,0.127568062,0,12.00000061,-0.6854041152,0,0,0.6140593696,0
3.69,44.28000124,0,-799.9999989,0,0.1275680515,0,11.90249129,0,1.526668213,0,1.945413927e-08,0,-2.669977133e-08,0,-2.80251776e-09,0,1.259260323e-09,0,0.127568062,0,12.00000061,-0.6854041152,0,0,0.6140593696,0
3.7,44.40000124,0,-799.9999989,0,0.1275680517,0,11.90249129,0,1.526668213,0,1.946594651e-08,0,-2.857348422e-08,0,-2.484826183e-09,0,1.102233819e-09,0,0.127568062,0,12.00000061,-0.6854041152,0,0,0.6140593696,0
3.71,44.52000125,0,-799.9999989,0,0.1275680519,0,11.90249129,0,1.526668213,0,1.947618495e-08,0,-3.044037562e-08,0,-2.167714977e-09,0,9.455043645e-10,0,0.127568062,0,12.00000061,-0.6854041152,0,0,0.6140593696,0
3.72,44.64000125,0,-799.9999989,0,0.1275680521,0,11.90249129,0,1.526668213,0,1.948485762e-08,0,-3.230031159e-08,0,-1.851196121e-09,0,7.890803101e-10,0,0.127568062,0,12.00000061,-0.6854041152,0,0,0.6140593696,0
3.73,44.76000126,0,-799.9999989,0,0.1275680523,0,11.90249129,0,1.526668213,0,1.949196763e-08,0,-3.415316544e-08,0,-1.535305376e-09,0,6.329757282e-10,0,0.127568062,0,12.00000061,-0.6854041152,0,0,0.6140593696,0
3.74,44.88000127,0,-799.9999989,0,0.1275680525,0,11.90249129,0,1.526668213,0,1.949751823e-08,0,-3.599880534e-08,0,-1.220062694e-09,0,4.772009007e-10,0,0.127568062,0,12.00000061,-0.6854041152,0,0,0.6140593696,0
3.75,45.00000127,0,-799.9999989,0,0.1275680527,0,11.90249129,0,1.526668213,0,1.950151278e-08,0,-3.78371043e-08,0,-9.05488586e-10,0,3.217675381e-10,0,0.127568062,0,12.00000061,-0.6854041152,0,0,0.6140593696,0
3.76,45.12000128,0,-799.9999989,0,0.1275680529,0,11.90249129,0,1.526668213,0,1.950395475e-08,0,-3.966793352e-08,0,-5.916108586e-10,0,1.666869572e-10,0,0.127568062,0,12.00000061,-0.6854041152,0,0,0.6140593696,0
3.77,45.24000129,0,-799.9999989,0,0.1275680531,0,11.90249129,0,1.526668213,0,1.950484773e-08,0,-4.149116723e-08,0,-2.78450887e-10,0,1.197063721e-11,0,0.127568062,0,12.00000061,-0.6854041152,0,0,0.6140593696,0
3.78,45.36000129,0,-799.9999989,0,0.1275680533,0,11.90249129,0,1.526668213,0,1.950419541e-08,0,-4.330667897e-08,0,3.396434241e-11,0,-1.423699103e-10,0,0.127568062,0,12.00000061,-0.6854041152,0,0,0.6140593696,0
3.79,45.4800013,0,-799.9999989,0,0.1275680535,0,11.90249129,0,1.526668213,0,1.950200162e-08,0,-4.511434423e-08,0,3.45625198e-10,0,-2.963236079e-10,0,0.127568062,0,12.00000061,-0.6854041152,0,0,0.6140593696,0
3.8,45.6000013,0,-799.9999989,0,0.1275680537,0,11.90249128,0,1.526668213,0,1.949827027e-08,0,-4.691403954e-08,0,6.564949137e-10,0,-4.498792445e-10,0,0.127568062,0,12.00000061,-0.6854041152,0,0,0.6140593696,0
3.81,45.72000131,0,-799.9999989,0,0.1275680539,0,11.90249128,0,1.526668213,0,1.949300541e-08,0,-4.870564139e-08,0,9.665575767e-10,0,-6.03024472e-10,0,0.127568062,0,12.00000061,-0.6854041152,0,0,0.6140593696,0
3.82,45.84000132,0,-799.9999989,0,0.1275680541,0,11.90249128,0,1.526668213,0,1.948621119e-08,0,-5.048902712e-08,0,1.275786245e-09,0,-7.557491144e-10,0,0.1275680621,0,12.00000061,-0.6854041152,0,0,0.6140593696,0
3.83,45.96000132,0,-799.9999989,0,0.1275680543,0,11.90249128,0,1.526668213,0,1.947789187e-08,0,-5.226407778e-08,0,1.584164176e-09,0,-9.080428453e-10,0,0.1275680621,0,12.00000061,-0.6854041152,0,0,0.6140593696,0
3.84,46.08000133,0,-799.9999989,0,0.1275680545,0,11.90249128,0,1.526668213,0,1.946805182e-08,0,-5.403067148e-08,0,1.891663356e-09,0,-1.059893524e-09,0,0.1275680621,0,12.00000061,-0.6854041152,0,0,0.6140593696,0
3.85,46.20000133,0,-799.9999989,0,0.1275680547,0,11.90249128,0,1.526668213,0,1.945669551e-08,0,-5.578868892e-08,0,2.198267869e-09,0,-1.211289752e-09,0,0.1275680621,0,12.00000061,-0.6854041152,0,0,0.6140593696,0
3.86,46.32000134,0,-799.9999989,0,0.1275680549,0,11.90249128,0,1.526668213,0,1.944382756e-08,0,-5.75380128e-08,0,2.503947237e-09,0,-1.362223152e-09,0,0.1275680621,0,12.00000061,-0.6854041152,0,0,0.6140593696,0
3.87,46.44000135,0,-799.9999989,0,0.1275680551,0,11.90249128,0,1.526668213,0,1.942945264e-08,0,-5.927852547e-08,0,2.808684373e-09,0,-1.512679926e-09,0,0.1275680621,0,12.00000061,-0.6854041152,0,0,0.6140593696,0
3.88,46.56000135,0,-799.9999989,0,0.1275680552,0,11.90249128,0,1.526668213,0,1.941357558e-08,0,-6.101011039e-08,0,3.112460223e-09,0,-1.662652087e-09,0,0.1275680621,0,12.0000006,-0.6854041152,0,0,0.6140593696,0
3.89,46.68000136,0,-799.9999989,0,0.1275680554,0,11.90249128,0,1.526668213,0,1.939620127e-08,0,-6.273265292e-08,0,3.415246128e-09,0,-1.812127222e-09,0,0.1275680621,0,12.0000006,-0.6854041152,0,0,0.6140593696,0
3.9,46.80000136,0,-799.9999989,0,0.1275680556,0,11.90249128,0,1.526668213,0,1.937733473e-08,0,-6.444603793e-08,0,3.717030748e-09,0,-1.961093879e-09,0,0.1275680621,0,12.0000006,-0.6854041152,0,0,0.6140593696,0
3.91,46.92000137,0,-799.9999989,0,0.1275680558,0,11.90249128,0,1.526668213,0,1.93569811e-08,0,-6.615015335e-08,0,4.01778282e-09,0,-2.109544201e-09,0,0.1275680621,0,12.0000006,-0.6854041152,0,0,0.6140593696,0
3.92,47.04000138,0,-799.9999989,0,0.127568056,0,11.90249128,0,1.526668213,0,1.933514561e-08,0,-6.784488682e-08,0,4.317488198e-09,0,-2.257465498e-09,0,0.1275680621,0,12.0000006,-0.6854041152,0,0,0.6140593696,0
3.93,47.16000138,0,-799.9999989,0,0.1275680562,0,11.90249128,0,1.526668214,0,1.931183359e-08,0,-6.953012458e-08,0,4.61611804e-09,0,-2.404848565e-09,0,0.1275680621,0,12.0000006,-0.6854041152,0,0,0.6140593696,0
3.94,47.28000139,0,-799.9999989,0,0.1275680564,0,11.90249128,0,1.526668214,0,1.928705048e-08,0,-7.120575969e-08,0,4.913657026e-09,0,-2.55168163e-09,0,0.1275680622,0,12.0000006,-0.6854041152,0,0,0.6140593696,0
3.95,47.40000139,0,-799.9999989,0,0.1275680566,0,11.90249128,0,1.526668214,0,1.926080181e-08,0,-7.287168181e-08,0,5.21008417e-09,0,-2.697957448e-09,0,0.1275680622,0,12.0000006,-0.6854041152,0,0,0.6140593696,0
3.96,47.5200014,0,-799.9999989,0,0.1275680568,0,11.90249128,0,1.526668214,0,1.923309324e-08,0,-7.452778255e-08,0,5.505374187e-09,0,-2.843661239e-09,0,0.1275680622,0,12.0000006,-0.6854041152,0,0,0.6140593696,0
3.97,47.64000141,0,-799.9999989,0,0.127568057,0,11.90249127,0,1.526668214,0,1.920393051e-08,0,-7.61739541e-08,0,5.79951035e-09,0,-2.988786431e-09,0,0.1275680622,0,12.0000006,-0.6854041152,0,0,0.6140593696,0
3.98,47.76000141,0,-799.9999989,0,0.1275680572,0,11.90249127,0,1.526668214,0,1.917331949e-08,0,-7.781009217e-08,0,6.092473484e-09,0,-3.133321449e-09,0,0.1275680622,0,12.0000006,-0.6854041152,0,0,0.6140593696,0
3.99,47.88000142,0,-799.9999989,0,0.1275680574,0,11.90249127,0,1.526668214,0,1.91412661e-08,0,-7.943609081e-08,0,6.384238369e-09,0,-3.277255486e-09,0,0.1275680622,0,12.0000006,-0.6854041152,0,0,0.6140593696,0
4,48.00000142,0,-799.9999989,0,0.1275680576,0,11.90249127,0,1.526668214,0,1.910777639e-08,0,-8.105184622e-08,0,6.674788217e-09,0,-3.420580433e-09,0,0.1275680622,0,12.0000006,-0.6854041152,0,0,0.6140593696,0
4.01,48.12000143,0,-799.9999989,0,0.1275680578,0,11.90249127,0,1.526668214,0,1.907285654e-08,0,-8.265725457e-08,0,6.964107431e-09,0,-3.563287132e-09,0,0.1275680623,0,12.0000006,-0.6854041152,0,0,0.6140593696,0
4.02,48.24000144,0,-799.9999989,0,0.1275680579,0,11.90249127,0,1.526668214,0,1.903651276e-08,0,-8.425221457e-08,0,7.252172532e-09,0,-3.70536367e-09,0,0.1275680623,0,12.00000059,-0.6854041152,0,0,0.6140593696,0
4.03,48.36000144,0,-799.9999989,0,0.1275680581,0,11.90249127,0,1.526668214,0,1.89987514e-08,0,-8.583662733e-08,0,7.53895606e-09,0,-3.84680162e-09,0,0.1275680623,0,12.00000059,-0.6854041152,0,0,0.6140593696,0
4.04,48.48000145,0,-799.9999989,0,0.1275680583,0,11.90249127,0,1.526668214,0,1.89595789e-08,0,-8.741039031e-08,0,7.824451024e-09,0,-3.987589876e-09,0,0.1275680623,0,12.00000059,-0.6854041152,0,0,0.6140593696,0
4.05,48.60000145,0,-799.9999989,0,0.1275680585,0,11.90249127,0,1.526668214,0,1.891900179e-08,0,-8.89734067e-08,0,8.108626911e-09,0,-4.127719991e-09,0,0.1275680623,0,12.00000059,-0.6854041152,0,0,0.6140593696,0
4.06,48.72000146,0,-799.9999989,0,0.1275680587,0,11.90249127,0,1.526668214,0,1.887702671e-08,0,-9.052557781e-08,0,8.391472076e-09,0,-4.267183514e-09,0,0.1275680623,0,12.00000059,-0.6854041152,0,0,0.6140593696,0
4.07,48.84000147,0,-799.9999989,0,0.1275680589,0,11.90249127,0,1.526668214,0,1.883366038e-08,0,-9.206680844e-08,0,8.672961728e-09,0,-4.405969649e-09,0,0.1275680623,0,12.00000059,-0.6854041152,0,0,0.6140593696,0
4.08,48.96000147,0,-799.9999989,0,0.1275680591,0,11.90249127,0,1.526668215,0,1.878890961e-08,0,-9.35970033e-08,0,8.953079306e-09,0,-4.544067577e-09,0,0.1275680624,0,12.00000059,-0.6854041152,0,0,0.6140593696,0
4.09,49.08000148,0,-799.9999989,0,0.1275680593,0,11.90249126,0,1.526668215,0,1.874278133e-08,0,-9.511606815e-08,0,9.231807685e-09,0,-4.681471241e-09,0,0.1275680624,0,12.00000059,-0.6854041152,0,0,0.6140593696,0
4.1,49.20000148,0,-799.9999989,0,0.1275680595,0,11.90249126,0,1.526668215,0,1.869528253e-08,0,-9.662390798e-08,0,9.509123518e-09,0,-4.81817028e-09,0,0.1275680624,0,12.00000059,-0.6854041152,0,0,0.6140593696,0
4.11,49.32000149,0,-799.9999989,0,0.1275680596,0,11.90249126,0,1.526668215,0,1.864642031e-08,0,-9.812043281e-08,0,9.785020739e-09,0,-4.95415451e-09,0,0.1275680624,0,12.00000059,-0.6854041152,0,0,0.6140593696,0
4.12,49.4400015,0,-799.9999989,0,0.1275680598,0,11.90249126,0,1.526668215,0,1.859620185e-08,0,-9.960555103e-08,0,1.005946938e-08,0,-5.089417085e-09,0,0.1275680624,0,12.00000059,-0.6854041152,0,0,0.6140593696,0
4.13,49.5600015,0,-799.9999989,0,0.12756806,0,11.90249126,0,1.526668215,0,1.854463441e-08,0,-1.010791734e-07,0,1.033245465e-08,0,-5.223947449e-09,0,0.1275680625,0,12.00000058,-0.6854041152,0,0,0.6140593696,0
4.14,49.68000151,0,-799.9999989,0,0.1275680602,0,11.90249126,0,1.526668215,0,1.849172538e-08,0,-1.025412105e-07,0,1.060395238e-08,0,-5.35773676e-09,0,0.1275680625,0,12.00000058,-0.6854041152,0,0,0.6140593696,0
4.15,49.80000151,0,-799.9999989,0,0.1275680604,0,11.90249126,0,1.526668215,0,1.84374822e-08,0,-1.039915767e-07,0,1.087395536e-08,0,-5.490775542e-09,0,0.1275680625,0,12.00000058,-0.6854041152,0,0,0.6140593696,0
4.16,49.92000152,0,-799.9999989,0,0.1275680606,0,11.90249126,0,1.526668215,0,1.83819124e-08,0,-1.054301839e-07,0,1.114243782e-08,0,-5.623056324e-09,0,0.1275680625,0,12.00000058,-0.6854041152,0,0,0.6140593696,0
4.17,50.04000152,0,-799.9999989,0,0.1275680607,0,11.90249126,0,1.526668215,0,1.832502363e-08,0,-1.068569469e-07,0,1.140938761e-08,0,-5.754570242e-09,0,0.1275680625,0,12.00000058,-0.6854041152,0,0,0.6140593696,0
4.18,50.16000153,0,-799.9999989,0,0.1275680609,0,11.90249126,0,1.526668216,0,1.826682358e-08,0,-1.082717825e-07,0,1.167477918e-08,0,-5.885307895e-09,0,0.1275680626,0,12.00000058,-0.6854041152,0,0,0.6140593696,0
4.19,50.28000154,0,-799.9999989,0,0.1275680611,0,11.90249125,0,1.526668216,0,1.820732007e-08,0,-1.096746076e-07,0,1.193860598e-08,0,-6.015262829e-09,0,0.1275680626,0,12.00000058,-0.6854041152,0,0,0.6140593696,0
4.2,50.40000154,0,-799.9999989,0,0.1275680613,0,11.90249125,0,1.526668216,0,1.814652096e-08,0,-1.110653417e-07,0,1.220084276e-08,0,-6.144424364e-09,0,0.1275680626,0,12.00000058,-0.6854041152,0,0,0.6140593696,0
4.21,50.52000155,0,-799.9999989,0,0.1275680615,0,11.90249125,0,1.526668216,0,1.808443424e-08,0,-1.124439009e-07,0,1.246147422e-08,0,-6.272784959e-09,0,0.1275680626,0,12.00000058,-0.6854041152,0,0,0.6140593696,0
4.22,50.64000155,0,-799.9999989,0,0.1275680617,0,11.90249125,0,1.526668216,0,1.802106795e-08,0,-1.138102086e-07,0,1.272049139e-08,0,-6.400338237e-09,0,0.1275680626,0,12.00000058,-0.6854041152,0,0,0.6140593696,0
4.23,50.76000156,0,-799.9999989,0,0.1275680618,0,11.90249125,0,1.526668216,0,1.79564302e-08,0,-1.151641855e-07,0,1.297787005e-08,0,-6.527073697e-09,0,0.1275680627,0,12.00000057,-0.6854041152,0,0,0.6140593696,0
4.24,50.88000156,0,-799.9999989,0,0.127568062,0,11.90249125,0,1.526668216,0,1.789052921e-08,0,-1.165057543e-07,0,1.323359434e-08,0,-6.652985176e-09,0,0.1275680627,0,12.00000057,-0.6854041152,0,0,0.6140593696,0
4.25,51.00000157,0,-799.9999989,0,0.1275680622,0,11.90249125,0,1.526668216,0,1.782337327e-08,0,-1.178348403e-07,0,1.348764912e-08,0,-6.77806306e-09,0,0.1275680627,0,12.00000057,-0.6854041152,0,0,0.6140593696,0
4.26,51.12000158,0,-799.9999989,0,0.1275680624,0,11.90249125,0,1.526668217,0,1.775497075e-08,0,-1.191513668e-07,0,1.374001687e-08,0,-6.902300727e-09,0,0.1275680627,0,12.00000057,-0.6854041152,0,0,0.6140593696,0
4.27,51.24000158,0,-799.9999989,0,0.1275680625,0,11.90249124,0,1.526668217,0,1.768533009e-08,0,-1.204552621e-07,0,1.399068439e-08,0,-7.025689036e-09,0,0.1275680628,0,12.00000057,-0.6854041152,0,0,0.6140593696,0
4.28,51.36000159,0,-799.9999989,0,0.1275680627,0,11.90249124,0,1.526668217,0,1.761445982e-08,0,-1.217464534e-07,0,1.423963414e-08,0,-7.148221607e-09,0,0.1275680628,0,12.00000057,-0.6854041152,0,0,0.6140593696,0
4.29,51.48000159,0,-799.9999989,0,0.1275680629,0,11.90249124,0,1.526668217,0,1.754236853e-08,0,-1.230248683e-07,0,1.448685304e-08,0,-7.269890772e-09,0,0.1275680628,0,12.00000057,-0.6854041152,0,0,0.6140593696,0
4.3,51.6000016,0,-799.9999989,0,0.1275680631,0,11.90249124,0,1.526668217,0,1.746906491e-08,0,-1.242904382e-07,0,1.473232345e-08,0,-7.390687394e-09,0,0.1275680628,0,12.00000057,-0.6854041152,0,0,0.6140593696,0
4.31,51.7200016,0,-799.9999989,0,0.1275680633,0,11.90249124,0,1.526668217,0,1.739455771e-08,0,-1.255430931e-07,0,1.497602886e-08,0,-7.510606196e-09,0,0.1275680629,0,12.00000056,-0.6854041152,0,0,0.6140593696,0
4.32,51.84000161,0,-799.9999989,0,0.1275680634,0,11.90249124,0,1.526668217,0,1.731885575e-08,0,-1.267827657e-07,0,1.521795884e-08,0,-7.629638646e-09,0,0.1275680629,0,12.00000056,-0.6854041152,0,0,0.6140593696,0
4.33,51.96000162,0,-799.9999989,0,0.1275680636,0,11.90249124,0,1.526668218,0,1.724196792e-08,0,-1.2800939e-07,0,1.545809137e-08,0,-7.747776941e-09,0,0.1275680629,0,12.00000056,-0.6854041152,0,0,0.6140593696,0
4.34,52.08000162,0,-799.9999989,0,0.1275680638,0,11.90249124,0,1.526668218,0,1.716390321e-08,0,-1.292229008e-07,0,1.569642132e-08,0,-7.865015351e-09,0,0.1275680629,0,12.00000056,-0.6854041152,0,0,0.6140593696,0
4.35,52.20000163,0,-799.9999989,0,0.1275680639,0,11.90249123,0,1.526668218,0,1.708467064e-08,0,-1.304232336e-07,0,1.593292835e-08,0,-7.981346716e-09,0,0.127568063,0,12.00000056,-0.6854041152,0,0,0.6140593696,0
4.36,52.32000163,0,-799.9999989,0,0.1275680641,0,11.90249123,0,1.526668218,0,1.700427933e-08,0,-1.31610325e-07,0,1.616759482e-08,0,-8.096762311e-09,0,0.127568063,0,12.00000056,-0.6854041152,0,0,0.6140593696,0
4.37,52.44000164,0,-799.9999989,0,0.1275680643,0,11.90249123,0,1.526668218,0,1.692273847e-08,0,-1.327841142e-07,0,1.640041638e-08,0,-8.21125605e-09,0,0.127568063,0,12.00000056,-0.6854041152,0,0,0.6140593696,0
4.38,52.56000164,0,-799.9999989,0,0.1275680644,0,11.90249123,0,1.526668218,0,1.68400573e-08,0,-1.339445405e-07,0,1.663136985e-08,0,-8.324822695e-09,0,0.127568063,0,12.00000056,-0.6854041152,0,0,0.6140593696,0
4.39,52.68000165,0,-799.9999989,0,0.1275680646,0,11.90249123,0,1.526668219,0,1.675624514e-08,0,-1.350915444e-07,0,1.686044535e-08,0,-8.437454188e-09,0,0.1275680631,0,12.00000055,-0.6854041152,0,0,0.6140593696,0
4.4,52.80000166,0,-799.9999989,0,0.1275680648,0,11.90249123,0,1.526668219,0,1.667131137e-08,0,-1.362250674e-07,0,1.708763193e-08,0,-8.549142088e-09,0,0.1275680631,0,12.00000055,-0.6854041152,0,0,0.6140593696,0
4.41,52.92000166,0,-799.9999989,0,0.127568065,0,11.90249123,0,1.526668219,0,1.658526545e-08,0,-1.373450537e-07,0,1.731290899e-08,0,-8.659884616e-09,0,0.1275680631,0,12.00000055,-0.6854041152,0,0,0.6140593696,0
4.42,53.04000167,0,-799.9999989,0,0.1275680651,0,11.90249123,0,1.526668219,0,1.649811688e-08,0,-1.384514476e-07,0,1.753627589e-08,0,-8.769670285e-09,0,0.1275680632,0,12.00000055,-0.6854041152,0,0,0.6140593696,0
4.43,53.16000167,0,-799.9999989,0,0.1275680653,0,11.90249122,0,1.526668219,0,1.640987525e-08,0,-1.395441933e-07,0,1.775770823e-08,0,-8.878494747e-09,0,0.1275680632,0,12.00000055,-0.6854041152,0,0,0.6140593696,0
4.44,53.28000168,0,-799.9999989,0,0.1275680654,0,11.90249122,0,1.526668219,0,1.63205502e-08,0,-1.406232392e-07,0,1.797719292e-08,0,-8.986352828e-09,0,0.1275680632,0,12.00000055,-0.6854041152,0,0,0.6140593696,0
4.45,53.40000168,0,-799.9999989,0,0.1275680656,0,11.90249122,0,1.52666822,0,1.623015144e-08,0,-1.416885321e-07,0,1.819472282e-08,0,-9.093236892e-09,0,0.1275680633,0,12.00000055,-0.6854041152,0,0,0.6140593696,0
4.46,53.52000169,0,-799.9999989,0,0.1275680658,0,11.90249122,0,1.52666822,0,1.613868873e-08,0,-1.427400217e-07,0,1.841028105e-08,0,-9.199140687e-09,0,0.1275680633,0,12.00000055,-0.6854041152,0,0,0.6140593696,0
4.47,53.64000169,0,-799.9999989,0,0.1275680659,0,11.90249122,0,1.52666822,0,1.604617191e-08,0,-1.437776591e-07,0,1.86238637e-08,0,-9.304059648e-09,0,0.1275680633,0,12.00000054,-0.6854041152,0,0,0.6140593696,0
4.48,53.7600017,0,-799.9999989,0,0.1275680661,0,11.90249122,0,1.52666822,0,1.595261085e-08,0,-1.448013948e-07,0,1.883544816e-08,0,-9.407985791e-09,0,0.1275680633,0,12.00000054,-0.6854041152,0,0,0.6140593696,0
4.49,53.8800017,0,-799.9999989,0,0.1275680662,0,11.90249122,0,1.52666822,0,1.58580155e-08,0,-1.458111825e-07,0,1.904502663e-08,0,-9.510915643e-09,0,0.1275680634,0,12.00000054,-0.6854041152,0,0,0.6140593696,0
4.5,54.00000171,0,-799.9999989,0,0.1275680664,0,11.90249121,0,1.526668221,0,1.576239587e-08,0,-1.468069757e-07,0,1.925258859e-08,0,-9.612842083e-09,0,0.1275680634,0,12.00000054,-0.6854041152,0,0,0.6140593696,0
4.51,54.12000172,0,-799.9999989,0,0.1275680666,0,11.90249121,0,1.526668221,0,1.566576201e-08,0,-1.477887296e-07,0,1.945812584e-08,0,-9.713760316e-09,0,0.1275680634,0,12.00000054,-0.6854041152,0,0,0.6140593696,0
4.52,54.24000172,0,-799.9999989,0,0.1275680667,0,11.90249121,0,1.526668221,0,1.556812405e-08,0,-1.487564011e-07,0,1.966161842e-08,0,-9.813663916e-09,0,0.1275680635,0,12.00000054,-0.6854041152,0,0,0.6140593696,0
4.53,54.36000173,0,-799.9999989,0,0.1275680669,0,11.90249121,0,1.526668221,0,1.546949213e-08,0,-1.497099477e-07,0,1.986306468e-08,0,-9.912548098e-09,0,0.1275680635,0,12.00000054,-0.6854041152,0,0,0.6140593696,0
4.54,54.48000173,0,-799.9999989,0,0.127568067,0,11.90249121,0,1.526668221,0,1.53698765e-08,0,-1.506493284e-07,0,2.006244607e-08,0,-1.001040813e-08,0,0.1275680635,0,12.00000053,-0.6854041152,0,0,0.6140593696,0
4.55,54.60000174,0,-799.9999989,0,0.1275680672,0,11.90249121,0,1.526668222,0,1.526928742e-08,0,-1.515745034e-07,0,2.025976056e-08,0,-1.010723603e-08,0,0.1275680636,0,12.00000053,-0.6854041152,0,0,0.6140593696,0
4.56,54.72000174,0,-799.9999989,0,0.1275680673,0,11.9024912,0,1.526668222,0,1.516773522e-08,0,-1.524854339e-07,0,2.04549836e-08,0,-1.02030299e-08,0,0.1275680636,0,12.00000053,-0.6854041152,0,0,0.6140593696,0
4.57,54.84000175,0,-799.9999989,0,0.1275680675,0,11.9024912,0,1.526668222,0,1.506523029e-08,0,-1.533820834e-07,0,2.064811437e-08,0,-1.029778302e-08,0,0.1275680636,0,12.00000053,-0.6854041152,0,0,0.6140593696,0
4.58,54.96000175,0,-799.9999989,0,0.1275680676,0,11.9024912,0,1.526668222,0,1.496178305e-08,0,-1.542644148e-07,0,2.083914564e-08,0,-1.039149132e-08,0,0.1275680637,0,12.00000053,-0.6854041152,0,0,0.6140593696,0
4.59,55.08000176,0,-799.9999989,0,0.1275680678,0,11.9024912,0,1.526668222,0,1.485740397e-08,0,-1.551323936e-07,0,2.102805629e-08,0,-1.04841488e-08,0,0.1275680637,0,12.00000053,-0.6854041152,0,0,0.6140593696,0
4.6,55.20000176,0,-799.9999989,0,0.1275680679,0,11.9024912,0,1.526668223,0,1.475210359e-08,0,-1.559859855e-07,0,2.121485097e-08,0,-1.057575176e-08,0,0.1275680637,0,12.00000052,-0.6854041152,0,0,0.6140593696,0
4.61,55.32000177,0,-799.9999989,0,0.1275680681,0,11.9024912,0,1.526668223,0,1.464589247e-08,0,-1.568251583e-07,0,2.139950802e-08,0,-1.066629421e-08,0,0.1275680638,0,12.00000052,-0.6854041152,0,0,0.6140593696,0
4.62,55.44000177,0,-799.9999989,0,0.1275680682,0,11.9024912,0,1.526668223,0,1.453878125e-08,0,-1.576498809e-07,0,2.158202605e-08,0,-1.07557723e-08,0,0.1275680638,0,12.00000052,-0.6854041152,0,0,0.6140593696,0
4.63,55.56000178,0,-799.9999989,0,0.1275680684,0,11.90249119,0,1.526668223,0,1.443078059e-08,0,-1.584601228e-07,0,2.176238986e-08,0,-1.084418194e-08,0,0.1275680638,0,12.00000052,-0.6854041152,0,0,0.6140593696,0
4.64,55.68000178,0,-799.9999989,0,0.1275680685,0,11.90249119,0,1.526668223,0,1.432190119e-08,0,-1.592558557e-07,0,2.194059368e-08,0,-1.093151905e-08,0,0.1275680639,0,12.00000052,-0.6854041152,0,0,0.6140593696,0
4.65,55.80000179,0,-799.9999989,0,0.1275680687,0,11.90249119,0,1.526668224,0,1.42121538e-08,0,-1.600370523e-07,0,2.211662334e-08,0,-1.101777832e-08,0,0.1275680639,0,12.00000052,-0.6854041152,0,0,0.6140593696,0
4.66,55.92000179,0,-799.9999989,0,0.1275680688,0,11.90249119,0,1.526668224,0,1.410154923e-08,0,-1.608036846e-07,0,2.22904777e-08,0,-1.11029554e-08,0,0.1275680639,0,12.00000052,-0.6854041152,0,0,0.6140593696,0
4.67,56.0400018,0,-799.9999989,0,0.1275680689,0,11.90249119,0,1.526668224,0,1.399009832e-08,0,-1.615557299e-07,0,2.246215077e-08,0,-1.118704712e-08,0,0.127568064,0,12.00000051,-0.6854041152,0,0,0.6140593696,0
4.68,56.1600018,0,-799.9999989,0,0.1275680691,0,11.90249119,0,1.526668224,0,1.387781193e-08,0,-1.62293162e-07,0,2.263161924e-08,0,-1.127004794e-08,0,0.127568064,0,12.00000051,-0.6854041152,0,0,0.6140593696,0
4.69,56.28000181,0,-799.9999989,0,0.1275680692,0,11.90249118,0,1.526668225,0,1.376470099e-08,0,-1.630159592e-07,0,2.279888698e-08,0,-1.135195634e-08,0,0.127568064,0,12.00000051,-0.6854041152,0,0,0.6140593696,0
4.7,56.40000181,0,-799.9999989,0,0.1275680694,0,11.90249118,0,1.526668225,0,1.365077646e-08,0,-1.637240998e-07,0,2.296394762e-08,0,-1.143276653e-08,0,0.1275680641,0,12.00000051,-0.6854041152,0,0,0.6140593696,0
4.71,56.52000182,0,-799.9999989,0,0.1275680695,0,11.90249118,0,1.526668225,0,1.353604932e-08,0,-1.644175625e-07,0,2.312678991e-08,0,-1.151247663e-08,0,0.1275680641,0,12.00000051,-0.6854041152,0,0,0.6140593696,0
4.72,56.64000182,0,-799.9999989,0,0.1275680696,0,11.90249118,0,1.526668225,0,1.342053061e-08,0,-1.650963295e-07,0,2.32874011e-08,0,-1.159108087e-08,0,0.1275680642,0,12.00000051,-0.6854041152,0,0,0.6140593696,0
4.73,56.76000183,0,-799.9999989,0,0.1275680698,0,11.90249118,0,1.526668226,0,1.33042314e-08,0,-1.657603818e-07,0,2.344578693e-08,0,-1.166857732e-08,0,0.1275680642,0,12.0000005,-0.6854041152,0,0,0.6140593696,0
4.74,56.88000184,0,-799.9999989,0,0.1275680699,0,11.90249118,0,1.526668226,0,1.318716278e-08,0,-1.664097036e-07,0,2.360192855e-08,0,-1.174496217e-08,0,0.1275680642,0,12.0000005,-0.6854041152,0,0,0.6140593696,0
4.75,57.00000184,0,-799.9999989,0,0.12756807,0,11.90249117,0,1.526668226,0,1.306933589e-08,0,-1.670442793e-07,0,2.375582161e-08,0,-1.182023007e-08,0,0.1275680643,0,12.0000005,-0.6854041152,0,0,0.6140593696,0
4.76,57.12000185,0,-799.9999989,0,0.1275680702,0,11.90249117,0,1.526668226,0,1.29507619e-08,0,-1.67664094e-07,0,2.390745879e-08,0,-1.189438085e-08,0,0.1275680643,0,12.0000005,-0.6854041152,0,0,0.6140593696,0
4.77,57.24000185,0,-799.9999989,0,0.1275680703,0,11.90249117,0,1.526668226,0,1.283145201e-08,0,-1.682691359e-07,0,2.405683668e-08,0,-1.19674096e-08,0,0.1275680643,0,12.0000005,-0.6854041152,0,0,0.6140593696,0
4.78,57.36000186,0,-799.9999989,0,0.1275680704,0,11.90249117,0,1.526668227,0,1.271141745e-08,0,-1.688593913e-07,0,2.420394499e-08,0,-1.203931397e-08,0,0.1275680644,0,12.0000005,-0.6854041152,0,0,0.6140593696,0
4.79,57.48000186,0,-799.9999989,0,0.1275680705,0,11.90249117,0,1.526668227,0,1.259066949e-08,0,-1.694348504e-07,0,2.434878633e-08,0,-1.211009059e-08,0,0.1275680644,0,12.00000049,-0.6854041152,0,0,0.6140593696,0
4.8,57.60000186,0,-799.9999989,0,0.1275680707,0,11.90249117,0,1.526668227,0,1.24692194e-08,0,-1.69995504e-07,0,2.449134406e-08,0,-1.217973693e-08,0,0.1275680645,0,12.00000049,-0.6854041152,0,0,0.6140593696,0
4.81,57.72000187,0,-799.9999989,0,0.1275680708,0,11.90249116,0,1.526668227,0,1.234707852e-08,0,-1.70541343e-07,0,2.46316215e-08,0,-1.22482504e-08,0,0.1275680645,0,12.00000049,-0.6854041152,0,0,0.6140593696,0
4.82,57.84000187,0,-799.9999989,0,0.1275680709,0,11.90249116,0,1.526668228,0,1.222425818e-08,0,-1.710723612e-07,0,2.476960796e-08,0,-1.231562764e-08,0,0.1275680645,0,12.00000049,-0.6854041152,0,0,0.6140593696,0
4.83,57.96000188,0,-799.9999989,0,0.127568071,0,11.90249116,0,1.526668228,0,1.210076976e-08,0,-1.715885514e-07,0,2.490529312e-08,0,-1.238186721e-08,0,0.1275680646,0,12.00000049,-0.6854041152,0,0,0.6140593696,0
4.84,58.08000188,0,-799.9999989,0,0.1275680712,0,11.90249116,0,1.526668228,0,1.197662465e-08,0,-1.720899104e-07,0,2.50386812e-08,0,-1.244696524e-08,0,0.1275680646,0,12.00000049,-0.6854041152,0,0,0.6140593696,0
4.85,58.20000189,0,-799.9999989,0,0.1275680713,0,11.90249116,0,1.526668228,0,1.185183427e-08,0,-1.72576434e-07,0,2.516976421e-08,0,-1.251091944e-08,0,0.1275680647,0,12.00000048,-0.6854041152,0,0,0.6140593696,0
4.86,58.32000189,0,-799.9999989,0,0.1275680714,0,11.90249116,0,1.526668229,0,1.172641006e-08,0,-1.730481195e-07,0,2.529853814e-08,0,-1.257372985e-08,0,0.1275680647,0,12.00000048,-0.6854041152,0,0,0.6140593696,0
4.87,58.4400019,0,-799.9999989,0,0.1275680715,0,11.90249115,0,1.526668229,0,1.16003635e-08,0,-1.735049655e-07,0,2.542499366e-08,0,-1.263539157e-08,0,0.1275680647,0,12.00000048,-0.6854041152,0,0,0.6140593696,0
4.88,58.5600019,0,-799.9999989,0,0.1275680716,0,11.90249115,0,1.526668229,0,1.147370607e-08,0,-1.739469727e-07,0,2.554912721e-08,0,-1.269590356e-08,0,0.1275680648,0,12.00000048,-0.6854041152,0,0,0.6140593696,0
4.89,58.68000191,0,-799.9999989,0,0.1275680717,0,11.90249115,0,1.526668229,0,1.134644927e-08,0,-1.743741427e-07,0,2.567094258e-08,0,-1.275526353e-08,0,0.1275680648,0,12.00000048,-0.6854041152,0,0,0.6140593696,0
4.9,58.80000191,0,-799.9999989,0,0.1275680718,0,11.90249115,0,1.52666823,0,1.121860464e-08,0,-1.747864762e-07,0,2.57904313e-08,0,-1.281347083e-08,0,0.1275680649,0,12.00000048,-0.6854041152,0,0,0.6140593696,0
4.91,58.92000192,0,-799.9999989,0,0.127568072,0,11.90249115,0,1.52666823,0,1.109018371e-08,0,-1.751839777e-07,0,2.590758326e-08,0,-1.287052213e-08,0,0.1275680649,0,12.00000047,-0.6854041152,0,0,0.6140593696,0
4.92,59.04000192,0,-799.9999989,0,0.1275680721,0,11.90249115,0,1.52666823,0,1.096119806e-08,0,-1.755666522e-07,0,2.602240475e-08,0,-1.292641657e-08,0,0.1275680649,0,12.00000047,-0.6854041152,0,0,0.6140593696,0
4.93,59.16000193,0,-799.9999989,0,0.1275680722,0,11.90249114,0,1.52666823,0,1.083165926e-08,0,-1.759345054e-07,0,2.61348879e-08,0,-1.298115165e-08,0,0.127568065,0,12.00000047,-0.6854041152,0,0,0.6140593696,0
4.94,59.28000193,0,-799.9999989,0,0.1275680723,0,11.90249114,0,1.526668231,0,1.070157891e-08,0,-1.762875437e-07,0,2.624502676e-08,0,-1.303472697e-08,0,0.127568065,0,12.00000047,-0.6854041152,0,0,0.6140593696,0
4.95,59.40000194,0,-799.9999989,0,0.1275680724,0,11.90249114,0,1.526668231,0,1.057096861e-08,0,-1.766257751e-07,0,2.63528228e-08,0,-1.308714064e-08,0,0.1275680651,0,12.00000047,-0.6854041152,0,0,0.6140593696,0
4.96,59.52000194,0,-799.9999989,0,0.1275680725,0,11.90249114,0,1.526668231,0,1.043983999e-08,0,-1.769492094e-07,0,2.645827229e-08,0,-1.313839077e-08,0,0.1275680651,0,12.00000047,-0.6854041152,0,0,0.6140593696,0
4.97,59.64000195,0,-799.9999989,0,0.1275680726,0,11.90249114,0,1.526668232,0,1.030820468e-08,0,-1.772578572e-07,0,2.656137158e-08,0,-1.318847655e-08,0,0.1275680651,0,12.00000046,-0.6854041152,0,0,0.6140593696,0
4.98,59.76000195,0,-799.9999989,0,0.1275680727,0,11.90249113,0,1.526668232,0,1.017607435e-08,0,-1.775517301e-07,0,2.666211903e-08,0,-1.323739696e-08,0,0.1275680652,0,12.00000046,-0.6854041152,0,0,0.6140593696,0
4.99,59.88000196,0,-799.9999989,0,0.1275680728,0,11.90249113,0,1.526668232,0,1.004346063e-08,0,-1.778308402e-07,0,2.676051119e-08,0,-1.32851516e-08,0,0.1275680652,0,12.00000046,-0.6854041152,0,0,0.6140593696,0
5,60.00000196,0,-799.9999989,0,0.1275680729,0,11.90249113,0,1.526668232,0,9.910375207e-09,0,-1.780952013e-07,0,2.685654497e-08,0,-1.333173902e-08,0,0.1275680653,0,12.00000046,-0.6854041152,0,0,0.6140593696,0
5.01,60.12000145,0,-800.0000036,0,0.1274534848,0,11.90268254,0,1.524168684,0,-0.02817639628,0,0.04319208041,0,-0.4560824889,0,-3.216069124,0,0.1273594306,0,11.99987258,1.314595885,0,0,0.6140593696,0
5.02,60.23999945,0,-800.0000202,0,0.1270169868,0,11.90333254,0,1.517962014,0,-0.05852821414,0,0.08602033917,0,-0.7773909002,0,-2.859231386,0,0.1268395055,0,11.99973059,1.314595885,0,0,0.6140593696,0
5.03,60.35999616,0,-800.0000448,0,0.1262943265,0,11.90438764,0,1.508770665,0,-0.08545673221,0,0.1242542955,0,-1.053733962,0,-2.531111355,0,0.1260685658,0,11.99961807,1.314595885,0,0,0.6140593696,0
5.04,60.47999196,0,-800.0000729,0,0.1253183304,0,11.90580327,0,1.497023334,0,-0.109240301,0,0.1581812911,0,-1.289252546,0,-2.229954708,0,0.1250825207,0,11.99955126,1.314595885,0,0,0.6140593696,0
5.05,60.59998738,0,-800.0000997,0,0.1241191284,0,11.90753803,0,1.483108796,0,-0.1301400606,0,0.1881361675,0,-1.487793116,0,-1.954073917,0,0.1239139552,0,11.99954472,1.314595885,0,0,0.6140593696,0
5.06,60.71998309,0,-800.0001204,0,0.1227243221,0,11.90955396,0,1.467378765,0,-0.1484006151,0,0.2144797573,0,-1.652923625,0,-1.701849512,0,0.1225923633,0,11.9996115,1.314595885,0,0,0.6140593696,0
5.07,60.83997989,0,-800.0001297,0,0.1211591467,0,11.91181682,0,1.450150604,0,-0.1642507175,0,0.2375823475,0,-1.787948964,0,-1.471730817,0,0.1211443694,0,11.9997632,1.314595885,0,0,0.6140593696,0
5.08,60.95997867,0,-800.0001222,0,0.1194466265,0,11.91429604,0,1.431709881,0,-0.1779039592,0,0.2578112309,0,-1.89592588,0,-1.262236198,0,0.1195939384,0,12.00001014,1.314595885,0,0,0.6140593696,0
5.09,61.07998043,0,-800.0000925,0,0.1176077227,0,11.91696466,0,1.412312776,0,-0.1895594602,0,0.2755215919,0,-1.979677364,0,-1.071952897,0,0.1179625747,0,12.00036141,1.314595885,0,0,0.6140593696,0
5.1,61.19998626,0,-800.0000352,0,0.1156614749,0,11.9197992,0,1.39218835,0,-0.1994025547,0,0.2910500852,0,-2.041806466,0,-0.8995364907,0,0.1162695098,0,12.00082503,1.314595885,0,0,0.6140593696,0
5.11,61.31999728,0,-799.9999447,0,0.1136251353,0,11.92277944,0,1.371540678,0,-0.2076054712,0,0.304710568,0,-2.084709555,0,-0.7437100198,0,0.1145318798,0,12.00140797,1.314595885,0,0,0.6140593696,0
5.12,61.44001473,0,-799.9998157,0,0.1115142968,0,11.92588815,0,1.350550852,0,-0.2143280012,0,0.3167915335,0,-2.110589016,0,-0.6032628358,0,0.1127648924,0,12.00211631,1.314595885,0,0,0.6140593696,0
5.13,61.56003985,0,-799.9996427,0,0.1093430134,0,11.92911088,0,1.32937886,0,-0.2197181554,0,0.3275548675,0,-2.121465399,0,-0.477049209,0,0.1109819834,0,12.00295524,1.314595885,0,0,0.6140593696,0
5.14,61.68007395,0,-799.9994205,0,0.1071239157,0,11.93243565,0,1.308165342,0,-0.2239128053,0,0.3372356164,0,-2.119189016,0,-0.3639867304,0,0.1091949642,0,12.00392923,1.314595885,0,0,0.6140593696,0
5.15,61.80011837,0,-799.9991438,0,0.1048683183,0,11.93585269,0,1.287033242,0,-0.2270383076,0,0.34604251,0,-2.105451021,0,-0.2630545457,0,0.1074141596,0,12.00504202,1.314595885,0,0,0.6140593696,0
5.16,61.92017447,0,-799.9988076,0,0.1025863225,0,11.9393542,0,1.266089345,0,-0.2292111103,0,0.3541590309,0,-2.081793962,0,-0.1732914519,0,0.1056485369,0,12.00629672,1.314595885,0,0,0.6140593696,0
5.17,62.04024364,0,-799.9984069,0,0.1002869121,0,11.9429341,0,1.245425709,0,-0.2305383394,0,0.361744862,0,-2.049621826,0,-0.09379388523,0,0.103905826,0,12.00769587,1.314595885,0,0,0.6140593696,0
5.18,62.16032729,0,-799.9979369,0,0.09797804404,0,11.94658779,0,1.225121007,0,-0.2311183646,0,0.3689375772,0,-2.010209592,0,-0.02371382661,0,0.1021926322,0,12.0092415,1.314595885,0,0,0.6140593696,0
5.19,62.28042681,0,-799.9973931,0,0.0956667328,0,11.95031194,0,1.205241769,0,-0.2310413444,0,0.375854471,0,-1.964712296,0,0.03774335246,0,0.1005145403,0,12.01093515,1.314595885,0,0,0.6140593696,0
5.2,62.40054364,0,-799.9967709,0,0.09335913034,0,11.95410429,0,1.185843536,0,-0.2303897485,0,0.3825944445,0,-1.914173636,0,0.09132108273,0,0.09887621168,0,12.01277796,1.314595885,0,0,0.6140593696,0
5.21,62.52067919,0,-799.9960662,0,0.09106060022,0,11.95796351,0,1.166971938,0,-0.2292388595,0,0.3892398852,0,-1.859534107,0,0.1377138107,0,0.09728147497,0,12.0147707,1.314595885,0,0,0.6140593696,0
5.22,62.64083488,0,-799.9952748,0,0.08877578709,0,11.961889,0,1.148663681,0,-0.2276572507,0,0.3958584952,0,-1.8016387,0,0.1775692165,0,0.09573340894,0,12.01691378,1.314595885,0,0,0.6140593696,0
5.23,62.76101212,0,-799.9943927,0,0.08650868152,0,11.96588078,0,1.130947471,0,-0.2257072437,0,0.4025050348,0,-1.741244167,0,0.2114904224,0,0.09423442002,0,12.01920734,1.314595885,0,0,0.6140593696,0
5.24,62.88121232,0,-799.9934164,0,0.0842626803,0,11.96993934,0,1.113844855,0,-0.2234453423,0,0.4092229586,0,-1.679025869,0,0.2400381796,0,0.09278631349,0,12.02165123,1.314595885,0,0,0.6140593696,0
5.25,63.00143687,0,-799.9923423,0,0.08204064254,0,11.97406559,0,1.097371011,0,-0.2209226457,0,0.4160459311,0,-1.615584225,0,0.2637330233,0,0.0913903592,0,12.02424509,1.314595885,0,0,0.6140593696,0
5.26,63.12168717,0,-799.9911669,0,0.07984494175,0,11.9782607,0,1.081535459,0,-0.2181852398,0,0.4229992132,0,-1.551450764,0,0.2830573861,0,0.09004735202,0,12.02698833,1.314595885,0,0,0.6140593696,0
5.27,63.24196458,0,-799.9898872,0,0.07767751406,0,11.98252607,0,1.066342724,0,-0.2152745685,0,0.4301009179,0,-1.48709381,0,0.2984576642,0,0.08875766738,0,12.02988021,1.314595885,0,0,0.6140593696,0
5.28,63.36227045,0,-799.9885001,0,0.07553990294,0,11.98686325,0,1.051792944,0,-0.2122277831,0,0.4373631378,0,-1.422923809,0,0.3103462283,0,0.08752131213,0,12.03291981,1.314595885,0,0,0.6140593696,0
5.29,63.48260614,0,-799.9870029,0,0.07343330035,0,11.99127125,0,1.037885214,0,-0.2090780985,0,0.4441552377,0,-1.358622307,0,0.3190952896,0,0.08633822148,0,12.03610369,1.314595885,0,0,0.6140593696,0
5.3,63.6029729,0,-799.9853928,0,0.07135858399,0,11.99574678,0,1.024617793,0,-0.2058552119,0,0.4509865953,0,-1.295034739,0,0.3250423854,0,0.08520827273,0,12.03942617,1.314595885,0,0,0.6140593696,0
5.31,63.72337198,0,-799.9836674,0,0.06931635129,0,12.0002917,0,1.011980617,0,-0.2025855013,0,0.4580317062,0,-1.232614364,0,0.3285120205,0,0.08413061356,0,12.0428861,1.314595885,0,0,0.6140593696,0
5.32,63.8438046,0,-799.9818241,0,0.06730695168,0,12.00490812,0,0.9999608501,0,-0.199292228,0,0.4652860992,0,-1.171587512,0,0.3298024917,0,0.08310415787,0,12.0464825,1.314595885,0,0,0.6140593696,0
5.33,63.96427197,0,-799.9798608,0,0.06533051649,0,12.0095981,0,0.9885435796,0,-0.1959957984,0,0.4727430929,0,-1.112143881,0,0.3291868235,0,0.08212764595,0,12.05021431,1.314595885,0,0,0.6140593696,0
5.34,64.08477528,0,-799.9777754,0,0.06338698622,0,12.01436363,0,0.9777121642,0,-0.1927140077,0,0.480394313,0,-1.054440081,0,0.3269144125,0,0.08119967381,0,12.0540804,1.314595885,0,0,0.6140593696,0
5.35,64.20531572,0,-799.9755661,0,0.06147613553,0,12.0192066,0,0.9674485479,0,-0.1894622689,0,0.4882301299,0,-0.9986029268,0,0.3232125977,0,0.0803187196,0,12.05807961,1.314595885,0,0,0.6140593696,0
5.36,64.32589445,0,-799.973231,0,0.05959759595,0,12.02412881,0,0.9577335428,0,-0.1862538256,0,0.4962400255,0,-0.9447324762,0,0.3182881568,0,0.07948316733,0,12.06221071,1.314595885,0,0,0.6140593696,0
5.37,64.44651262,0,-799.9707686,0,0.0577508766,0,12.02913194,0,0.9485470826,0,-0.1830999505,0,0.5044128984,0,-0.8929048398,0,0.3123287292,0,0.07869132822,0,12.06647243,1.314595885,0,0,0.6140593696,0
5.38,64.56717136,0,-799.9681774,0,0.05593538295,0,12.03421757,0,0.9398684485,0,-0.18001013,0,0.5127373138,0,-0.8431747686,0,0.3055041671,0,0.07794145971,0,12.07086349,1.314595885,0,0,0.6140593696,0
5.39,64.68787181,0,-799.965456,0,0.05415043382,0,12.03938716,0,0.9316764711,0,-0.1769922353,0,0.5212017073,0,-0.7955780372,0,0.2979678161,0,0.07723178239,0,12.07538257,1.314595885,0,0,0.6140593696,0
5.4,64.80861505,0,-799.9626032,0,0.05239527672,0,12.04464203,0,0.9239497089,0,-0.174052682,0,0.529794547,0,-0.7501336318,0,0.289857727,0,0.07656049501,0,12.08002834,1.314595885,0,0,0.6140593696,0
5.41,64.92940219,0,-799.9596179,0,0.05066910168,0,12.04998344,0,0.9166666061,0,-0.1711965764,0,0.5385044616,0,-0.7068457581,0,0.2812978011,0,0.07592578777,0,12.08479948,1.314595885,0,0,0.6140593696,0
5.42,65.05023431,0,-799.9564991,0,0.04897105361,0,12.05541248,0,0.909805631,0,-0.1684278525,0,0.5473203394,0,-0.665705678,0,0.27239887,0,0.07532585389,0,12.08969463,1.314595885,0,0,0.6140593696,0
5.43,65.17111247,0,-799.9532459,0,0.04730024346,0,12.06093016,0,0.903345397,0,-0.1657493965,0,0.5562314014,0,-0.6266933884,0,0.2632597133,0,0.07475889979,0,12.09471245,1.314595885,0,0,0.6140593696,0
5.44,65.29203773,0,-799.9498576,0,0.04565575803,0,12.06653739,0,0.8972647672,0,-0.1631631637,0,0.5652272551,0,-0.5897791516,0,0.2539680153,0,0.0742231539,0,12.09985159,1.314595885,0,0,0.6140593696,0
5.45,65.41301111,0,-799.9463334,0,0.0440366688,0,12.07223496,0,0.8915429452,0,-0.1606702837,0,0.574297931,0,-0.5549248879,0,0.2446012644,0,0.07371687421,0,12.10511072,1.314595885,0,0,0.6140593696,0
5.46,65.53403365,0,-799.9426728,0,0.04244203965,0,12.07802356,0,0.8861595516,0,-0.1582711589,0,0.5834339045,0,-0.5220854396,0,0.2352275955,0,0.0732383547,0,12.11048851,1.314595885,0,0,0.6140593696,0
5.47,65.65510637,0,-799.9388752,0,0.04087093372,0,12.08390382,0,0.8810946892,0,-0.155965554,0,0.5926261078,0,-0.4912097153,0,0.2259065796,0,0.0727859308,0,12.11598363,1.314595885,0,0,0.6140593696,0
5.48,65.77623026,0,-799.9349403,0,0.03932241933,0,12.08987625,0,0.8763289969,0,-0.1537526773,0,0.6018659324,0,-0.4622417251,0,0.2166899625,0,0.0723579839,0,12.12159479,1.314595885,0,0,0.6140593696,0
5.49,65.89740631,0,-799.9308677,0,0.0377955752,0,12.09594127,0,0.8718436944,0,-0.1516312561,0,0.6111452244,0,-0.435121511,0,0.2076223536,0,0.07195294504,0,12.12732067,1.314595885,0,0,0.6140593696,0
5.5,66.01863552,0,-799.9266571,0,0.03628949487,0,12.10209926,0,0.867620617,0,-0.1495996047,0,0.6204562753,0,-0.409785985,0,0.1987418695,0,0.07156929781,0,12.13316001,1.314595885,0,0,0.6140593696,0
5.51,66.13991883,0,-799.9223083,0,0.03480329058,0,12.10835048,0,0.8636422435,0,-0.147655686,0,0.6297918084,0,-0.3861696775,0,0.1900807323,0,0.07120558068,0,12.13911155,1.314595885,0,0,0.6140593696,0
5.52,66.26125723,0,-799.9178212,0,0.03333609641,0,12.11469515,0,0.8598917163,0,-0.1457971679,0,0.6391449625,0,-0.3642054064,0,0.1816658262,0,0.07086038862,0,12.14517404,1.314595885,0,0,0.6140593696,0
5.53,66.38265164,0,-799.9131957,0,0.03188707108,0,12.12113341,0,0.856352856,0,-0.1440214739,0,0.648509274,0,-0.3438248718,0,0.1735192147,0,0.0705323743,0,12.15134624,1.314595885,0,0,0.6140593696,0
5.54,66.50410301,0,-799.9084317,0,0.03045540006,0,12.12766535,0,0.8530101693,0,-0.142325829,0,0.6578786572,0,-0.3249591814,0,0.1656586192,0,0.07022024868,0,12.15762696,1.314595885,0,0,0.6140593696,0
5.55,66.62561227,0,-799.9035293,0,0.02904029741,0,12.13429099,0,0.849848853,0,-0.140707301,0,0.6672473853,0,-0.3075393145,0,0.1580978632,0,0.06992278137,0,12.164015,1.314595885,0,0,0.6140593696,0
5.56,66.74718034,0,-799.8984886,0,0.02764100713,0,12.14101028,0,0.8468547929,0,-0.139162837,0,0.6766100701,0,-0.2914965283,0,0.1508472814,0,0.06963880041,0,12.17050918,1.314595885,0,0,0.6140593696,0
5.57,66.86880812,0,-799.8933097,0,0.02625680424,0,12.14782315,0,0.8440145595,0,-0.1376892966,0,0.6859616427,0,-0.276762711,0,0.143914098,0,0.06936719192,0,12.17710835,1.314595885,0,0,0.6140593696,0
5.58,66.99049652,0,-799.8879927,0,0.02488699544,0,12.15472946,0,0.8413153997,0,-0.1362834814,0,0.6952973343,0,-0.2632706883,0,0.1373027754,0,0.06910689934,0,12.18381138,1.314595885,0,0,0.6140593696,0
5.59,67.11224644,0,-799.8825379,0,0.02353091962,0,12.16172903,0,0.8387452267,0,-0.1349421608,0,0.7046126586,0,-0.2509544856,0,0.131015334,0,0.06885692252,0,12.19061715,1.314595885,0,0,0.6140593696,0
5.6,67.23405875,0,-799.8769456,0,0.02218794804,0,12.16882163,0,0.8362926063,0,-0.133662095,0,0.7139033935,0,-0.2397495504,0,0.1250516461,0,0.06861631653,0,12.19752455,1.314595885,0,0,0.6140593696,0
5.61,67.35593434,0,-799.8712159,0,0.02085748431,0,12.176007,0,0.8339467418,0,-0.1324400549,0,0.7231655655,0,-0.2295929402,0,0.1194097056,0,0.06838419038,0,12.20453251,1.314595885,0,0,0.6140593696,0
5.62,67.47787407,0,-799.8653492,0,0.0195389642,0,12.18328483,0,0.8316974575,0,-0.1312728401,0,0.7323954339,0,-0.2204234761,0,0.1140858737,0,0.06815970554,0,12.21163994,1.314595885,0,0,0.6140593696,0
5.63,67.5998788,0,-799.8593459,0,0.0182318553,0,12.19065479,0,0.82953518,0,-0.1301572936,0,0.7415894762,0,-0.2121818687,0,0.1090751038,0,0.06794207435,0,12.21884581,1.314595885,0,0,0.6140593696,0
5.64,67.72194939,0,-799.8532063,0,0.01693565646,0,12.19811649,0,0.8274509189,0,-0.129090315,0,0.7507443749,0,-0.2048108171,0,0.1043711459,0,0.06773055836,0,12.22614907,1.314595885,0,0,0.6140593696,0
5.65,67.84408668,0,-799.8469308,0,0.01564989723,0,12.20566954,0,0.8254362466,0,-0.1280688719,0,0.7598570045,0,-0.1982550847,0,0.09996673235,0,0.06752446658,0,12.2335487,1.314595885,0,0,0.6140593696,0
5.66,67.96629152,0,-799.8405199,0,0.01437413711,0,12.21331348,0,0.8234832772,0,-0.1270900088,0,0.7689244202,0,-0.1924615532,0,0.09585374619,0,0.06732315368,0,12.2410437,1.314595885,0,0,0.6140593696,0
5.67,68.08856472,0,-799.833974,0,0.01310796472,0,12.22104787,0,0.8215846454,0,-0.1261508548,0,0.7779438471,0,-0.1873792588,0,0.0920233732,0,0.06712601817,0,12.24863308,1.314595885,0,0,0.6140593696,0
5.68,68.21090713,0,-799.8272936,0,0.01185099694,0,12.22887219,0,0.8197334845,0,-0.1252486304,0,0.7869126698,0,-0.1829594117,0,0.08846623896,0,0.06693250053,0,12.25631584,1.314595885,0,0,0.6140593696,0
5.69,68.33331955,0,-799.8204791,0,0.01060287799,0,12.23678594,0,0.817923405,0,-0.1243806519,0,0.7958284232,0,-0.1791554004,0,0.08517253195,0,0.06674208135,0,12.26409103,1.314595885,0,0,0.6140593696,0
5.7,68.4558028,0,-799.8135311,0,0.009363278398,0,12.24478858,0,0.8161484725,0,-0.1235443354,0,0.8046887842,0,-0.1759227835,0,0.08213211381,0,0.06655427947,0,12.27195769,1.314595885,0,0,0.6140593696,0
5.71,68.57835769,0,-799.80645,0,0.008131894042,0,12.25287953,0,0.8144031863,0,-0.1227371998,0,0.8134915633,0,-0.1732192708,0,0.07933461768,0,0.06636865015,0,12.27991487,1.314595885,0,0,0.6140593696,0
5.72,68.70098501,0,-799.7992365,0,0.006908445085,0,12.26105821,0,0.8126824579,0,-0.1219568683,0,0.8222346971,0,-0.1710046941,0,0.07676953558,0,0.06618478322,0,12.28796164,1.314595885,0,0,0.6140593696,0
5.73,68.82368555,0,-799.791891,0,0.005692674931,0,12.26932401,0,0.8109815901,0,-0.1212010696,0,0.8309162417,0,-0.1692409695,0,0.07442629571,0,0.06600230132,0,12.29609706,1.314595885,0,0,0.6140593696,0
5.74,68.94646011,0,-799.7844142,0,0.004484349166,0,12.27767632,0,0.8092962564,0,-0.1204676382,0,0.839534366,0,-0.1678920538,0,0.0722943305,0,0.0658208581,0,12.30432023,1.314595885,0,0,0.6140593696,0
5.75,69.06930945,0,-799.7768066,0,0.003283254508,0,12.28611448,0,0.8076224805,0,-0.1197545138,0,0.8480873457,0,-0.1669238933,0,0.07036313612,0,0.06564013654,0,12.31263023,1.314595885,0,0,0.6140593696,0
5.76,69.19223436,0,-799.7690688,0,0.002089197749,0,12.29463785,0,0.805956617,0,-0.1190597409,0,0.8565735576,0,-0.1663043695,0,0.06862232427,0,0.06545984727,0,12.32102617,1.314595885,0,0,0.6140593696,0
5.77,69.3152356,0,-799.7612014,0,0.0009020047228,0,12.30324573,0,0.8042953323,0,-0.1183814669,0,0.864991474,0,-0.1660032389,0,0.06706166689,0,0.06527972693,0,12.32950714,1.314595885,0,0,0.6140593696,0
5.78,69.43831394,0,-799.7532051,0,-0.0002784807191,0,12.31193744,0,0.8026355862,0,-0.1177179406,0,0.8733396584,0,-0.1659920712,0,0.06567113432,0,0.06509953664,0,12.33807228,1.314595885,0,0,0.6140593696,0
5.79,69.56147012,0,-799.7450803,0,-0.001452397712,0,12.32071228,0,0.8009746138,0,-0.1170675099,0,0.88161676,0,-0.1662441844,0,0.06444092768,0,0.06491906047,0,12.34672068,1.314595885,0,0,0.6140593696,0
5.8,69.68470491,0,-799.7368279,0,-0.002619869357,0,12.32956954,0,0.7993099087,0,-0.1164286195,0,0.8898215095,0,-0.1667345778,0,0.06336150589,0,0.06473810399,0,12.35545148,1.314595885,0,0,0.6140593696,0
5.81,69.80801903,0,-799.7284484,0,-0.003781003672,0,12.33850847,0,0.7976392064,0,-0.1157998081,0,0.897952715,0,-0.1674398647,0,0.06242360787,0,0.06455649285,0,12.36426381,1.314595885,0,0,0.6140593696,0
5.82,69.93141324,0,-799.7199424,0,-0.004935894522,0,12.34752834,0,0.7959604683,0,-0.1151797056,0,0.9060092579,0,-0.1683382035,0,0.06161827038,0,0.06437407149,0,12.3731568,1.314595885,0,0,0.6140593696,0
5.83,70.05488826,0,-799.7113107,0,-0.006084622514,0,12.3566284,0,0.7942718671,0,-0.1145670298,0,0.9139900889,0,-0.1694092293,0,0.060936842,0,0.06419070181,0,12.38212959,1.314595885,0,0,0.6140593696,0
5.84,70.17844482,0,-799.7025538,0,-0.007227255859,0,12.36580789,0,0.7925717717,0,-0.1139605836,0,0.9218942247,0,-0.1706339856,0,0.06037099359,0,0.064006262,0,12.39118133,1.314595885,0,0,0.6140593696,0
5.85,70.30208364,0,-799.6936725,0,-0.008363851209,0,12.37506603,0,0.7908587341,0,-0.1133592514,0,0.9297207441,0,-0.1719948561,0,0.05991272561,0,0.06382064535,0,12.40031115,1.314595885,0,0,0.6140593696,0
5.86,70.42580543,0,-799.6846674,0,-0.009494454455,0,12.38440204,0,0.7891314757,0,-0.1127619961,0,0.9374687852,0,-0.1734754981,0,0.05955437269,0,0.06363375913,0,12.40951822,1.314595885,0,0,0.6140593696,0
5.87,70.5496109,0,-799.6755392,0,-0.01061910149,0,12.39381514,0,0.7873888757,0,-0.1121678554,0,0.9451375418,0,-0.1750607765,0,0.05928860575,0,0.06344552359,0,12.41880167,1.314595885,0,0,0.6140593696,0
5.88,70.67350076,0,-799.6662885,0,-0.01173781896,0,12.40330453,0,0.7856299584,0,-0.1115759388,0,0.9527262607,0,-0.1767366993,0,0.05910843191,0,0.06325587094,0,12.42816067,1.314595885,0,0,0.6140593696,0
5.89,70.79747571,0,-799.6569162,0,-0.01285062492,0,12.4128694,0,0.7838538829,0,-0.1109854238,0,0.9602342387,0,-0.1784903549,0,0.05900719254,0,0.06306474442,0,12.43759436,1.314595885,0,0,0.6140593696,0
5.9,70.92153643,0,-799.6474228,0,-0.01395752956,0,12.42250894,0,0.7820599321,0,-0.110395553,0,0.96766082,0,-0.180309851,0,0.05897855967,0,0.06287209741,0,12.44710191,1.314595885,0,0,0.6140593696,0
5.91,71.04568361,0,-799.6378091,0,-0.01505853579,0,12.43222234,0,0.7802475031,0,-0.1098056307,0,0.9750053934,0,-0.1821842552,0,0.05901653094,0,0.0626778926,0,12.45668248,1.314595885,0,0,0.6140593696,0
5.92,71.16991793,0,-799.6280758,0,-0.01615363986,0,12.44200877,0,0.7784160977,0,-0.1092150194,0,0.98226739,0,-0.1841035374,0,0.05911542336,0,0.06248210124,0,12.46633522,1.314595885,0,0,0.6140593696,0
5.93,71.29424007,0,-799.6182235,0,-0.01724283193,0,12.45186741,0,0.7765653136,0,-0.1086231371,0,0.9894462809,0,-0.186058515,0,0.059269866,0,0.06228470236,0,12.4760593,1.314595885,0,0,0.6140593696,0
5.94,71.41865069,0,-799.6082531,0,-0.01832609659,0,12.46179742,0,0.7746948365,0,-0.1080294539,0,0.9965415747,0,-0.1880407995,0,0.05947479187,0,0.0620856821,0,12.48585387,1.314595885,0,0,0.6140593696,0
5.95,71.54315046,0,-799.5981652,0,-0.01940341339,0,12.47179796,0,0.7728044323,0,-0.107433489,0,1.003552815,0,-0.1900427453,0,0.05972542904,0,0.06188503306,0,12.49571811,1.314595885,0,0,0.6140593696,0
5.96,71.66774003,0,-799.5879606,0,-0.0204747573,0,12.48186819,0,0.7708939395,0,-0.106834808,0,1.010479581,0,-0.1920574009,0,0.06001729121,0,0.06168275375,0,12.50565116,1.314595885,0,0,0.6140593696,0
5.97,71.79242006,0,-799.5776399,0,-0.02154009918,0,12.49200727,0,0.7689632631,0,-0.1062330199,0,1.01732148,0,-0.1940784621,0,0.06034616783,0,0.06147884793,0,12.5156522,1.314595885,0,0,0.6140593696,0
5.98,71.91719119,0,-799.567204,0,-0.02259940616,0,12.50221434,0,0.767012368,0,-0.1056277745,0,1.024078152,0,-0.1961002274,0,0.06070811387,0,0.06127332418,0,12.52572039,1.314595885,0,0,0.6140593696,0
5.99,72.04205406,0,-799.5566535,0,-0.02365264209,0,12.51248855,0,0.7650412735,0,-0.1050187598,0,1.030749264,0,-0.1981175558,0,0.06109943935,0,0.06106619537,0,12.53585489,1.314595885,0,0,0.6140593696,0
6,72.1670093,0,-799.5459892,0,-0.02469976787,0,12.52282904,0,0.7630500473,0,-0.1044056993,0,1.037334509,0,-0.2001258261,0,0.06151669876,0,0.06085747823,0,12.54605486,1.314595885,0,0,0.6140593696,0
6.01,72.29205741,0,-799.5352066,0,-0.02561514549,0,12.53313934,0,0.7638592096,0,-0.07292316452,0,1.021198054,0,0.3162604985,0,3.578993915,0,0.06087186076,0,12.55639529,-0.6854041152,0,0,0.6140593696,0
6.02,72.41719886,0,-799.5242986,0,-0.0261722721,0,12.54325875,0,0.7689055209,0,-0.03917287225,0,1.00285501,0,0.6837853249,0,3.176761801,0,0.06122368914,0,12.56680372,-0.6854041152,0,0,0.6140593696,0
6.03,72.54243448,0,-799.5132707,0,-0.02641144659,0,12.55319933,0,0.7773593001,0,-0.009277508598,0,0.9853820023,0,0.9985932511,0,2.807662428,0,0.06184621988,0,12.57724536,-0.6854041152,0,0,0.6140593696,0
6.04,72.66776492,0,-799.5021287,0,-0.02636959587,0,12.56296847,0,0.7887179694,0,0.01708400752,0,0.96853513,0,1.265545536,0,2.469659405,0,0.0626988898,0,12.58770244,-0.6854041152,0,0,0.6140593696,0
6.05,72.79319075,0,-799.4908792,0,-0.02608053658,0,12.57257165,0,0.802525881,0,0.04021278171,0,0.9521742293,0,1.489169635,0,2.160794183,0,0.06374500044,0,12.59815882,-0.6854041152,0,0,0.6140593696,0
6.06,72.91871241,0,-799.4795287,0,-0.0255751709,0,12.58201334,0,0.8183710606,0,0.06039072639,0,0.9362325602,0,1.673675504,0,1.879186762,0,0.06495144272,0,12.60859988,-0.6854041152,0,0,0.6140593696,0
6.07,73.04433027,0,-799.4680844,0,-0.02488167459,0,12.59129763,0,0.835882113,0,0.07788134828,0,0.92069314,0,1.822971555,0,1.623036023,0,0.06628843556,0,12.61901244,-0.6854041152,0,0,0.6140593696,0
6.08,73.17004457,0,-799.4565535,0,-0.02402567707,0,12.60042859,0,0.8547252837,0,0.0929305373,0,0.9055705418,0,1.940680196,0,1.390619702,0,0.0677292784,0,12.62938463,-0.6854041152,0,0,0.6140593696,0
6.09,73.29585548,0,-799.4449432,0,-0.02303043367,0,12.60941054,0,0.874601676,0,0.1057673537,0,0.890897156,0,2.030152926,0,1.180294036,0,0.06925011699,0,12.63970578,-0.6854041152,0,0,0.6140593696,0
6.1,73.4217631,0,-799.4332611,0,-0.02191699001,0,12.61824817,0,0.8952446144,0,0.1166048099,0,0.8767130619,0,2.094484969,0,0.9904931044,0,0.07082972209,0,12.64996639,-0.6854041152,0,0,0.6140593696,0
6.11,73.54776744,0,-799.4215145,0,-0.02070433859,0,12.62694657,0,0.9164171537,0,0.1256406446,0,0.8630587938,0,2.136529447,0,0.8197278991,0,0.0724492809,0,12.66015798,-0.6854041152,0,0,0.6140593696,0
6.12,73.67386843,0,-799.4097109,0,-0.01940956769,0,12.63551123,0,0.9379097266,0,0.1330580862,0,0.8499703983,0,2.158911082,0,0.666585136,0,0.07409220051,0,12.67027303,-0.6854041152,0,0,0.6140593696,0
6.13,73.80006594,0,-799.3978576,0,-0.01804800276,0,12.64394796,0,0.9595379264,0,0.139026603,0,0.8374762833,0,2.16403944,0,0.5297258471,0,0.07574392316,0,12.68030492,-0.6854041152,0,0,0.6140593696,0
6.14,73.92635979,0,-799.3859619,0,-0.01663334026,0,12.6522628,0,0.9811404199,0,0.1437026385,0,0.8255954428,0,2.154121715,0,0.4078837692,0,0.07739175288,0,12.69024785,-0.6854041152,0,0,0.6140593696,0
6.15,74.05274972,0,-799.374031,0,-0.01517777437,0,12.66046194,0,1.002576985,0,0.1472303299,0,0.8143367183,0,2.13117506,0,0.2998635578,0,0.07902469297,0,12.70009674,-0.6854041152,0,0,0.6140593696,0
6.16,74.17923543,0,-799.362072,0,-0.01369211648,0,12.6685516,0,1.023726672,0,0.1497422073,0,0.8036988195,0,2.097038457,0,0.2045388473,0,0.08063329399,0,12.70984721,-0.6854041152,0,0,0.6140593696,0
6.17,74.30581655,0,-799.3500916,0,-0.01218590788,0,12.67653795,0,1.044486076,0,0.1513598736,0,0.793670882,0,2.053384141,0,0.1208501829,0,0.08220951178,0,12.71949549,-0.6854041152,0,0,0.6140593696,0
6.18,74.43249266,0,-799.3380966,0,-0.01066752574,0,12.68442699,0,1.064767728,0,0.1521946627,0,0.7842333839,0,2.00172856,0,0.04780284259,0,0.08374657516,0,12.72903839,-0.6854041152,0,0,0.6140593696,0
6.19,74.55926333,0,-799.3260934,0,-0.009144282551,0,12.69222449,0,1.084498588,0,0.1523482754,0,0.7753592825,0,1.943442893,0,-0.01553542748,0,0.08523886271,0,12.73847321,-0.6854041152,0,0,0.6140593696,0
6.2,74.68612803,0,-799.3140884,0,-0.007622519393,0,12.69993594,0,1.103618644,0,0.1519133928,0,0.7670152638,0,1.879763107,0,-0.07003674652,0,0.0866817884,0,12.74779773,-0.6854041152,0,0,0.6140593696,0
6.21,74.81308623,0,-799.3020876,0,-0.006107693702,0,12.70756479,0,1.122081321,0,0.150973986,0,0.758537381,0,1.812448373,0,-0.1166225282,0,0.08807184079,0,12.75700864,-0.6854041152,0,0,0.6140593696,0
6.22,74.94013728,0,-799.2900968,0,-0.004604469967,0,12.71510758,0,1.139857194,0,0.149604969,0,0.7501005436,0,1.742239058,0,-0.1560315531,0,0.08940690291,0,12.7660971,-0.6854041152,0,0,0.6140593696,0
6.23,75.06728047,0,-799.2781216,0,-0.003116794935,0,12.72256831,0,1.15691784,0,0.1478751672,0,0.7421170701,0,1.669542146,0,-0.1888923221,0,0.09068488934,0,12.77506177,-0.6854041152,0,0,0.6140593696,0
6.24,75.19451504,0,-799.2661672,0,-0.00164796011,0,12.72995129,0,1.173242394,0,0.1458467623,0,0.7345427975,0,1.595144004,0,-0.2158568247,0,0.09190430352,0,12.78390228,-0.6854041152,0,0,0.6140593696,0
6.25,75.32184022,0,-799.2542389,0,-0.0002006669721,0,12.73726038,0,1.188817393,0,0.1435756569,0,0.7273325217,0,1.51974027,0,-0.2375293285,0,0.09306422876,0,12.79261852,-0.6854041152,0,0,0.6140593696,0
6.26,75.4492552,0,-799.2423414,0,0.001222912576,0,12.744499,0,1.203635911,0,0.1411119394,0,0.7204408839,0,1.443943145,0,-0.2544688045,0,0.09416425837,0,12.80121065,-0.6854041152,0,0,0.6140593696,0
6.27,75.57675917,0,-799.2304794,0,0.002621080292,0,12.75167011,0,1.217696751,0,0.138500325,0,0.7138231307,0,1.368288277,0,-0.2671913144,0,0.09520443169,0,12.80967899,-0.6854041152,0,0,0.6140593696,0
6.28,75.70435128,0,-799.2186574,0,0.003992559967,0,12.75877623,0,1.231003721,0,0.1357805731,0,0.7074357492,0,1.293241232,0,-0.27617235,0,0.09618517557,0,12.81802407,-0.6854041152,0,0,0.6140593696,0
6.29,75.83203067,0,-799.2068797,0,0.00533644986,0,12.76581945,0,1.243564958,0,0.1329878813,0,0.7012369843,0,1.219203593,0,-0.2818491192,0,0.09710725108,0,12.82624653,-0.6854041152,0,0,0.6140593696,0
6.3,75.95979646,0,-799.1951503,0,0.006652178956,0,12.77280146,0,1.255392318,0,0.1301532575,0,0.6951872445,0,1.146518663,0,-0.2846227712,0,0.09797170498,0,12.83434716,-0.6854041152,0,0,0.6140593696,0
6.31,76.08764777,0,-799.183473,0,0.007939466834,0,12.77972357,0,1.266500822,0,0.1273038691,0,0.6892494076,0,1.075476814,0,-0.2848605562,0,0.09877982566,0,12.84232684,-0.6854041152,0,0,0.6140593696,0
6.32,76.21558368,0,-799.1718515,0,0.009198286925,0,12.78658671,0,1.276908152,0,0.1244633721,0,0.6833890362,0,1.006320478,0,-0.2828979148,0,0.0995331034,0,12.85018654,-0.6854041152,0,0,0.6140593696,0
6.33,76.34360328,0,-799.1602893,0,0.01042883295,0,12.7933915,0,1.286634192,0,0.1216522183,0,0.6775745132,0,0.9392488003,0,-0.2790404956,0,0.1002331944,0,12.85792727,-0.6854041152,0,0,0.6140593696,0
6.34,76.47170564,0,-799.1487896,0,0.01163148834,0,12.80013825,0,1.295700621,0,0.1188879443,0,0.6717771093,0,0.8744219663,0,-0.2735660955,0,0.1008818885,0,12.8655501,-0.6854041152,0,0,0.6140593696,0
6.35,76.59988982,0,-799.1373557,0,0.01280679844,0,12.80682701,0,1.304130541,0,0.1161854397,0,0.6659709919,0,0.8119652216,0,-0.2667265235,0,0.1014810804,0,12.87305615,-0.6854041152,0,0,0.6140593696,0
6.36,76.72815488,0,-799.1259903,0,0.01395544532,0,12.81345757,0,1.311948148,0,0.1135571989,0,0.6601331853,0,0.7519725923,0,-0.2587493854,0,0.1020327433,0,12.88044653,-0.6854041152,0,0,0.6140593696,0
6.37,76.85649987,0,-799.1146964,0,0.01507822499,0,12.8200295,0,1.319178435,0,0.1110135539,0,0.6542434924,0,0.6945103243,0,-0.2498397888,0,0.1025389068,0,12.88772238,-0.6854041152,0,0,0.6140593696,0
6.38,76.98492381,0,-799.1034765,0,0.01617602686,0,12.82654221,0,1.325846934,0,0.1085628914,0,0.6482843836,0,0.6396200565,0,-0.2401819691,0,0.1030016358,0,12.89488484,-0.6854041152,0,0,0.6140593696,0
6.39,77.11342574,0,-799.0923332,0,0.01724981536,0,12.83299491,0,1.331979482,0,0.1062118535,0,0.6422408631,0,0.5873217394,0,-0.2299408354,0,0.103423013,0,12.90193504,-0.6854041152,0,0,0.6140593696,0
6.4,77.2420047,0,-799.0812688,0,0.01830061337,0,12.8393867,0,1.337602017,0,0.103965524,0,0.6361003172,0,0.5376163155,0,-0.2192634382,0,0.1038051231,0,12.90887408,-0.6854041152,0,0,0.6140593696,0
6.41,77.3706597,0,-799.0702855,0,0.01932948755,0,12.84571656,0,1.342740403,0,0.1018275992,0,0.6298523505,0,0.4904881744,0,-0.2082803598,0,0.1041500393,0,12.91570306,-0.6854041152,0,0,0.6140593696,0
6.42,77.49938977,0,-799.0593854,0,0.02033753525,0,12.85198336,0,1.347420275,0,0.09980054677,0,0.6234886159,0,0.4459073952,0,-0.1971070284,0,0.1044598112,0,12.92242306,-0.6854041152,0,0,0.6140593696,0
6.43,77.62819391,0,-799.0485705,0,0.02132587296,0,12.85818592,0,1.351666905,0,0.0978857506,0,0.6170026404,0,0.4038317912,0,-0.1858449573,0,0.1047364553,0,12.9290351,-0.6854041152,0,0,0.6140593696,0
6.44,77.75707115,0,-799.0378426,0,0.02229562614,0,12.86432299,0,1.355505089,0,0.09608364406,0,0.6103896527,0,0.3642087673,0,-0.174582912,0,0.1049819457,0,12.93554019,-0.6854041152,0,0,0.6140593696,0
6.45,77.88602048,0,-799.0272036,0,0.02324792037,0,12.87039328,0,1.358959053,0,0.09439383205,0,0.603646413,0,0.3269770043,0,-0.1633980067,0,0.1051982075,0,12.9419393,-0.6854041152,0,0,0.6140593696,0
6.46,78.01504093,0,-799.016655,0,0.02418387358,0,12.87639548,0,1.362052373,0,0.09281520227,0,0.5967710484,0,0.2920679797,0,-0.1523567322,0,0.1053871108,0,12.94823336,-0.6854041152,0,0,0.6140593696,0
6.47,78.14413149,0,-799.0061984,0,0.02510458942,0,12.88232826,0,1.364807909,0,0.09134602659,0,0.5897628957,0,0.2594073391,0,-0.1415159181,0,0.1055504655,0,12.95442326,-0.6854041152,0,0,0.6140593696,0
6.48,78.27329116,0,-798.9958353,0,0.02601115158,0,12.88819029,0,1.367247752,0,0.08998405311,0,0.582622352,0,0.2289161258,0,-0.1309236315,0,0.1056900181,0,12.96050985,-0.6854041152,0,0,0.6140593696,0
6.49,78.40251896,0,-798.9855671,0,0.02690461896,0,12.89398027,0,1.369393188,0,0.08872658959,0,0.5753507346,0,0.2005118814,0,-0.1206200145,0,0.1058074485,0,12.96649393,-0.6854041152,0,0,0.6140593696,0
6.5,78.53181388,0,-798.9753951,0,0.02778602164,0,12.89969688,0,1.371264664,0,0.08757057869,0,0.5679501505,0,0.1741096257,0,-0.1106380636,0,0.105904368,0,12.97237628,-0.6854041152,0,0,0.6140593696,0
6.51,78.66117492,0,-798.9653205,0,0.0286563576,0,12.90533885,0,1.372881766,0,0.0865126658,0,0.5604233766,0,0.1496227256,0,-0.1010043532,0,0.1059823182,0,12.97815762,-0.6854041152,0,0,0.6140593696,0
6.52,78.79060108,0,-798.9553445,0,0.02951659004,0,12.91090494,0,1.374263211,0,0.08554925988,0,0.5527737488,0,0.1269636626,0,-0.09173970609,0,0.1060427696,0,12.98383863,-0.6854041152,0,0,0.6140593696,0
6.53,78.92009136,0,-798.9454682,0,0.03036764529,0,12.91639393,0,1.375426839,0,0.08467658781,0,0.545005062,0,0.1060447056,0,-0.08285981301,0,0.1060871221,0,12.98941997,-0.6854041152,0,0,0.6140593696,0
6.54,79.04964476,0,-798.9356926,0,0.03121041125,0,12.92180465,0,1.376389614,0,0.08389074281,0,0.5371214795,0,0.08677849775,0,-0.07437580487,0,0.1061167053,0,12.99490223,-0.6854041152,0,0,0.6140593696,0
6.55,79.17926027,0,-798.9260187,0,0.03204573626,0,12.92713599,0,1.37716763,0,0.08318772738,0,0.5291274517,0,0.06907856575,0,-0.06629477924,0,0.1061327785,0,13.00028598,-0.6854041152,0,0,0.6140593696,0
6.56,79.3089369,0,-798.9164475,0,0.0328744284,0,12.93238685,0,1.377776122,0,0.08256349119,0,0.5210276436,0,0.05285975611,0,-0.05862028405,0,0.1061365327,0,13.00557176,-0.6854041152,0,0,0.6140593696,0
6.57,79.43867363,0,-798.9069797,0,0.03369725511,0,12.93755621,0,1.378229483,0,0.08201396432,0,0.512826871,0,0.03803860701,0,-0.051352761,0,0.1061290913,0,13.01076005,-0.6854041152,0,0,0.6140593696,0
6.58,79.56846947,0,-798.8976163,0,0.03451494317,0,12.94264307,0,1.378541281,0,0.08153508623,0,0.5045300443,0,0.02453366079,0,-0.04448995097,0,0.1061115122,0,13.01585132,-0.6854041152,0,0,0.6140593696,0
6.59,79.69832341,0,-798.8883581,0,0.0353281789,0,12.9476465,0,1.378724279,0,0.08112283096,0,0.4961421196,0,0.01226572304,0,-0.03802726379,0,0.1060847891,0,13.020846,-0.6854041152,0,0,0.6140593696,0
6.6,79.82823444,0,-798.8792057,0,0.03613760862,0,12.95256562,0,1.378790462,0,0.08077322866,0,0.4876680569,0,0.001158073376,0,-0.03195811465,0,0.106049854,0,13.02574448,-0.6854041152,0,0,0.6140593696,0
6.61,79.95820156,0,-798.87016,0,0.03694383931,0,12.95739959,0,1.37875106,0,0.08048238403,0,0.4791127834,0,-0.008863366957,0,-0.02627422935,0,0.1060075794,0,13.03054714,-0.6854041152,0,0,0.6140593696,0
6.62,80.08822376,0,-798.8612215,0,0.03774743945,0,12.96214762,0,1.378616577,0,0.0802464918,0,0.470481164,0,-0.01786990632,0,-0.02096592042,0,0.1059587799,0,13.0352543,-0.6854041152,0,0,0.6140593696,0
6.63,80.21830004,0,-798.8523909,0,0.03854893995,0,12.96680898,0,1.378396816,0,0.08006184959,0,0.4617779754,0,-0.02592998845,0,-0.01602233618,0,0.1059042153,0,13.03986629,-0.6854041152,0,0,0.6140593696,0
6.64,80.34842939,0,-798.8436689,0,0.03934883527,0,12.97138296,0,1.378100913,0,0.07992486841,0,0.4530078853,0,-0.03310912887,0,-0.01143168469,0,0.1058445923,0,13.04438339,-0.6854041152,0,0,0.6140593696,0
6.65,80.47861081,0,-798.835056,0,0.04014758459,0,12.97586893,0,1.377737361,0,0.07983208105,0,0.4441754359,0,-0.03946987847,0,-0.007181434297,0,0.1057805675,0,13.04880587,-0.6854041152,0,0,0.6140593696,0
6.66,80.60884327,0,-798.8265527,0,0.04094561304,0,12.98026628,0,1.377314044,0,0.07978014857,0,0.4352850304,0,-0.04507181079,0,-0.003258492749,0,0.1057127495,0,13.05313398,-0.6854041152,0,0,0.6140593696,0
6.67,80.73912579,0,-798.8181597,0,0.04174331302,0,12.98457445,0,1.376838264,0,0.07976586506,0,0.4263409235,0,-0.0499715302,0,0.0003506337277,0,0.1056417011,0,13.05736793,-0.6854041152,0,0,0.6140593696,0
6.68,80.86945735,0,-798.8098774,0,0.04254104557,0,12.98879293,0,1.376316774,0,0.07978616099,0,0.4173472134,0,-0.05422269805,0,0.00365969959,0,0.1055679423,0,13.06150794,-0.6854041152,0,0,0.6140593696,0
6.69,80.99983693,0,-798.8017062,0,0.0433391417,0,12.99292124,0,1.375755802,0,0.07983810514,0,0.4083078379,0,-0.05787607435,0,0.006682596016,0,0.1054919518,0,13.06555419,-0.6854041152,0,0,0.6140593696,0
6.7,81.13026354,0,-798.7936467,0,0.04413790382,0,12.99695895,0,1.375161085,0,0.07991890543,0,0.3992265709,0,-0.0609795727,0,0.009433242381,0,0.1054141702,0,13.06950687,-0.6854041152,0,0,0.6140593696,0
6.71,81.26073615,0,-798.7856994,0,0.04493760711,0,13.00090565,0,1.374537892,0,0.0800259087,0,0.3901070218,0,-0.06357832636,0,0.01192549185,0,0.1053350016,0,13.07336613,-0.6854041152,0,0,0.6140593696,0
6.72,81.39125377,0,-798.7778645,0,0.04573850091,0,13.00476097,0,1.373891058,0,0.08015659968,0,0.3809526361,0,-0.06571476357,0,0.01417304986,0,0.1052548159,0,13.07713212,-0.6854041152,0,0,0.6140593696,0
6.73,81.52181538,0,-798.7701426,0,0.04654081009,0,13.00852459,0,1.373225005,0,0.0803085991,0,0.3717666972,0,-0.06742869051,0,0.01618940432,0,0.1051739511,0,13.08080498,-0.6854041152,0,0,0.6140593696,0
6.74,81.65241996,0,-798.7625341,0,0.0473447364,0,13.01219621,0,1.372543768,0,0.08047966122,0,0.3625523293,0,-0.06875738019,0,0.01798776645,0,0.1050927154,0,13.08438484,-0.6854041152,0,0,0.6140593696,0
6.75,81.78306652,0,-798.7550392,0,0.04815045977,0,13.01577555,0,1.371851024,0,0.08066767083,0,0.3533125011,0,-0.06973566618,0,0.01958102121,0,0.1050113888,0,13.08787181,-0.6854041152,0,0,0.6140593696,0
6.76,81.91375402,0,-798.7476584,0,0.04895813965,0,13.01926239,0,1.371150114,0,0.08087063979,0,0.3440500304,0,-0.0703960397,0,0.02098168651,0,0.1049302252,0,13.09126601,-0.6854041152,0,0,0.6140593696,0
6.77,82.04448147,0,-798.7403921,0,0.04976791618,0,13.02265649,0,1.370444062,0,0.08108670311,0,0.334767589,0,-0.0707687491,0,0.0222018801,0,0.1048494544,0,13.09456754,-0.6854041152,0,0,0.6140593696,0
6.78,82.17524785,0,-798.7332405,0,0.0505799115,0,13.02595768,0,1.369735603,0,0.08131411491,0,0.3254677083,0,-0.07088190081,0,0.02325329354,0,0.1047692833,0,13.09777649,-0.6854041152,0,0,0.6140593696,0
6.79,82.30605215,0,-798.7262039,0,0.05139423084,0,13.02916579,0,1.369027202,0,0.08155124399,0,0.3161527849,0,-0.07076156089,0,0.02414717237,0,0.1046898983,0,13.10089297,-0.6854041152,0,0,0.6140593696,0
6.8,82.43689334,0,-798.7192828,0,0.05221096368,0,13.03228069,0,1.368321069,0,0.08179656933,0,0.3068250865,0,-0.07043185636,0,0.02489430188,0,0.1046114661,0,13.10391707,-0.6854041152,0,0,0.6140593696,0
6.81,82.56777042,0,-798.7124773,0,0.0530301848,0,13.03530226,0,1.367619188,0,0.08204867538,0,0.2974867584,0,-0.06991507583,0,0.02550499769,0,0.1045341356,0,13.10684887,-0.6854041152,0,0,0.6140593696,0
6.82,82.69868238,0,-798.7057877,0,0.05385195538,0,13.0382304,0,1.366923323,0,0.08230624744,0,0.2881398289,0,-0.06923176871,0,0.02598910078,0,0.1044580392,0,13.10968845,-0.6854041152,0,0,0.6140593696,0
6.83,82.82962819,0,-798.6992144,0,0.05467632388,0,13.04106503,0,1.366235044,0,0.08256806677,0,0.2787862162,0,-0.0684008427,0,0.02635597623,0,0.1043832942,0,13.11243591,-0.6854041152,0,0,0.6140593696,0
6.84,82.96060684,0,-798.6927576,0,0.05550332709,0,13.04380611,0,1.365555739,0,0.08283300597,0,0.2694277337,0,-0.06743965903,0,0.02661451523,0,0.1043100038,0,13.11509132,-0.6854041152,0,0,0.6140593696,0
6.85,83.09161732,0,-798.6864175,0,0.05633299091,0,13.04645358,0,1.364886631,0,0.08310002416,0,0.2600660967,0,-0.06636412516,0,0.02677314003,0,0.1042382587,0,13.11765476,-0.6854041152,0,0,0.6140593696,0
6.86,83.22265862,0,-798.6801944,0,0.05716533128,0,13.04900742,0,1.364228789,0,0.08336816238,0,0.2507029276,0,-0.0651887847,0,0.0268398112,0,0.1041681375,0,13.12012633,-0.6854041152,0,0,0.6140593696,0
6.87,83.35372971,0,-798.6740885,0,0.05800035493,0,13.05146764,0,1.363583144,0,0.08363653902,0,0.2413397619,0,-0.06392690432,0,0.02682203707,0,0.1040997087,0,13.1225061,-0.6854041152,0,0,0.6140593696,0
6.88,83.48482958,0,-798.6681,0,0.05883806014,0,13.05383422,0,1.362950499,0,0.08390434531,0,0.2319780536,0,-0.06259055747,0,0.02672688485,0,0.1040330306,0,13.12479417,-0.6854041152,0,0,0.6140593696,0
6.89,83.61595721,0,-798.6622291,0,0.05967843745,0,13.05610721,0,1.362331544,0,0.08417084103,0,0.2226191804,0,-0.06119070472,0,0.02656099313,0,0.103968153,0,13.12699062,-0.6854041152,0,0,0.6140593696,0
6.9,83.7471116,0,-798.656476,0,0.06052147032,0,13.05828662,0,1.361726863,0,0.08443535023,0,0.2132644489,0,-0.05973727083,0,0.02633058564,0,0.1039051176,0,13.12909553,-0.6854041152,0,0,0.6140593696,0
6.91,83.87829172,0,-798.6508409,0,0.06136713577,0,13.06037251,0,1.361136947,0,0.08469725721,0,0.2039150992,0,-0.05823921823,0,0.02604148583,0,0.1038439591,0,13.13110902,-0.6854041152,0,0,0.6140593696,0
6.92,84.00949655,0,-798.6453241,0,0.06221540491,0,13.06236494,0,1.360562201,0,0.08495600254,0,0.1945723099,0,-0.05670461714,0,0.02569913216,0,0.1037847054,0,13.13303116,-0.6854041152,0,0,0.6140593696,0
6.93,84.14072509,0,-798.6399255,0,0.06306624357,0,13.06426399,0,1.360002952,0,0.08521107933,0,0.1852372019,0,-0.05514071207,0,0.02530859397,0,0.1037273788,0,13.13486207,-0.6854041152,0,0,0.6140593696,0
6.94,84.27197632,0,-798.6346455,0,0.06391961273,0,13.06606972,0,1.359459462,0,0.08546202961,0,0.1759108431,0,-0.05355398506,0,0.02487458754,0,0.1036719963,0,13.13660184,-0.6854041152,0,0,0.6140593696,0
6.95,84.40324923,0,-798.6294841,0,0.06477546902,0,13.06778223,0,1.358931929,0,0.08570844087,0,0.1665942521,0,-0.05195021528,0,0.02440149246,0,0.1036185704,0,13.13825059,-0.6854041152,0,0,0.6140593696,0
6.96,84.53454279,0,-798.6244415,0,0.06563376517,0,13.06940164,0,1.358420497,0,0.08594994278,0,0.1572884017,0,-0.05033453552,0,0.02389336795,0,0.1035671093,0,13.13980843,-0.6854041152,0,0,0.6140593696,0
6.97,84.66585601,0,-798.6195178,0,0.0664944504,0,13.07092804,0,1.357925263,0,0.08618620406,0,0.1479942228,0,-0.04871148519,0,0.02335396922,0,0.1035176177,0,13.14127547,-0.6854041152,0,0,0.6140593696,0
6.98,84.79718786,0,-798.6147131,0,0.06735747079,0,13.07236157,0,1.357446279,0,0.08641692955,0,0.1387126074,0,-0.04708506029,0,0.02278676351,0,0.1034700968,0,13.14265184,-0.6854041152,0,0,0.6140593696,0
6.99,84.92853733,0,-798.6100276,0,0.06822276966,0,13.07370234,0,1.356983561,0,0.08664185736,0,0.1294444116,0,-0.04545876018,0,0.02219494602,0,0.1034245454,0,13.14393766,-0.6854041152,0,0,0.6140593696,0
7,85.05990342,0,-798.6054613,0,0.06909028784,0,13.0749505,0,1.356537093,0,0.08686075628,0,0.1201904585,0,-0.04383563145,0,0.02158145548,0,0.1033809594,0,13.14513307,-0.6854041152,0,0,0.6140593696,0
7.01,85.1912851,0,-798.6010143,0,0.069959964,0,13.0761062,0,1.356106829,0,0.08707342327,0,0.110951541,0,-0.04221830881,0,0.02094898926,0,0.103339333,0,13.14623821,-0.6854041152,0,0,0.6140593696,0
7.02,85.32268138,0,-798.5966866,0,0.07083173493,0,13.07716958,0,1.3556927,0,0.08727968111,0,0.1017284243,0,-0.04060905329,0,0.02030001816,0,0.1032996582,0,13.14725321,-0.6854041152,0,0,0.6140593696,0
7.03,85.45409125,0,-798.5924785,0,0.07170553575,0,13.07814082,0,1.355294615,0,0.0874793762,0,0.09252184794,0,-0.03900978777,0,0.01963680065,0,0.1032619258,0,13.14817823,-0.6854041152,0,0,0.6140593696,0
7.04,85.58551369,0,-798.5883899,0,0.07258130014,0,13.07902008,0,1.354912465,0,0.08767237654,0,0.08333252809,0,-0.03742212998,0,0.01896139663,0,0.1032261249,0,13.14901342,-0.6854041152,0,0,0.6140593696,0
7.05,85.71694771,0,-798.5844208,0,0.07345896058,0,13.07980753,0,1.354546129,0,0.0878585698,0,0.07416115961,0,-0.03584742303,0,0.01827568068,0,0.1031922438,0,13.14975894,-0.6854041152,0,0,0.6140593696,0
7.06,85.84839229,0,-798.5805713,0,0.07433844852,0,13.08050336,0,1.35419547,0,0.0880378615,0,0.06500841779,0,-0.03428676377,0,0.01758135471,0,0.1031602699,0,13.15041496,-0.6854041152,0,0,0.6140593696,0
7.07,85.97984644,0,-798.5768415,0,0.07521969454,0,13.08110776,0,1.353860344,0,0.08821017337,0,0.05587496002,0,-0.03274102885,0,0.01687996011,0,0.1031301897,0,13.15098164,-0.6854041152,0,0,0.6140593696,0
7.08,86.11130915,0,-798.5732313,0,0.07610262851,0,13.08162093,0,1.353540597,0,0.08837544181,0,0.04676142738,0,-0.03121089881,0,0.01617288934,0,0.1031019892,0,13.15145917,-0.6854041152,0,0,0.6140593696,0
7.09,86.24277943,0,-798.5697407,0,0.07698717973,0,13.08204306,0,1.353236072,0,0.08853361644,0,0.03766844606,0,-0.0296968802,0,0.01546139686,0,0.1030756543,0,13.15184772,-0.6854041152,0,0,0.6140593696,0
7.1,86.37425627,0,-798.5663698,0,0.07787327706,0,13.08237437,0,1.352946605,0,0.08868465879,0,0.02859662866,0,-0.02819932586,0,0.01474660964,0,0.10305117,0,13.15214749,-0.6854041152,0,0,0.6140593696,0
7.11,86.50573868,0,-798.5631185,0,0.07876084904,0,13.08261507,0,1.35267203,0,0.08882854104,0,0.01954657538,0,-0.02671845353,0,0.01402953698,0,0.1030285217,0,13.15235867,-0.6854041152,0,0,0.6140593696,0
7.12,86.63722566,0,-798.5599869,0,0.07964982395,0,13.08276538,0,1.35241218,0,0.08896524494,0,0.01051887514,0,-0.02525436279,0,0.01331107989,0,0.1030076944,0,13.15248146,-0.6854041152,0,0,0.6140593696,0
7.13,86.76871622,0,-798.5569748,0,0.08054012997,0,13.08282552,0,1.352166887,0,0.08909476072,0,0.001514106522,0,-0.02380705053,0,0.01259203987,0,0.1029886732,0,13.15251607,-0.6854041152,0,0,0.6140593696,0
7.14,86.90020937,0,-798.5540823,0,0.0814316952,0,13.08279574,0,1.351935983,0,0.08921708617,0,-0.007467161269,0,-0.02237642503,0,0.01187312714,0,0.1029714431,0,13.1524627,-0.6854041152,0,0,0.6140593696,0
7.15,87.03170413,0,-798.5513092,0,0.08232444774,0,13.08267626,0,1.351719303,0,0.08933222579,0,-0.01642436762,0,-0.02096231868,0,0.01115496847,0,0.1029559894,0,13.15232159,-0.6854041152,0,0,0.6140593696,0
7.16,87.16319949,0,-798.5486556,0,0.08321831579,0,13.08246733,0,1.351516682,0,0.0894401899,0,-0.02535695976,0,-0.01956449953,0,0.0104381144,0,0.1029422977,0,13.15209294,-0.6854041152,0,0,0.6140593696,0
7.17,87.29469449,0,-798.5461213,0,0.08411322767,0,13.0821692,0,1.35132796,0,0.08954099404,0,-0.03426439207,0,-0.01818268166,0,0.009723046084,0,0.1029303535,0,13.151777,-0.6854041152,0,0,0.6140593696,0
7.18,87.42618814,0,-798.5437063,0,0.08500911187,0,13.08178213,0,1.351152977,0,0.08963465818,0,-0.04314612554,0,-0.01681653454,0,0.009010181574,0,0.1029201427,0,13.151374,-0.6854041152,0,0,0.6140593696,0
7.19,87.55767946,0,-798.5414104,0,0.08590589712,0,13.08130637,0,1.350991578,0,0.08972120622,0,-0.05200162715,0,-0.01546569142,0,0.008299881772,0,0.1029116516,0,13.15088417,-0.6854041152,0,0,0.6140593696,0
7.2,87.68916747,0,-798.5392336,0,0.08680351237,0,13.08074218,0,1.350843613,0,0.0898006654,0,-0.06083036943,0,-0.01412975678,0,0.007592455894,0,0.1029048667,0,13.15030777,-0.6854041152,0,0,0.6140593696,0
7.21,87.8206512,0,-798.5371758,0,0.08770188689,0,13.08008985,0,1.350708935,0,0.0898730658,0,-0.06963183005,0,-0.01280831302,0,0.006888166564,0,0.1028997748,0,13.14964506,-0.6854041152,0,0,0.6140593696,0
7.22,87.95212967,0,-798.5352368,0,0.08860095026,0,13.07934964,0,1.3505874,0,0.08993843992,0,-0.07840549138,0,-0.01150092631,0,0.006187234526,0,0.1028963632,0,13.14889628,-0.6854041152,0,0,0.6140593696,0
7.23,88.08360193,0,-798.5334165,0,0.08950063239,0,13.07852184,0,1.350478871,0,0.08999682229,0,-0.08715084021,0,-0.01020715187,0,0.005489842993,0,0.1028946194,0,13.1480617,-0.6854041152,0,0,0.6140593696,0
7.24,88.215067,0,-798.5317148,0,0.09040086352,0,13.07760672,0,1.350383213,0,0.09004824908,0,-0.09586736743,0,-0.008926538463,0,0.004796141657,0,0.1028945314,0,13.1471416,-0.6854041152,0,0,0.6140593696,0
7.25,88.34652392,0,-798.5301314,0,0.09130157431,0,13.07660459,0,1.350300298,0,0.09009275782,0,-0.1045545677,0,-0.00765863244,0,0.004106250385,0,0.1028960874,0,13.14613625,-0.6854041152,0,0,0.6140593696,0
7.26,88.47797173,0,-798.5286663,0,0.09220269575,0,13.07551573,0,1.35023,0,0.0901303871,0,-0.1132119395,0,-0.006402981172,0,0.003420262602,0,0.1028992761,0,13.14504593,-0.6854041152,0,0,0.6140593696,0
7.27,88.60940948,0,-798.5273193,0,0.09310415925,0,13.07434045,0,1.350172199,0,0.09016117632,0,-0.1218389844,0,-0.005159136044,0,0.002738248402,0,0.1029040865,0,13.14387093,-0.6854041152,0,0,0.6140593696,0
7.28,88.74083621,0,-798.5260901,0,0.09400589661,0,13.07307905,0,1.350126779,0,0.09018516548,0,-0.1304352074,0,-0.003926655003,0,0.002060257381,0,0.1029105079,0,13.14261154,-0.6854041152,0,0,0.6140593696,0
7.29,88.87225097,0,-798.5249786,0,0.09490784003,0,13.07173185,0,1.350093629,0,0.09020239498,0,-0.1390001167,0,-0.002705104711,0,0.00138632123,0,0.1029185301,0,13.14126806,-0.6854041152,0,0,0.6140593696,0
7.3,89.00365282,0,-798.5239846,0,0.09580992211,0,13.07029916,0,1.350072642,0,0.09021290547,0,-0.1475332234,0,-0.001494062345,0,0.0007164560881,0,0.1029281432,0,13.1398408,-0.6854041152,0,0,0.6140593696,0
7.31,89.13504082,0,-798.5231079,0,0.09671207588,0,13.06878129,0,1.350063714,0,0.09021673767,0,-0.1560340413,0,-0.0002931170859,0,5.06646844e-05,0,0.1029393376,0,13.13833005,-0.6854041152,0,0,0.6140593696,0
7.32,89.26641402,0,-798.5223483,0,0.09761423474,0,13.06717858,0,1.350066747,0,0.0902139323,0,-0.1645020874,0,0.0008981286839,0,-0.0006110617271,0,0.1029521038,0,13.13673614,-0.6854041152,0,0,0.6140593696,0
7.33,89.39777149,0,-798.5217054,0,0.09851633253,0,13.06549136,0,1.350081646,0,0.09020452992,0,-0.1729368811,0,0.002080058436,0,-0.001268741618,0,0.1029664331,0,13.13505938,-0.6854041152,0,0,0.6140593696,0
7.34,89.52911229,0,-798.5211791,0,0.09941830349,0,13.06371996,0,1.350108319,0,0.09018857086,0,-0.1813379445,0,0.003253040772,0,-0.00192240161,0,0.1029823168,0,13.1333001,-0.6854041152,0,0,0.6140593696,0
7.35,89.66043551,0,-798.5207692,0,0.1003200822,0,13.06186472,0,1.350146678,0,0.09016609517,0,-0.1897048027,0,0.004417428907,0,-0.002572075063,0,0.1029997463,0,13.13145864,-0.6854041152,0,0,0.6140593696,0
7.36,89.79174022,0,-798.5204753,0,0.1012216038,0,13.05992598,0,1.35019664,0,0.09013714251,0,-0.1980369831,0,0.005573560319,0,-0.003217800806,0,0.1030187138,0,13.12953531,-0.6854041152,0,0,0.6140593696,0
7.37,89.92302549,0,-798.5202972,0,0.1021228036,0,13.05790409,0,1.350258123,0,0.09010175216,0,-0.2063340158,0,0.006721756561,0,-0.003859622013,0,0.1030392112,0,13.12753047,-0.6854041152,0,0,0.6140593696,0
7.38,90.05429041,0,-798.5202346,0,0.1030236175,0,13.05579942,0,1.350331049,0,0.09005996293,0,-0.2145954335,0,0.0078623232,0,-0.004497585196,0,0.1030612311,0,13.12544446,-0.6854041152,0,0,0.6140593696,0
7.39,90.18553407,0,-798.5202872,0,0.1039239817,0,13.05361231,0,1.350415345,0,0.09001181315,0,-0.2228207717,0,0.008995549881,0,-0.005131739321,0,0.103084766,0,13.12327763,-0.6854041152,0,0,0.6140593696,0
7.4,90.31675557,0,-798.5204548,0,0.1048238327,0,13.05134312,0,1.350510937,0,0.08995734066,0,-0.2310095682,0,0.01012171048,0,-0.005762135026,0,0.1031098089,0,13.12103034,-0.6854041152,0,0,0.6140593696,0
7.41,90.447954,0,-798.5207369,0,0.1057231075,0,13.04899224,0,1.350617756,0,0.08989658279,0,-0.2391613637,0,0.01124106335,0,-0.006388823935,0,0.1031363529,0,13.11870294,-0.6854041152,0,0,0.6140593696,0
7.42,90.57912845,0,-798.5211334,0,0.1066217435,0,13.04656002,0,1.350735736,0,0.08982957636,0,-0.2472757015,0,0.01235385164,0,-0.007011858063,0,0.1031643912,0,13.1162958,-0.6854041152,0,0,0.6140593696,0
7.43,90.71027805,0,-798.5216438,0,0.1075196784,0,13.04404685,0,1.350864812,0,0.08975635763,0,-0.2553521276,0,0.01346030367,0,-0.007631289299,0,0.1031939173,0,13.11380928,-0.6854041152,0,0,0.6140593696,0
7.44,90.84140189,0,-798.5222678,0,0.1084168501,0,13.04145311,0,1.351004922,0,0.0896769624,0,-0.2633901905,0,0.01456063333,0,-0.008247168958,0,0.1032249249,0,13.11124378,-0.6854041152,0,0,0.6140593696,0
7.45,90.97249909,0,-798.5230051,0,0.1093131971,0,13.03877917,0,1.351156005,0,0.08959142592,0,-0.2713894418,0,0.01565504058,0,-0.008859547408,0,0.1032574078,0,13.10859966,-0.6854041152,0,0,0.6140593696,0
7.46,91.10356878,0,-798.5238553,0,0.1102086583,0,13.03602545,0,1.351318004,0,0.08949978295,0,-0.2793494357,0,0.01674371192,0,-0.009468473749,0,0.10329136,0,13.1058773,-0.6854041152,0,0,0.6140593696,0
7.47,91.23461008,0,-798.5248181,0,0.1111031726,0,13.03319232,0,1.351490861,0,0.08940206778,0,-0.2872697291,0,0.01782682092,0,-0.01007399554,0,0.1033267756,0,13.1030771,-0.6854041152,0,0,0.6140593696,0
7.48,91.36562211,0,-798.5258931,0,0.1119966795,0,13.03028019,0,1.351674522,0,0.08929831422,0,-0.2951498819,0,0.01890452873,0,-0.0106761586,0,0.1033636489,0,13.10019945,-0.6854041152,0,0,0.6140593696,0
7.49,91.49660402,0,-798.5270798,0,0.1128891188,0,13.02728946,0,1.351868934,0,0.08918855565,0,-0.3029894569,0,0.01997698464,0,-0.01127500681,0,0.1034019743,0,13.09724476,-0.6854041152,0,0,0.6140593696,0
7.5,91.62755493,0,-798.528378,0,0.1137804307,0,13.02422053,0,1.352074045,0,0.08907282499,0,-0.3107880198,0,0.02104432663,0,-0.01187058197,0,0.1034417463,0,13.09421341,-0.6854041152,0,0,0.6140593696,0
7.51,91.758474,0,-798.5297872,0,0.1146705555,0,13.02107383,0,1.352289804,0,0.08895115478,0,-0.3185451392,0,0.02210668191,0,-0.01246292375,0,0.1034829594,0,13.09110582,-0.6854041152,0,0,0.6140593696,0
7.52,91.88936038,0,-798.531307,0,0.1155594341,0,13.01784977,0,1.352516162,0,0.08882357716,0,-0.3262603867,0,0.02316416745,0,-0.01305206953,0,0.1035256085,0,13.0879224,-0.6854041152,0,0,0.6140593696,0
7.53,92.02021322,0,-798.5329369,0,0.1164470075,0,13.01454877,0,1.352753071,0,0.08869012392,0,-0.3339333371,0,0.02421689055,0,-0.01363805442,0,0.1035696883,0,13.08466356,-0.6854041152,0,0,0.6140593696,0
7.54,92.15103167,0,-798.5346766,0,0.1173332171,0,13.01117125,0,1.353000484,0,0.08855082649,0,-0.3415635682,0,0.02526494935,0,-0.01422091122,0,0.1036151937,0,13.08132973,-0.6854041152,0,0,0.6140593696,0
7.55,92.28181492,0,-798.5365257,0,0.1182180046,0,13.00771764,0,1.353258355,0,0.08840571601,0,-0.3491506608,0,0.02630843334,0,-0.01480067039,0,0.1036621196,0,13.07792133,-0.6854041152,0,0,0.6140593696,0
7.56,92.41256212,0,-798.5384836,0,0.1191013121,0,13.00418838,0,1.353526638,0,0.0882548233,0,-0.356694199,0,0.02734742387,0,-0.01537736008,0,0.1037104612,0,13.07443879,-0.6854041152,0,0,0.6140593696,0
7.57,92.54327245,0,-798.5405499,0,0.1199830819,0,13.0005839,0,1.353805289,0,0.08809817894,0,-0.3641937701,0,0.02838199465,0,-0.01595100618,0,0.1037602134,0,13.07088255,-0.6854041152,0,0,0.6140593696,0
7.58,92.6739451,0,-798.5427242,0,0.1208632567,0,12.99690465,0,1.354094263,0,0.08793581324,0,-0.3716489646,0,0.02941221219,0,-0.0165216323,0,0.1038113715,0,13.06725303,-0.6854041152,0,0,0.6140593696,0
7.59,92.80457925,0,-798.5450059,0,0.1217417792,0,12.99315107,0,1.354393519,0,0.08776775628,0,-0.3790593762,0,0.03043813629,0,-0.01708925987,0,0.1038639306,0,13.06355069,-0.6854041152,0,0,0.6140593696,0
7.6,92.93517409,0,-798.5473947,0,0.1226185929,0,12.98932361,0,1.354703012,0,0.08759403796,0,-0.386424602,0,0.03145982043,0,-0.0176539082,0,0.1039178861,0,13.05977596,-0.6854041152,0,0,0.6140593696,0
7.61,93.06572883,0,-798.54989,0,0.1234936412,0,12.98542273,0,1.355022701,0,0.08741468798,0,-0.3937442424,0,0.03247731224,0,-0.0182155945,0,0.1039732331,0,13.05592931,-0.6854041152,0,0,0.6140593696,0
7.62,93.19624267,0,-798.5524914,0,0.124366868,0,12.98144888,0,1.355352544,0,0.08722973589,0,-0.4010179012,0,0.03349065384,0,-0.01877433399,0,0.104029967,0,13.05201117,-0.6854041152,0,0,0.6140593696,0
7.63,93.32671481,0,-798.5551982,0,0.1252382174,0,12.97740253,0,1.355692501,0,0.08703921108,0,-0.4082451854,0,0.03449988226,0,-0.01933013997,0,0.1040880832,0,13.04802202,-0.6854041152,0,0,0.6140593696,0
7.64,93.45714448,0,-798.5580101,0,0.1261076337,0,12.97328414,0,1.356042528,0,0.08684314282,0,-0.4154257058,0,0.03550502976,0,-0.01988302389,0,0.1041475771,0,13.0439623,-0.6854041152,0,0,0.6140593696,0
7.65,93.5875309,0,-798.5609265,0,0.1269750618,0,12.96909417,0,1.356402588,0,0.0866415603,0,-0.4225590764,0,0.03650612421,0,-0.02043299543,0,0.104208444,0,13.0398325,-0.6854041152,0,0,0.6140593696,0
7.66,93.71787329,0,-798.5639469,0,0.1278404467,0,12.96483311,0,1.356772638,0,0.08643449259,0,-0.4296449146,0,0.03750318938,0,-0.0209800626,0,0.1042706794,0,13.03563307,-0.6854041152,0,0,0.6140593696,0
7.67,93.84817089,0,-798.5670707,0,0.1287037335,0,12.96050143,0,1.357152638,0,0.0862219687,0,-0.4366828415,0,0.03849624526,0,-0.02152423178,0,0.1043342787,0,13.0313645,-0.6854041152,0,0,0.6140593696,0
7.68,93.97842294,0,-798.5702974,0,0.1295648679,0,12.95609962,0,1.357542549,0,0.08600401759,0,-0.4436724818,0,0.0394853083,0,-0.02206550786,0,0.1043992373,0,13.02702725,-0.6854041152,0,0,0.6140593696,0
7.69,94.10862869,0,-798.5736265,0,0.1304237959,0,12.95162815,0,1.357942331,0,0.08578066817,0,-0.4506134635,0,0.04047039175,0,-0.02260389429,0,0.1044655508,0,13.02262182,-0.6854041152,0,0,0.6140593696,0
7.7,94.23878738,0,-798.5770574,0,0.1312804634,0,12.94708751,0,1.358351944,0,0.08555194932,0,-0.4575054183,0,0.04145150584,0,-0.02313939315,0,0.1045332146,0,13.01814868,-0.6854041152,0,0,0.6140593696,0
7.71,94.36889829,0,-798.5805895,0,0.132134817,0,12.9424782,0,1.358771348,0,0.08531788992,0,-0.4643479816,0,0.04242865804,0,-0.02367200525,0,0.1046022242,0,13.01360832,-0.6854041152,0,0,0.6140593696,0
7.72,94.49896066,0,-798.5842222,0,0.1329868035,0,12.93780072,0,1.359200504,0,0.08507851883,0,-0.4711407923,0,0.04340185328,0,-0.02420173021,0,0.104672575,0,13.00900124,-0.6854041152,0,0,0.6140593696,0
7.73,94.62897378,0,-798.5879551,0,0.1338363698,0,12.93305555,0,1.359639372,0,0.08483386494,0,-0.4778834931,0,0.04437109415,0,-0.02472856652,0,0.1047442626,0,13.00432794,-0.6854041152,0,0,0.6140593696,0
7.74,94.75893693,0,-798.5917874,0,0.1346834633,0,12.92824321,0,1.360087912,0,0.08458395713,0,-0.4845757301,0,0.04533638107,0,-0.02525251162,0,0.1048172822,0,12.99958891,-0.6854041152,0,0,0.6140593696,0
7.75,94.88884938,0,-798.5957187,0,0.1355280315,0,12.92336421,0,1.360546086,0,0.08432882435,0,-0.4912171533,0,0.0462977125,0,-0.02577356198,0,0.1048916296,0,12.99478465,-0.6854041152,0,0,0.6140593696,0
7.76,95.01871043,0,-798.5997483,0,0.1363700225,0,12.91841904,0,1.361013853,0,0.08406849555,0,-0.4978074164,0,0.04725508504,0,-0.02629171313,0,0.1049673,0,12.98991568,-0.6854041152,0,0,0.6140593696,0
7.77,95.14851937,0,-798.6038755,0,0.1372093842,0,12.91340823,0,1.361491175,0,0.08380299976,0,-0.5043461768,0,0.04820849364,0,-0.02680695978,0,0.1050442889,0,12.98498249,-0.6854041152,0,0,0.6140593696,0
7.78,95.27827552,0,-798.6080999,0,0.1380460653,0,12.90833229,0,1.36197801,0,0.08353236605,0,-0.5108330954,0,0.04915793171,0,-0.02731929584,0,0.1051225918,0,12.97998562,-0.6854041152,0,0,0.6140593696,0
7.79,95.40797817,0,-798.6124207,0,0.1388800145,0,12.90319174,0,1.36247432,0,0.08325662356,0,-0.5172678373,0,0.05010339123,0,-0.02782871451,0,0.1052022041,0,12.97492557,-0.6854041152,0,0,0.6140593696,0
7.8,95.53762665,0,-798.6168374,0,0.1397111809,0,12.89798711,0,1.362980065,0,0.0829758015,0,-0.5236500709,0,0.05104486289,0,-0.0283352083,0,0.1052831211,0,12.96980286,-0.6854041152,0,0,0.6140593696,0
7.81,95.66722029,0,-798.6213492,0,0.1405395137,0,12.89271892,0,1.363495204,0,0.08268992916,0,-0.5299794686,0,0.05198233617,0,-0.0288387691,0,0.1053653383,0,12.96461801,-0.6854041152,0,0,0.6140593696,0
7.82,95.79675841,0,-798.6259557,0,0.1413649627,0,12.8873877,0,1.364019698,0,0.08239903592,0,-0.5362557067,0,0.05291579948,0,-0.02933938826,0,0.105448851,0,12.95937157,-0.6854041152,0,0,0.6140593696,0
7.83,95.92624035,0,-798.630656,0,0.1421874778,0,12.88199398,0,1.364553507,0,0.08210315123,0,-0.5424784652,0,0.05384524018,0,-0.02983705658,0,0.1055336546,0,12.95406404,-0.6854041152,0,0,0.6140593696,0
7.84,96.05566545,0,-798.6354496,0,0.1430070092,0,12.87653831,0,1.365096589,0,0.08180230465,0,-0.5486474277,0,0.05477064472,0,-0.03033176441,0,0.1056197444,0,12.94869598,-0.6854041152,0,0,0.6140593696,0
7.85,96.18503308,0,-798.6403359,0,0.1438235074,0,12.87102121,0,1.365648906,0,0.08149652584,0,-0.5547622819,0,0.05569199867,0,-0.03082350164,0,0.1057071157,0,12.9432679,-0.6854041152,0,0,0.6140593696,0
7.86,96.31434257,0,-798.645314,0,0.1446369234,0,12.86544324,0,1.366210416,0,0.08118584455,0,-0.5608227193,0,0.05660928682,0,-0.03131225778,0,0.1057957638,0,12.93778036,-0.6854041152,0,0,0.6140593696,0
7.87,96.44359331,0,-798.6503835,0,0.1454472081,0,12.85980494,0,1.366781078,0,0.08087029065,0,-0.5668284351,0,0.0575224932,0,-0.031798022,0,0.1058856839,0,12.9322339,-0.6854041152,0,0,0.6140593696,0
7.88,96.57278467,0,-798.6555435,0,0.146254313,0,12.85410686,0,1.367360852,0,0.08054989412,0,-0.5727791285,0,0.05843160116,0,-0.03228078311,0,0.1059768712,0,12.92662906,-0.6854041152,0,0,0.6140593696,0
7.89,96.70191601,0,-798.6607935,0,0.1470581899,0,12.84834954,0,1.367949696,0,0.08022468503,0,-0.5786745025,0,0.05933659341,0,-0.03276052966,0,0.1060693211,0,12.92096639,-0.6854041152,0,0,0.6140593696,0
7.9,96.83098674,0,-798.6661326,0,0.1478587908,0,12.84253355,0,1.36854757,0,0.07989469361,0,-0.584514264,0,0.06023745207,0,-0.03323724993,0,0.1061630286,0,12.91524644,-0.6854041152,0,0,0.6140593696,0
7.91,96.95999624,0,-798.6715603,0,0.148656068,0,12.83665944,0,1.369154432,0,0.07955995016,0,-0.5902981237,0,0.06113415868,0,-0.03371093195,0,0.1062579889,0,12.90946976,-0.6854041152,0,0,0.6140593696,0
7.92,97.08894391,0,-798.6770759,0,0.1494499741,0,12.83072778,0,1.369770239,0,0.07922048513,0,-0.5960257963,0,0.06202669425,0,-0.03418156357,0,0.1063541972,0,12.90363692,-0.6854041152,0,0,0.6140593696,0
7.93,97.21782916,0,-798.6826785,0,0.150240462,0,12.82473912,0,1.370394952,0,0.07887632909,0,-0.6016970003,0,0.0629150393,0,-0.03464913244,0,0.1064516484,0,12.89774848,-0.6854041152,0,0,0.6140593696,0
7.94,97.34665141,0,-798.6883676,0,0.1510274851,0,12.81869403,0,1.371028526,0,0.07852751273,0,-0.6073114582,0,0.06379917387,0,-0.03511362603,0,0.1065503377,0,12.89180499,-0.6854041152,0,0,0.6140593696,0
7.95,97.47541009,0,-798.6941423,0,0.1518109969,0,12.81259308,0,1.371670921,0,0.07817406686,0,-0.6128688964,0,0.06467907755,0,-0.03557503171,0,0.1066502601,0,12.88580702,-0.6854041152,0,0,0.6140593696,0
7.96,97.60410461,0,-798.700002,0,0.1525909511,0,12.80643684,0,1.372322093,0,0.07781602243,0,-0.6183690451,0,0.06555472947,0,-0.03603333668,0,0.1067514106,0,12.87975514,-0.6854041152,0,0,0.6140593696,0
7.97,97.73273441,0,-798.705946,0,0.1533673021,0,12.80022589,0,1.372982001,0,0.0774534105,0,-0.6238116384,0,0.06642610837,0,-0.03648852805,0,0.1068537841,0,12.87364992,-0.6854041152,0,0,0.6140593696,0
7.98,97.86129895,0,-798.7119734,0,0.1541400042,0,12.7939608,0,1.373650601,0,0.07708626228,0,-0.6291964146,0,0.06729319258,0,-0.03694059285,0,0.1069573755,0,12.86749194,-0.6854041152,0,0,0.6140593696,0
7.99,97.98979767,0,-798.7180837,0,0.1549090123,0,12.78764215,0,1.374327851,0,0.0767146091,0,-0.6345231157,0,0.06815596001,0,-0.03738951802,0,0.1070621798,0,12.86128178,-0.6854041152,0,0,0.6140593696,0
8,98.11823002,0,-798.7242759,0,0.1556742815,0,12.78127053,0,1.375013706,0,0.07633848243,0,-0.6397914877,0,0.06901438822,0,-0.03783529043,0,0.1071681917,0,12.85502,-0.6854041152,0,0,0.6140593696,0
8.01,98.24659549,0,-798.7305495,0,0.1564357672,0,12.77484652,0,1.375708124,0,0.07595791385,0,-0.6450012806,0,0.06986845436,0,-0.0382778969,0,0.1072754061,0,12.84870719,-0.6854041152,0,0,0.6140593696,0
8.02,98.37489354,0,-798.7369035,0,0.1571934251,0,12.7683707,0,1.376411061,0,0.07557293508,0,-0.6501522482,0,0.07071813524,0,-0.03871732421,0,0.1073838178,0,12.84234394,-0.6854041152,0,0,0.6140593696,0
8.03,98.50312365,0,-798.7433374,0,0.1579472113,0,12.76184367,0,1.377122472,0,0.075183578,0,-0.6552441484,0,0.07156340729,0,-0.03915355909,0,0.1074934214,0,12.83593083,-0.6854041152,0,0,0.6140593696,0
8.04,98.6312853,0,-798.7498502,0,0.1586970821,0,12.75526602,0,1.377842314,0,0.07478987458,0,-0.660276743,0,0.07240424656,0,-0.03958658827,0,0.1076042118,0,12.82946845,-0.6854041152,0,0,0.6140593696,0
8.05,98.75937801,0,-798.7564413,0,0.1594429944,0,12.74863834,0,1.378570542,0,0.07439185696,0,-0.6652497978,0,0.07324062878,0,-0.04001639844,0,0.1077161834,0,12.82295739,-0.6854041152,0,0,0.6140593696,0
8.06,98.88740127,0,-798.7631098,0,0.160184905,0,12.74196122,0,1.379307112,0,0.07398955739,0,-0.6701630827,0,0.07407252929,0,-0.04044297627,0,0.1078293309,0,12.81639824,-0.6854041152,0,0,0.6140593696,0
8.07,99.01535458,0,-798.7698551,0,0.1609227714,0,12.73523527,0,1.380051978,0,0.07358300825,0,-0.6750163712,0,0.07489992307,0,-0.04086630846,0,0.1079436489,0,12.8097916,-0.6854041152,0,0,0.6140593696,0
8.08,99.14323748,0,-798.7766763,0,0.1616565511,0,12.72846109,0,1.380805095,0,0.07317224208,0,-0.6798094411,0,0.07572278476,0,-0.04128638169,0,0.1080591319,0,12.80313807,-0.6854041152,0,0,0.6140593696,0
8.09,99.27104948,0,-798.7835726,0,0.1623862022,0,12.72163929,0,1.381566418,0,0.07275729152,0,-0.6845420741,0,0.07654108864,0,-0.04170318262,0,0.1081757743,0,12.79643825,-0.6854041152,0,0,0.6140593696,0
8.1,99.39879012,0,-798.7905432,0,0.1631116831,0,12.71477045,0,1.382335901,0,0.07233818938,0,-0.689214056,0,0.07735480862,0,-0.04211669796,0,0.1082935706,0,12.78969274,-0.6854041152,0,0,0.6140593696,0
8.11,99.52645895,0,-798.7975874,0,0.1638329523,0,12.70785521,0,1.383113499,0,0.07191496856,0,-0.6938251763,0,0.07816391824,0,-0.0425269144,0,0.1084125151,0,12.78290213,-0.6854041152,0,0,0.6140593696,0
8.12,99.6540555,0,-798.8047044,0,0.1645499689,0,12.70089415,0,1.383899164,0,0.07148766213,0,-0.6983752288,0,0.07896839071,0,-0.04293381867,0,0.1085326022,0,12.77606705,-0.6854041152,0,0,0.6140593696,0
8.13,99.78157934,0,-798.8118933,0,0.165262692,0,12.69388791,0,1.384692851,0,0.07105630327,0,-0.7028640111,0,0.07976819884,0,-0.0433373975,0,0.1086538261,0,12.76918809,-0.6854041152,0,0,0.6140593696,0
8.14,99.90903003,0,-798.8191534,0,0.1659710815,0,12.68683708,0,1.385494513,0,0.0706209253,0,-0.7072913249,0,0.08056331509,0,-0.04373763764,0,0.1087761811,0,12.76226587,-0.6854041152,0,0,0.6140593696,0
8.15,100.0364071,0,-798.8264838,0,0.1666750973,0,12.67974229,0,1.386304102,0,0.07018156169,0,-0.7116569759,0,0.08135371154,0,-0.04413452588,0,0.1088996614,0,12.755301,-0.6854041152,0,0,0.6140593696,0
8.16,100.1637103,0,-798.8338838,0,0.1673746996,0,12.67260415,0,1.387121571,0,0.069738246,0,-0.7159607739,0,0.08213935991,0,-0.04452804902,0,0.109024261,0,12.74829409,-0.6854041152,0,0,0.6140593696,0
8.17,100.290939,0,-798.8413525,0,0.1680698491,0,12.66542328,0,1.387946873,0,0.06929101197,0,-0.7202025325,0,0.08292023153,0,-0.04491819388,0,0.109149974,0,12.74124575,-0.6854041152,0,0,0.6140593696,0
8.18,100.4180928,0,-798.8488891,0,0.1687605069,0,12.6582003,0,1.38877996,0,0.06883989343,0,-0.7243820694,0,0.08369629735,0,-0.04530494731,0,0.1092767945,0,12.73415661,-0.6854041152,0,0,0.6140593696,0
8.19,100.5451715,0,-798.8564927,0,0.1694466342,0,12.65093584,0,1.389620783,0,0.06838492437,0,-0.7284992065,0,0.08446752795,0,-0.0456882962,0,0.1094047164,0,12.72702729,-0.6854041152,0,0,0.6140593696,0
8.2,100.6721746,0,-798.8641627,0,0.1701281926,0,12.64363053,0,1.390469294,0,0.0679261389,0,-0.7325537695,0,0.08523389351,0,-0.04606822746,0,0.1095337336,0,12.7198584,-0.6854041152,0,0,0.6140593696,0
8.21,100.7991017,0,-798.8718981,0,0.1708051443,0,12.63628498,0,1.391325444,0,0.06746357125,0,-0.7365455883,0,0.08599536385,0,-0.04644472802,0,0.10966384,0,12.71265057,-0.6854041152,0,0,0.6140593696,0
8.22,100.9259524,0,-798.8796981,0,0.1714774516,0,12.62889983,0,1.392189185,0,0.06699725581,0,-0.7404744967,0,0.08675190838,0,-0.04681778484,0,0.1097950294,0,12.70540442,-0.6854041152,0,0,0.6140593696,0
8.23,101.0527264,0,-798.8875619,0,0.1721450771,0,12.6214757,0,1.393060466,0,0.06652722708,0,-0.7443403326,0,0.08750349611,0,-0.04718738493,0,0.1099272954,0,12.69812058,-0.6854041152,0,0,0.6140593696,0
8.24,101.1794233,0,-798.8954886,0,0.1728079838,0,12.61401323,0,1.393939238,0,0.06605351968,0,-0.748142938,0,0.08825009567,0,-0.04755351529,0,0.1100606319,0,12.69079967,-0.6854041152,0,0,0.6140593696,0
8.25,101.3060428,0,-798.9034774,0,0.1734661353,0,12.60651305,0,1.394825451,0,0.06557616838,0,-0.7518821588,0,0.0889916753,0,-0.047916163,0,0.1101950323,0,12.68344233,-0.6854041152,0,0,0.6140593696,0
8.26,101.4325844,0,-798.9115275,0,0.1741194952,0,12.5989758,0,1.395719055,0,0.06509520807,0,-0.7555578451,0,0.08972820282,0,-0.04827531511,0,0.1103304902,0,12.67604918,-0.6854041152,0,0,0.6140593696,0
8.27,101.559048,0,-798.919638,0,0.1747680276,0,12.59140211,0,1.396619998,0,0.06461067378,0,-0.7591698509,0,0.09045964568,0,-0.04863095876,0,0.1104669992,0,12.66862086,-0.6854041152,0,0,0.6140593696,0
8.28,101.6854331,0,-798.9278081,0,0.1754116969,0,12.58379261,0,1.397528231,0,0.06412260064,0,-0.7627180344,0,0.0911859709,0,-0.04898308107,0,0.1106045526,0,12.66115799,-0.6854041152,0,0,0.6140593696,0
8.29,101.8117395,0,-798.9360369,0,0.1760504679,0,12.57614796,0,1.398443701,0,0.06363102393,0,-0.7662022578,0,0.09190714512,0,-0.04933166921,0,0.1107431439,0,12.65366122,-0.6854041152,0,0,0.6140593696,0
8.3,101.9379668,0,-798.9443236,0,0.1766843058,0,12.56846878,0,1.399366356,0,0.06313597908,0,-0.7696223874,0,0.09262313456,0,-0.04967671038,0,0.1108827662,0,12.64613118,-0.6854041152,0,0,0.6140593696,0
8.31,102.0641147,0,-798.9526673,0,0.177313176,0,12.56075573,0,1.400296146,0,0.06263750159,0,-0.7729782934,0,0.09333390505,0,-0.0500181918,0,0.1110234129,0,12.6385685,-0.6854041152,0,0,0.6140593696,0
8.32,102.1901829,0,-798.9610672,0,0.1779370445,0,12.55300943,0,1.401233017,0,0.06213562715,0,-0.7762698504,0,0.09403942201,0,-0.05035610072,0,0.1111650772,0,12.63097382,-0.6854041152,0,0,0.6140593696,0
8.33,102.3161711,0,-798.9695224,0,0.1785558774,0,12.54523054,0,1.402176917,0,0.06163039153,0,-0.7794969367,0,0.09473965045,0,-0.05069042443,0,0.111307752,0,12.62334779,-0.6854041152,0,0,0.6140593696,0
8.34,102.4420791,0,-798.9780321,0,0.1791696412,0,12.53741971,0,1.403127792,0,0.06112183065,0,-0.782659435,0,0.09543455498,0,-0.05102115023,0,0.1114514305,0,12.61569104,-0.6854041152,0,0,0.6140593696,0
8.35,102.5679065,0,-798.9865953,0,0.179778303,0,12.52957757,0,1.40408559,0,0.06060998056,0,-0.7857572318,0,0.09612409982,0,-0.05134826545,0,0.1115961057,0,12.60800422,-0.6854041152,0,0,0.6140593696,0
8.36,102.6936532,0,-798.9952113,0,0.18038183,0,12.52170478,0,1.405050256,0,0.06009487742,0,-0.7887902178,0,0.09680824875,0,-0.05167175745,0,0.1117417703,0,12.60028796,-0.6854041152,0,0,0.6140593696,0
8.37,102.8193188,0,-799.0038791,0,0.1809801898,0,12.51380198,0,1.406021737,0,0.05957655753,0,-0.791758288,0,0.09748696518,0,-0.05199161362,0,0.1118884172,0,12.59254292,-0.6854041152,0,0,0.6140593696,0
8.38,102.9449031,0,-799.012598,0,0.1815733506,0,12.50586983,0,1.406999977,0,0.05905505731,0,-0.7946613411,0,0.09816021211,0,-0.05230782138,0,0.1120360392,0,12.58476973,-0.6854041152,0,0,0.6140593696,0
8.39,103.0704058,0,-799.021367,0,0.1821612805,0,12.49790897,0,1.407984923,0,0.05853041331,0,-0.7974992801,0,0.09882795214,0,-0.05262036816,0,0.1121846289,0,12.57696904,-0.6854041152,0,0,0.6140593696,0
8.4,103.1958268,0,-799.0301852,0,0.1827439485,0,12.48992006,0,1.408976518,0,0.0580026622,0,-0.8002720122,0,0.09949014745,0,-0.05292924143,0,0.112334179,0,12.5691415,-0.6854041152,0,0,0.6140593696,0
8.41,103.3211657,0,-799.0390519,0,0.1833213235,0,12.48190375,0,1.409974707,0,0.05747184077,0,-0.8029794485,0,0.1001467599,0,-0.05323442869,0,0.112484682,0,12.56128775,-0.6854041152,0,0,0.6140593696,0
8.42,103.4464224,0,-799.047966,0,0.1838933752,0,12.47386069,0,1.410979434,0,0.05693798595,0,-0.8056215044,0,0.1007977508,0,-0.05353591746,0,0.1126361302,0,12.55340844,-0.6854041152,0,0,0.6140593696,0
8.43,103.5715967,0,-799.0569269,0,0.1844600733,0,12.46579154,0,1.411990643,0,0.05640113479,0,-0.8081980992,0,0.1014430811,0,-0.05383369527,0,0.1127885162,0,12.54550422,-0.6854041152,0,0,0.6140593696,0
8.44,103.6966883,0,-799.0659335,0,0.185021388,0,12.45769695,0,1.413008277,0,0.05586132446,0,-0.8107091564,0,0.1020827117,0,-0.05412774971,0,0.1129418321,0,12.53757575,-0.6854041152,0,0,0.6140593696,0
8.45,103.821697,0,-799.074985,0,0.18557729,0,12.44957757,0,1.414032278,0,0.05531859226,0,-0.8131546038,0,0.1027166025,0,-0.05441806837,0,0.1130960703,0,12.52962366,-0.6854041152,0,0,0.6140593696,0
8.46,103.9466227,0,-799.0840805,0,0.1861277502,0,12.44143407,0,1.41506259,0,0.05477297559,0,-0.8155343729,0,0.1033447136,0,-0.05470463888,0,0.1132512228,0,12.52164861,-0.6854041152,0,0,0.6140593696,0
8.47,104.0714652,0,-799.0932192,0,0.18667274,0,12.43326711,0,1.416099153,0,0.05422451202,0,-0.8178483998,0,0.1039670043,0,-0.05498744889,0,0.1134072817,0,12.51365125,-0.6854041152,0,0,0.6140593696,0
8.48,104.1962243,0,-799.1024002,0,0.1872122311,0,12.42507733,0,1.41714191,0,0.05367323919,0,-0.8200966245,0,0.1045834338,0,-0.05526648608,0,0.1135642389,0,12.50563224,-0.6854041152,0,0,0.6140593696,0
8.49,104.3208998,0,-799.1116226,0,0.1877461956,0,12.41686539,0,1.418190802,0,0.05311919491,0,-0.822278991,0,0.1051939608,0,-0.05554173817,0,0.1137220865,0,12.49759222,-0.6854041152,0,0,0.6140593696,0
8.5,104.4454916,0,-799.1208855,0,0.1882746059,0,12.40863197,0,1.41924577,0,0.05256241709,0,-0.8243954476,0,0.1057985435,0,-0.05581319288,0,0.1138808161,0,12.48953185,-0.6854041152,0,0,0.6140593696,0
8.51,104.5699995,0,-799.130188,0,0.1887974349,0,12.4003777,0,1.420306753,0,0.05200294376,0,-0.8264459468,0,0.10639714,0,-0.05608083798,0,0.1140404195,0,12.48145178,-0.6854041152,0,0,0.6140593696,0
8.52,104.6944233,0,-799.1395293,0,0.1893146559,0,12.39210327,0,1.421373692,0,0.05144081307,0,-0.8284304451,0,0.1069897079,0,-0.05634466126,0,0.1142008884,0,12.47335266,-0.6854041152,0,0,0.6140593696,0
8.53,104.818763,0,-799.1489085,0,0.1898262425,0,12.38380931,0,1.422446527,0,0.05087606332,0,-0.8303489032,0,0.1075762044,0,-0.05660465056,0,0.1143622143,0,12.46523515,-0.6854041152,0,0,0.6140593696,0
8.54,104.9430185,0,-799.1583247,0,0.1903321686,0,12.37549651,0,1.423525196,0,0.05030873289,0,-0.832201286,0,0.1081565865,0,-0.05686079372,0,0.1145243888,0,12.4570999,-0.6854041152,0,0,0.6140593696,0
8.55,105.0671895,0,-799.1677771,0,0.1908324086,0,12.36716551,0,1.424609638,0,0.04973886031,0,-0.8339875624,0,0.1087308106,0,-0.05711307863,0,0.1146874031,0,12.44894756,-0.6854041152,0,0,0.6140593696,0
8.56,105.1912759,0,-799.1772646,0,0.1913269374,0,12.35881698,0,1.425699791,0,0.04916648422,0,-0.8357077057,0,0.1092988331,0,-0.0573614932,0,0.1148512486,0,12.44077879,-0.6854041152,0,0,0.6140593696,0
8.57,105.3152777,0,-799.1867866,0,0.1918157301,0,12.35045158,0,1.426795594,0,0.04859164339,0,-0.8373616932,0,0.1098606097,0,-0.0576060254,0,0.1150159165,0,12.43259425,-0.6854041152,0,0,0.6140593696,0
8.58,105.4391948,0,-799.196342,0,0.1922987622,0,12.34206996,0,1.427896983,0,0.0480143767,0,-0.8389495063,0,0.110416096,0,-0.05784666319,0,0.1151813979,0,12.42439458,-0.6854041152,0,0,0.6140593696,0
8.59,105.5630271,0,-799.20593,0,0.1927760097,0,12.33367281,0,1.429003895,0,0.04743472315,0,-0.8404711307,0,0.1109652473,0,-0.0580833946,0,0.1153476839,0,12.41618045,-0.6854041152,0,0,0.6140593696,0
8.6,105.6867744,0,-799.2155498,0,0.1932474488,0,12.32526076,0,1.430116266,0,0.04685272187,0,-0.8419265563,0,0.1115080184,0,-0.05831620769,0,0.1155147654,0,12.40795251,-0.6854041152,0,0,0.6140593696,0
8.61,105.8104368,0,-799.2252004,0,0.1937130564,0,12.3168345,0,1.431234034,0,0.0462684121,0,-0.8433157771,0,0.112044364,0,-0.05854509054,0,0.1156826332,0,12.3997114,-0.6854041152,0,0,0.6140593696,0
8.62,105.934014,0,-799.2348809,0,0.1941728095,0,12.30839467,0,1.432357132,0,0.0456818332,0,-0.8446387913,0,0.1125742383,0,-0.05877003128,0,0.1158512782,0,12.39145779,-0.6854041152,0,0,0.6140593696,0
8.63,106.0575061,0,-799.2445906,0,0.1946266857,0,12.29994194,0,1.433485497,0,0.04509302466,0,-0.8458956012,0,0.1130975952,0,-0.05899101807,0,0.116020691,0,12.38319234,-0.6854041152,0,0,0.6140593696,0
8.64,106.1809131,0,-799.2543285,0,0.1950746627,0,12.29147698,0,1.434619062,0,0.04450202606,0,-0.8470862134,0,0.1136143886,0,-0.05920803914,0,0.1161908622,0,12.37491568,-0.6854041152,0,0,0.6140593696,0
8.65,106.3042348,0,-799.2640937,0,0.195516719,0,12.28300044,0,1.435757762,0,0.04390887714,0,-0.8482106388,0,0.1141245718,0,-0.05942108271,0,0.1163617822,0,12.36662848,-0.6854041152,0,0,0.6140593696,0
8.66,106.4274712,0,-799.2738853,0,0.1959528332,0,12.27451298,0,1.436901531,0,0.04331361771,0,-0.8492688922,0,0.1146280979,0,-0.05963013709,0,0.1165334415,0,12.3583314,-0.6854041152,0,0,0.6140593696,0
8.67,106.5506223,0,-799.2837026,0,0.1963829845,0,12.26601528,0,1.438050302,0,0.04271628774,0,-0.8502609928,0,0.1151249199,0,-0.05983519061,0,0.1167058303,0,12.35002508,-0.6854041152,0,0,0.6140593696,0
8.68,106.6736881,0,-799.2935445,0,0.1968071522,0,12.25750798,0,1.439204007,0,0.04211692728,0,-0.8511869641,0,0.1156149902,0,-0.06003623164,0,0.1168789389,0,12.34171018,-0.6854041152,0,0,0.6140593696,0
8.69,106.7966685,0,-799.3034103,0,0.1972253164,0,12.24899176,0,1.440362579,0,0.04151557652,0,-0.8520468335,0,0.1160982613,0,-0.06023324863,0,0.1170527573,0,12.33338735,-0.6854041152,0,0,0.6140593696,0
8.7,106.9195635,0,-799.313299,0,0.1976374572,0,12.24046727,0,1.44152595,0,0.04091227576,0,-0.8528406329,0,0.1165746854,0,-0.06042623004,0,0.1172272756,0,12.32505724,-0.6854041152,0,0,0.6140593696,0
8.71,107.0423732,0,-799.3232099,0,0.1980435555,0,12.23193517,0,1.44269405,0,0.04030706542,0,-0.8535683982,0,0.1170442142,0,-0.06061516441,0,0.1174024837,0,12.31672051,-0.6854041152,0,0,0.6140593696,0
8.72,107.1650974,0,-799.3331419,0,0.1984435923,0,12.22339612,0,1.443866811,0,0.03969998601,0,-0.8542301698,0,0.1175067994,0,-0.06080004031,0,0.1175783713,0,12.3083778,-0.6854041152,0,0,0.6140593696,0
8.73,107.2877363,0,-799.3430943,0,0.1988375491,0,12.21485078,0,1.445044163,0,0.03909107818,0,-0.8548259921,0,0.1179623925,0,-0.06098084637,0,0.1177549283,0,12.30002977,-0.6854041152,0,0,0.6140593696,0
8.74,107.4102898,0,-799.3530661,0,0.1992254079,0,12.20629982,0,1.446226035,0,0.03848038269,0,-0.8553559137,0,0.1184109446,0,-0.06115757129,0,0.1179321442,0,12.29167706,-0.6854041152,0,0,0.6140593696,0
8.75,107.532758,0,-799.3630566,0,0.199607151,0,12.19774389,0,1.447412358,0,0.0378679404,0,-0.8558199876,0,0.1188524069,0,-0.06133020381,0,0.1181100086,0,12.28332033,-0.6854041152,0,0,0.6140593696,0
8.76,107.6551408,0,-799.3730648,0,0.199982761,0,12.18918364,0,1.448603059,0,0.0372537923,0,-0.8562182709,0,0.1192867302,0,-0.06149873273,0,0.1182885108,0,12.27496023,-0.6854041152,0,0,0.6140593696,0
8.77,107.7774384,0,-799.3830899,0,0.2003522213,0,12.18061974,0,1.449798068,0,0.03663797947,0,-0.8565508251,0,0.1197138651,0,-0.06166314694,0,0.1184676403,0,12.2665974,-0.6854041152,0,0,0.6140593696,0
8.78,107.8996508,0,-799.393131,0,0.2007155152,0,12.17205284,0,1.450997313,0,0.03602054312,0,-0.8568177157,0,0.1201337622,0,-0.06182343535,0,0.1186473861,0,12.25823248,-0.6854041152,0,0,0.6140593696,0
8.79,108.0217779,0,-799.4031872,0,0.2010726269,0,12.1634836,0,1.452200719,0,0.03540152456,0,-0.8570190127,0,0.1205463718,0,-0.06197958696,0,0.1188277375,0,12.24986613,-0.6854041152,0,0,0.6140593696,0
8.8,108.14382,0,-799.4132578,0,0.2014235406,0,12.15491268,0,1.453408216,0,0.03478096521,0,-0.8571547902,0,0.120951644,0,-0.06213159085,0,0.1190086835,0,12.241499,-0.6854041152,0,0,0.6140593696,0
8.81,108.2657769,0,-799.4233417,0,0.2017682412,0,12.14634073,0,1.454619728,0,0.03415890661,0,-0.8572251265,0,0.121349529,0,-0.06227943614,0,0.1191902129,0,12.23313172,-0.6854041152,0,0,0.6140593696,0
8.82,108.3876489,0,-799.4334383,0,0.2021067139,0,12.1377684,0,1.455835181,0,0.03353539039,0,-0.8572301045,0,0.1217399767,0,-0.06242311205,0,0.1193723146,0,12.22476493,-0.6854041152,0,0,0.6140593696,0
8.83,108.509436,0,-799.4435465,0,0.2024389443,0,12.12919634,0,1.457054502,0,0.03291045831,0,-0.8571698108,0,0.122122937,0,-0.06256260785,0,0.1195549774,0,12.21639929,-0.6854041152,0,0,0.6140593696,0
8.84,108.6311382,0,-799.4536657,0,0.2027649184,0,12.12062522,0,1.458277615,0,0.03228415221,0,-0.8570443369,0,0.1224983595,0,-0.06269791291,0,0.1197381898,0,12.20803544,-0.6854041152,0,0,0.6140593696,0
8.85,108.7527556,0,-799.4637948,0,0.2030846229,0,12.11205567,0,1.459504444,0,0.03165651406,0,-0.856853778,0,0.122866194,0,-0.06282901666,0,0.1199219403,0,12.199674,-0.6854041152,0,0,0.6140593696,0
8.86,108.8742884,0,-799.4739332,0,0.2033980444,0,12.10348836,0,1.460734913,0,0.03102758592,0,-0.8565982339,0,0.1232263899,0,-0.06295590864,0,0.1201062174,0,12.19131563,-0.6854041152,0,0,0.6140593696,0
8.87,108.9957367,0,-799.4840798,0,0.2037051704,0,12.09492392,0,1.461968946,0,0.03039740997,0,-0.8562778086,0,0.1235788968,0,-0.06307857844,0,0.1202910093,0,12.18296097,-0.6854041152,0,0,0.6140593696,0
8.88,109.1171005,0,-799.494234,0,0.2040059886,0,12.08636302,0,1.463206466,0,0.02976602847,0,-0.8558926104,0,0.1239236641,0,-0.06319701576,0,0.1204763044,0,12.17461064,-0.6854041152,0,0,0.6140593696,0
8.89,109.23838,0,-799.5043947,0,0.2043004871,0,12.07780629,0,1.464447394,0,0.0291334838,0,-0.8554427519,0,0.1242606413,0,-0.06331121038,0,0.1206620906,0,12.16626528,-0.6854041152,0,0,0.6140593696,0
8.9,109.3595753,0,-799.5145613,0,0.2045886545,0,12.06925438,0,1.465691652,0,0.02849981844,0,-0.8549283499,0,0.1245897777,0,-0.06342115219,0,0.120848356,0,12.15792553,-0.6854041152,0,0,0.6140593696,0
8.91,109.4806865,0,-799.5247328,0,0.2048704799,0,12.06070793,0,1.466939163,0,0.02786507497,0,-0.8543495254,0,0.1249110227,0,-0.06352683115,0,0.1210350885,0,12.14959203,-0.6854041152,0,0,0.6140593696,0
8.92,109.6017137,0,-799.5349085,0,0.2051459526,0,12.0521676,0,1.468189846,0,0.02722929607,0,-0.8537064041,0,0.1252243257,0,-0.06362823735,0,0.1212222759,0,12.14126539,-0.6854041152,0,0,0.6140593696,0
8.93,109.7226572,0,-799.5450874,0,0.2054150625,0,12.04363402,0,1.469443623,0,0.02659252451,0,-0.8529991154,0,0.1255296361,0,-0.06372536094,0,0.1214099058,0,12.13294626,-0.6854041152,0,0,0.6140593696,0
8.94,109.843517,0,-799.5552688,0,0.2056777999,0,12.03510783,0,1.470700412,0,0.02595480316,0,-0.8522277936,0,0.1258269032,0,-0.06381819222,0,0.121597966,0,12.12463526,-0.6854041152,0,0,0.6140593696,0
8.95,109.9642933,0,-799.5654519,0,0.2059341555,0,12.02658968,0,1.471960134,0,0.02531617501,0,-0.8513925768,0,0.1261160766,0,-0.06390672156,0,0.1217864438,0,12.11633302,-0.6854041152,0,0,0.6140593696,0
8.96,110.0849863,0,-799.5756357,0,0.2061841205,0,12.01808019,0,1.473222706,0,0.02467668311,0,-0.8504936077,0,0.1263971057,0,-0.06399093947,0,0.1219753266,0,12.10804017,-0.6854041152,0,0,0.6140593696,0
8.97,110.2055961,0,-799.5858196,0,0.2064276865,0,12.00958002,0,1.474488049,0,0.02403637063,0,-0.8495310333,0,0.1266699402,0,-0.06407083655,0,0.1221646018,0,12.09975732,-0.6854041152,0,0,0.6140593696,0
8.98,110.3261229,0,-799.5960026,0,0.2066648454,0,12.00108978,0,1.475756078,0,0.02339528082,0,-0.8485050046,0,0.1269345297,0,-0.06414640354,0,0.1223542565,0,12.0914851,-0.6854041152,0,0,0.6140593696,0
8.99,110.4465669,0,-799.606184,0,0.2068955896,0,11.99261013,0,1.477026712,0,0.02275345703,0,-0.8474156773,0,0.127190824,0,-0.06421763128,0,0.1225442777,0,12.08322414,-0.6854041152,0,0,0.6140593696,0
9,110.5669282,0,-799.6163629,0,0.2071199122,0,11.98414168,0,1.478299866,0,0.0221109427,0,-0.8462632112,0,0.1274387729,0,-0.06428451074,0,0.1227346526,0,12.07497504,-0.6854041152,0,0,0.6140593696,0
9.01,110.6872071,0,-799.6265385,0,0.2073378063,0,11.97568507,0,1.479575459,0,0.02146778135,0,-0.8450477704,0,0.1276783266,0,-0.06434703303,0,0.1229253679,0,12.06673844,-0.6854041152,0,0,0.6140593696,0
9.02,110.8074037,0,-799.6367101,0,0.2075492658,0,11.96724094,0,1.480853405,0,0.0208240166,0,-0.8437695234,0,0.127909435,0,-0.06440518937,0,0.1231164105,0,12.05851493,-0.6854041152,0,0,0.6140593696,0
9.03,110.9275183,0,-799.6468768,0,0.2077542848,0,11.95880989,0,1.482133619,0,0.02017969215,0,-0.842428643,0,0.1281320487,0,-0.06445897114,0,0.1233077669,0,12.05030515,-0.6854041152,0,0,0.6140593696,0
9.04,111.0475511,0,-799.6570378,0,0.2079528579,0,11.95039257,0,1.483416017,0,0.01953485179,0,-0.8410253062,0,0.128346118,0,-0.06450836982,0,0.1234994239,0,12.04210969,-0.6854041152,0,0,0.6140593696,0
9.05,111.1675022,0,-799.6671923,0,0.2081449803,0,11.94198959,0,1.484700513,0,0.0188895394,0,-0.8395596945,0,0.1285515937,0,-0.06455337708,0,0.1236913678,0,12.03392916,-0.6854041152,0,0,0.6140593696,0
9.06,111.287372,0,-799.6773395,0,0.2083306473,0,11.93360158,0,1.48598702,0,0.01824379892,0,-0.8380319935,0,0.1287484266,0,-0.06459398469,0,0.123883585,0,12.02576418,-0.6854041152,0,0,0.6140593696,0
9.07,111.4071605,0,-799.6874787,0,0.208509855,0,11.92522916,0,1.487275453,0,0.0175976744,0,-0.8364423933,0,0.1289365679,0,-0.06463018459,0,0.1240760619,0,12.01761535,-0.6854041152,0,0,0.6140593696,0
9.08,111.5268681,0,-799.697609,0,0.2086825996,0,11.91687294,0,1.488565723,0,0.01695120995,0,-0.8347910882,0,0.129115969,0,-0.06466196888,0,0.1242687845,0,12.00948328,-0.6854041152,0,0,0.6140593696,0
9.09,111.646495,0,-799.7077297,0,0.2088488782,0,11.90853354,0,1.489857743,0,0.01630444978,0,-0.8330782769,0,0.1292865815,0,-0.06468932979,0,0.1244617391,0,12.00136856,-0.6854041152,0,0,0.6140593696,0
9.1,111.7660414,0,-799.7178399,0,0.2090086878,0,11.90021158,0,1.491151425,0,0.01565743814,0,-0.8313041624,0,0.1294483573,0,-0.06471225975,0,0.1246549114,0,11.99327179,-0.6854041152,0,0,0.6140593696,0
9.11,111.8855076,0,-799.727939,0,0.2091620262,0,11.89190766,0,1.49244668,0,0.01501021938,0,-0.8294689521,0,0.1296012485,0,-0.06473075131,0,0.1248482876,0,11.98519357,-0.6854041152,0,0,0.6140593696,0
9.12,112.0048939,0,-799.7380261,0,0.2093088916,0,11.8836224,0,1.49374342,0,0.01436283794,0,-0.8275728574,0,0.1297452078,0,-0.06474479723,0,0.1250418532,0,11.9771345,-0.6854041152,0,0,0.6140593696,0
9.13,112.1242004,0,-799.7481004,0,0.2094492826,0,11.87535641,0,1.495041554,0,0.01371533829,0,-0.8256160943,0,0.129880188,0,-0.0647543904,0,0.1252355941,0,11.96909517,-0.6854041152,0,0,0.6140593696,0
9.14,112.2434275,0,-799.7581612,0,0.2095831982,0,11.86711028,0,1.496340994,0,0.013067765,0,-0.8235988831,0,0.1300061421,0,-0.06475952392,0,0.1254294959,0,11.96107616,-0.6854041152,0,0,0.6140593696,0
9.15,112.3625755,0,-799.7682078,0,0.2097106378,0,11.85888463,0,1.497641647,0,0.0124201627,0,-0.8215214484,0,0.1301230238,0,-0.06476019107,0,0.1256235439,0,11.95307806,-0.6854041152,0,0,0.6140593696,0
9.16,112.4816445,0,-799.7782393,0,0.2098316015,0,11.85068005,0,1.498943424,0,0.0117725761,0,-0.819384019,0,0.1302307871,0,-0.06475638528,0,0.1258177237,0,11.94510147,-0.6854041152,0,0,0.6140593696,0
9.17,112.600635,0,-799.788255,0,0.2099460895,0,11.84249715,0,1.500246232,0,0.01112504994,0,-0.817186828,0,0.1303293861,0,-0.06474810021,0,0.1260120206,0,11.93714696,-0.6854041152,0,0,0.6140593696,0
9.18,112.7195471,0,-799.7982542,0,0.2100541028,0,11.83433652,0,1.501549981,0,0.01047762905,0,-0.814930113,0,0.1304187758,0,-0.06473532969,0,0.1262064198,0,11.92921511,-0.6854041152,0,0,0.6140593696,0
9.19,112.8383812,0,-799.8082361,0,0.2101556426,0,11.82619875,0,1.502854577,0,0.009830358321,0,-0.8126141158,0,0.1304989111,0,-0.06471806775,0,0.1264009065,0,11.9213065,-0.6854041152,0,0,0.6140593696,0
9.2,112.9571376,0,-799.8181999,0,0.2102507106,0,11.81808443,0,1.504159928,0,0.009183282692,0,-0.8102390825,0,0.1305697479,0,-0.06469630864,0,0.1265954656,0,11.9134217,-0.6854041152,0,0,0.6140593696,0
9.21,113.0758165,0,-799.828145,0,0.2103393091,0,11.80999416,0,1.505465941,0,0.008536447164,0,-0.8078052633,0,0.1306312422,0,-0.06467004678,0,0.1267900821,0,11.9055613,-0.6854041152,0,0,0.6140593696,0
9.22,113.1944183,0,-799.8380706,0,0.2104214405,0,11.80192852,0,1.506772521,0,0.007889896791,0,-0.8053129131,0,0.1306833506,0,-0.06463927685,0,0.126984741,0,11.89772584,-0.6854041152,0,0,0.6140593696,0
9.23,113.3129433,0,-799.8479759,0,0.2104971081,0,11.7938881,0,1.508079576,0,0.007243676679,0,-0.8027622909,0,0.1307260301,0,-0.06460399369,0,0.127179427,0,11.88991591,-0.6854041152,0,0,0.6140593696,0
9.24,113.4313918,0,-799.8578602,0,0.2105663153,0,11.78587347,0,1.509387011,0,0.006597831985,0,-0.8001536597,0,0.1307592386,0,-0.06456419241,0,0.1273741248,0,11.88213207,-0.6854041152,0,0,0.6140593696,0
9.25,113.5497642,0,-799.8677228,0,0.2106290661,0,11.77788522,0,1.510694729,0,0.005952407914,0,-0.7974872873,0,0.130782934,0,-0.06451986831,0,0.1275688191,0,11.87437488,-0.6854041152,0,0,0.6140593696,0
9.26,113.6680607,0,-799.8775631,0,0.210685365,0,11.76992391,0,1.512002637,0,0.005307449716,0,-0.7947634455,0,0.1307970753,0,-0.06447101694,0,0.1277634943,0,11.86664489,-0.6854041152,0,0,0.6140593696,0
9.27,113.7862817,0,-799.8873801,0,0.2107352168,0,11.76199014,0,1.513310639,0,0.004663002687,0,-0.7919824103,0,0.1308016217,0,-0.06441763408,0,0.1279581349,0,11.85894266,-0.6854041152,0,0,0.6140593696,0
9.28,113.9044275,0,-799.8971734,0,0.2107786269,0,11.75408446,0,1.514618638,0,0.00401911216,0,-0.7891444621,0,0.1307965332,0,-0.06435971574,0,0.1281527253,0,11.85126875,-0.6854041152,0,0,0.6140593696,0
9.29,114.0224986,0,-799.9069421,0,0.2108156011,0,11.74620744,0,1.515926537,0,0.00337582351,0,-0.7862498855,0,0.1307817704,0,-0.06429725817,0,0.1283472498,0,11.8436237,-0.6854041152,0,0,0.6140593696,0
9.3,114.1404951,0,-799.9166855,0,0.2108461456,0,11.73835965,0,1.517234241,0,0.002733182146,0,-0.7832989695,0,0.1307572945,0,-0.06423025789,0,0.1285416926,0,11.83600806,-0.6854041152,0,0,0.6140593696,0
9.31,114.2584175,0,-799.926403,0,0.210870267,0,11.73054164,0,1.518541651,0,0.002091233512,0,-0.7802920071,0,0.1307230674,0,-0.06415871165,0,0.1287360379,0,11.82842238,-0.6854041152,0,0,0.6140593696,0
9.32,114.3762662,0,-799.9360938,0,0.2108879727,0,11.72275399,0,1.519848669,0,0.001450023083,0,-0.7772292958,0,0.1306790517,0,-0.06408261648,0,0.1289302696,0,11.82086719,-0.6854041152,0,0,0.6140593696,0
9.33,114.4940414,0,-799.9457573,0,0.2108992701,0,11.71499724,0,1.521155199,0,0.0008095963617,0,-0.7741111371,0,0.1306252107,0,-0.06400196965,0,0.1291243719,0,11.81334303,-0.6854041152,0,0,0.6140593696,0
9.34,114.6117436,0,-799.9553927,0,0.2109041674,0,11.70727195,0,1.522461141,0,0.0001699988773,0,-0.7709378368,0,0.1305615084,0,-0.06391676871,0,0.1293183286,0,11.80585044,-0.6854041152,0,0,0.6140593696,0
9.35,114.7293732,0,-799.9649995,0,0.210902673,0,11.69957867,0,1.523766396,0,-0.000468723818,0,-0.7677097051,0,0.1304879095,0,-0.06382701149,0,0.1295121235,0,11.79838994,-0.6854041152,0,0,0.6140593696,0
9.36,114.8469304,0,-799.9745769,0,0.210894796,0,11.69191794,0,1.525070866,0,-0.001106526152,0,-0.7644270562,0,0.1304043796,0,-0.06373269607,0,0.1297057405,0,11.79096206,-0.6854041152,0,0,0.6140593696,0
9.37,114.9644157,0,-799.9841242,0,0.2108805457,0,11.68429031,0,1.52637445,0,-0.001743362533,0,-0.7610902085,0,0.130310885,0,-0.06363382086,0,0.1298991633,0,11.78356733,-0.6854041152,0,0,0.6140593696,0
9.38,115.0818295,0,-799.9936408,0,0.2108599321,0,11.67669632,0,1.52767705,0,-0.002379187358,0,-0.7576994847,0,0.1302073929,0,-0.0635303845,0,0.1300923755,0,11.77620627,-0.6854041152,0,0,0.6140593696,0
9.39,115.1991722,0,-800.003126,0,0.2108329655,0,11.6691365,0,1.528978565,0,-0.003013955009,0,-0.7542552116,0,0.130093871,0,-0.06342238597,0,0.1302853608,0,11.76887939,-0.6854041152,0,0,0.6140593696,0
9.4,115.3164441,0,-800.0125792,0,0.2107996567,0,11.66161139,0,1.530278894,0,-0.003647619861,0,-0.7507577201,0,0.1299702884,0,-0.06330982453,0,0.1304781025,0,11.76158721,-0.6854041152,0,0,0.6140593696,0
9.41,115.4336457,0,-800.0219996,0,0.2107600169,0,11.65412152,0,1.531577937,0,-0.004280136282,0,-0.7472073456,0,0.1298366145,0,-0.06319269974,0,0.1306705843,0,11.75433024,-0.6854041152,0,0,0.6140593696,0
9.42,115.5507773,0,-800.0313868,0,0.2107140579,0,11.64666742,0,1.532875593,0,-0.004911458637,0,-0.7436044272,0,0.1296928201,0,-0.06307101146,0,0.1308627895,0,11.74710898,-0.6854041152,0,0,0.6140593696,0
9.43,115.6678394,0,-800.0407399,0,0.2106617921,0,11.63924919,0,1.534172276,0,-0.005541475047,0,-0.7400484716,0,0.129661528,0,-0.06292971642,0,0.1310547497,0,11.7399236,-0.6854041152,0,0,0.6140593696,0
9.44,115.7848323,0,-800.0500584,0,0.2106032332,0,11.63186659,0,1.535468835,0,-0.006170054001,0,-0.7364630623,0,0.1296483951,0,-0.06278641132,0,0.1312465371,0,11.73277396,-0.6854041152,0,0,0.6140593696,0
9.45,115.9017565,0,-800.0593417,0,0.2105383957,0,11.6245201,0,1.536765204,0,-0.006797208712,0,-0.7328247398,0,0.1296234713,0,-0.06264474479,0,0.1314381386,0,11.72566053,-0.6854041152,0,0,0.6140593696,0
9.46,116.0186124,0,-800.0685889,0,0.2104672938,0,11.61721027,0,1.538061263,0,-0.007422951984,0,-0.7291337847,0,0.1295861185,0,-0.06250401079,0,0.131629536,0,11.71858382,-0.6854041152,0,0,0.6140593696,0
9.47,116.1354003,0,-800.0777997,0,0.2103899414,0,11.6099376,0,1.539356884,0,-0.008047289856,0,-0.7253904893,0,0.1295357877,0,-0.06236356153,0,0.1318207105,0,11.71154434,-0.6854041152,0,0,0.6140593696,0
9.48,116.2521208,0,-800.0869731,0,0.2103063526,0,11.60270263,0,1.540651934,0,-0.008670222166,0,-0.721595157,0,0.1294720109,0,-0.06222280376,0,0.1320116427,0,11.70454257,-0.6854041152,0,0,0.6140593696,0
9.49,116.3687742,0,-800.0961088,0,0.2102165416,0,11.59550587,0,1.541946278,0,-0.009291743076,0,-0.7177481021,0,0.1293943932,0,-0.06208119523,0,0.132202313,0,11.69757901,-0.6854041152,0,0,0.6140593696,0
9.5,116.4853609,0,-800.105206,0,0.2101205225,0,11.58834784,0,1.543239775,0,-0.009911841568,0,-0.7138496487,0,0.1293026057,0,-0.06193824135,0,0.1323927013,0,11.69065416,-0.6854041152,0,0,0.6140593696,0
9.51,116.6018815,0,-800.1142641,0,0.2100183096,0,11.58122905,0,1.544532282,0,-0.0105305019,0,-0.7099001307,0,0.129196379,0,-0.06179349192,0,0.1325827874,0,11.68376849,-0.6854041152,0,0,0.6140593696,0
9.52,116.7183362,0,-800.1232825,0,0.2099099173,0,11.57415001,0,1.545823653,0,-0.01114770404,0,-0.7058998909,0,0.1290754973,0,-0.06164653812,0,0.1327725506,0,11.6769225,-0.6854041152,0,0,0.6140593696,0
9.53,116.8347256,0,-800.1322606,0,0.2097953605,0,11.56711122,0,1.547113742,0,-0.01176342406,0,-0.7018492806,0,0.1289397926,0,-0.0614970096,0,0.1329619701,0,11.67011666,-0.6854041152,0,0,0.6140593696,0
9.54,116.9510501,0,-800.1411977,0,0.2096746539,0,11.56011319,0,1.548402399,0,-0.01237763452,0,-0.6977486595,0,0.1287891395,0,-0.06134457175,0,0.1331510252,0,11.66335144,-0.6854041152,0,0,0.6140593696,0
9.55,117.0673101,0,-800.1500934,0,0.2095478129,0,11.55315641,0,1.549689475,0,-0.01299030478,0,-0.6935983947,0,0.1286234507,0,-0.06118892309,0,0.1333396947,0,11.65662732,-0.6854041152,0,0,0.6140593696,0
9.56,117.1835062,0,-800.1589469,0,0.209414853,0,11.54624138,0,1.550974818,0,-0.01360140136,0,-0.6893988611,0,0.1284426729,0,-0.06102979283,0,0.1335279576,0,11.64994476,-0.6854041152,0,0,0.6140593696,0
9.57,117.2996386,0,-800.1677578,0,0.2092757902,0,11.5393686,0,1.552258278,0,-0.01421088821,0,-0.6851504403,0,0.1282467822,0,-0.06086693859,0,0.1337157925,0,11.64330423,-0.6854041152,0,0,0.6140593696,0
9.58,117.415708,0,-800.1765254,0,0.2091306408,0,11.53253854,0,1.553539703,0,-0.01481872699,0,-0.6808535207,0,0.1280357812,0,-0.06070014421,0,0.1339031784,0,11.63670618,-0.6854041152,0,0,0.6140593696,0
9.59,117.5317147,0,-800.1852491,0,0.2089794213,0,11.52575169,0,1.554818943,0,-0.01542487731,0,-0.6765084972,0,0.1278096953,0,-0.06052921769,0,0.1340900939,0,11.63015107,-0.6854041152,0,0,0.6140593696,0
9.6,117.6476592,0,-800.1939284,0,0.208822149,0,11.51900852,0,1.556095847,0,-0.01602929699,0,-0.6721157705,0,0.12756857,0,-0.06035398933,0,0.134276518,0,11.62363935,-0.6854041152,0,0,0.6140593696,0
9.61,117.763542,0,-800.2025627,0,0.2086588413,0,11.51230953,0,1.557370265,0,-0.01663194225,0,-0.6676757477,0,0.1273124681,0,-0.0601743099,0,0.1344624292,0,11.61717146,-0.6854041152,0,0,0.6140593696,0
9.62,117.8793635,0,-800.2111514,0,0.2084895162,0,11.50565517,0,1.558642047,0,-0.01723276791,0,-0.6631888409,0,0.127041467,0,-0.05999004898,0,0.1346478066,0,11.61074786,-0.6854041152,0,0,0.6140593696,0
9.63,117.9951243,0,-800.2196941,0,0.2083141922,0,11.49904591,0,1.559911045,0,-0.01783172757,0,-0.6586554682,0,0.126755657,0,-0.0598010934,0,0.1348326291,0,11.60436897,-0.6854041152,0,0,0.6140593696,0
9.64,118.1108247,0,-800.22819,0,0.208132888,0,11.49248221,0,1.561177111,0,-0.01842877379,0,-0.6540760524,0,0.126455139,0,-0.05960734577,0,0.1350168755,0,11.59803524,-0.6854041152,0,0,0.6140593696,0
9.65,118.2264654,0,-800.2366388,0,0.2079456232,0,11.48596454,0,1.562440099,0,-0.01902385823,0,-0.6494510216,0,0.1261400228,0,-0.05940872313,0,0.1352005249,0,11.59174708,-0.6854041152,0,0,0.6140593696,0
9.66,118.3420467,0,-800.2450399,0,0.2077524176,0,11.47949334,0,1.563699863,0,-0.01961693177,0,-0.6447808087,0,0.1258104253,0,-0.05920515567,0,0.1353835566,0,11.58550494,-0.6854041152,0,0,0.6140593696,0
9.67,118.4575692,0,-800.2533926,0,0.2075532915,0,11.47306907,0,1.564956259,0,-0.02020794466,0,-0.640065851,0,0.1254664696,0,-0.05899658558,0,0.1355659497,0,11.57930922,-0.6854041152,0,0,0.6140593696,0
9.68,118.5730333,0,-800.2616966,0,0.2073482657,0,11.46669217,0,1.566209145,0,-0.02079684664,0,-0.6353065907,0,0.1251082833,0,-0.05878296594,0,0.1357476836,0,11.57316035,-0.6854041152,0,0,0.6140593696,0
9.69,118.6884395,0,-800.2699512,0,0.2071373617,0,11.46036308,0,1.567458378,0,-0.02138358701,0,-0.6305034741,0,0.1247359974,0,-0.05856425972,0,0.1359287377,0,11.56705874,-0.6854041152,0,0,0.6140593696,0
9.7,118.8037883,0,-800.278156,0,0.2069206014,0,11.45408225,0,1.568703818,0,-0.02196811478,0,-0.6256569518,0,0.1243497455,0,-0.05834043886,0,0.1361090915,0,11.56100479,-0.6854041152,0,0,0.6140593696,0
9.71,118.9190803,0,-800.2863104,0,0.206698007,0,11.44785009,0,1.569945327,0,-0.02255037867,0,-0.6207674786,0,0.1239496629,0,-0.05811148339,0,0.1362887249,0,11.55499892,-0.6854041152,0,0,0.6140593696,0
9.72,119.0343159,0,-800.2944139,0,0.2064696015,0,11.44166704,0,1.571182766,0,-0.02313032728,0,-0.6158355131,0,0.1235358857,0,-0.05787738063,0,0.1364676175,0,11.54904151,-0.6854041152,0,0,0.6140593696,0
9.73,119.1494956,0,-800.3024661,0,0.2062354083,0,11.43553352,0,1.572415999,0,-0.0237079091,0,-0.6108615182,0,0.1231085505,0,-0.05763812449,0,0.1366457493,0,11.54313298,-0.6854041152,0,0,0.6140593696,0
9.74,119.2646199,0,-800.3104665,0,0.2059954514,0,11.42944995,0,1.573644892,0,-0.02428307258,0,-0.6058459602,0,0.1226677934,0,-0.05739371478,0,0.1368231003,0,11.5372737,-0.6854041152,0,0,0.6140593696,0
9.75,119.3796894,0,-800.3184144,0,0.2057497551,0,11.42341674,0,1.574869311,0,-0.02485576623,0,-0.6007893093,0,0.1222137497,0,-0.05714415659,0,0.1369996507,0,11.53146406,-0.6854041152,0,0,0.6140593696,0
9.76,119.4947045,0,-800.3263096,0,0.2054983445,0,11.4174343,0,1.576089123,0,-0.02542593858,0,-0.5956920394,0,0.1217465538,0,-0.05688945973,0,0.1371753809,0,11.52570444,-0.6854041152,0,0,0.6140593696,0
9.77,119.6096658,0,-800.3341514,0,0.2052412449,0,11.41150303,0,1.577304199,0,-0.02599353833,0,-0.5905546279,0,0.1212663383,0,-0.05662963823,0,0.1373502712,0,11.51999522,-0.6854041152,0,0,0.6140593696,0
9.78,119.7245738,0,-800.3419395,0,0.2049784824,0,11.40562334,0,1.578514407,0,-0.02655851432,0,-0.5853775556,0,0.1207732343,0,-0.05636470985,0,0.1375243023,0,11.51433678,-0.6854041152,0,0,0.6140593696,0
9.79,119.839429,0,-800.3496733,0,0.2047100835,0,11.39979561,0,1.579719621,0,-0.02712081557,0,-0.5801613069,0,0.1202673707,0,-0.05609469566,0,0.1376974547,0,11.50872947,-0.6854041152,0,0,0.6140593696,0
9.8,119.954232,0,-800.3573524,0,0.2044360752,0,11.39402024,0,1.580919712,0,-0.02768039135,0,-0.5749063693,0,0.1197488745,0,-0.05581961965,0,0.1378697094,0,11.50317366,-0.6854041152,0,0,0.6140593696,0
9.81,120.0689832,0,-800.3649763,0,0.204156485,0,11.38829761,0,1.582114557,0,-0.02823719118,0,-0.5696132339,0,0.1192178701,0,-0.05553950837,0,0.1380410473,0,11.49766972,-0.6854041152,0,0,0.6140593696,0
9.82,120.1836831,0,-800.3725447,0,0.2038713408,0,11.3826281,0,1.583304029,0,-0.02879116483,0,-0.5642823948,0,0.1186744798,0,-0.05525439063,0,0.1382114494,0,11.49221798,-0.6854041152,0,0,0.6140593696,0
9.83,120.2983324,0,-800.3800569,0,0.2035806713,0,11.37701208,0,1.584488005,0,-0.0293422624,0,-0.5589143494,0,0.1181188235,0,-0.05496429721,0,0.1383808971,0,11.4868188,-0.6854041152,0,0,0.6140593696,0
9.84,120.4129316,0,-800.3875127,0,0.2032845053,0,11.37144993,0,1.585666365,0,-0.02989043429,0,-0.5535095983,0,0.1175510186,0,-0.05466926058,0,0.1385493717,0,11.48147253,-0.6854041152,0,0,0.6140593696,0
9.85,120.5274811,0,-800.3949115,0,0.2029828725,0,11.36594201,0,1.586838985,0,-0.03043563124,0,-0.5480686449,0,0.11697118,0,-0.05436931467,0,0.1387168546,0,11.4761795,-0.6854041152,0,0,0.6140593696,0
9.86,120.6419815,0,-800.4022529,0,0.2026758028,0,11.36048868,0,1.588005748,0,-0.03097780433,0,-0.5425919959,0,0.1163794205,0,-0.05406449471,0,0.1388833275,0,11.47094004,-0.6854041152,0,0,0.6140593696,0
9.87,120.7564334,0,-800.4095366,0,0.2023633266,0,11.35509029,0,1.589166535,0,-0.03151690501,0,-0.5370801609,0,0.1157758503,0,-0.05375483696,0,0.1390487722,0,11.46575448,-0.6854041152,0,0,0.6140593696,0
9.88,120.8708373,0,-800.4167621,0,0.2020454751,0,11.34974719,0,1.590321226,0,-0.03205288507,0,-0.5315336525,0,0.1151605775,0,-0.05344037865,0,0.1392131704,0,11.46062315,-0.6854041152,0,0,0.6140593696,0
9.89,120.9851937,0,-800.4239289,0,0.2017222795,0,11.34445973,0,1.591469707,0,-0.0325856967,0,-0.525952986,0,0.1145337078,0,-0.05312115773,0,0.1393765043,0,11.45554636,-0.6854041152,0,0,0.6140593696,0
9.9,121.0995033,0,-800.4310368,0,0.2013937719,0,11.33922825,0,1.592611862,0,-0.03311529247,0,-0.5203386797,0,0.1138953452,0,-0.05279721282,0,0.139538756,0,11.45052443,-0.6854041152,0,0,0.6140593696,0
9.91,121.2137665,0,-800.4380852,0,0.2010599845,0,11.33405307,0,1.593747576,0,-0.03364162534,0,-0.5146912548,0,0.1132455913,0,-0.05246858306,0,0.1396999078,0,11.44555767,-0.6854041152,0,0,0.6140593696,0
9.92,121.3279838,0,-800.4450739,0,0.2007209504,0,11.32893453,0,1.594876736,0,-0.03416464865,0,-0.5090112351,0,0.1125845462,0,-0.05213530802,0,0.1398599421,0,11.44064637,-0.6854041152,0,0,0.6140593696,0
9.93,121.4421559,0,-800.4520023,0,0.2003767027,0,11.32387295,0,1.59599923,0,-0.03468431614,0,-0.503299147,0,0.111912308,0,-0.05179742765,0,0.1400188414,0,11.43579084,-0.6854041152,0,0,0.6140593696,0
9.94,121.5562833,0,-800.4588701,0,0.2000272754,0,11.31886865,0,1.597114946,0,-0.03520058198,0,-0.49755552,0,0.1112289732,0,-0.05145498212,0,0.1401765885,0,11.43099137,-0.6854041152,0,0,0.6140593696,0
9.95,121.6703666,0,-800.465677,0,0.1996727026,0,11.31392194,0,1.598223773,0,-0.0357134007,0,-0.4917808858,0,0.1105346369,0,-0.05110801187,0,0.1403331661,0,11.42624825,-0.6854041152,0,0,0.6140593696,0
9.96,121.7844063,0,-800.4724226,0,0.199313019,0,11.30903313,0,1.599325602,0,-0.03622272727,0,-0.485975779,0,0.1098293929,0,-0.05075655747,0,0.1404885573,0,11.42156175,-0.6854041152,0,0,0.6140593696,0
9.97,121.8984029,0,-800.4791065,0,0.1989482598,0,11.30420253,0,1.600420325,0,-0.03672851704,0,-0.4801407365,0,0.1091133336,0,-0.05040065964,0,0.1406427451,0,11.41693216,-0.6854041152,0,0,0.6140593696,0
9.98,122.0123571,0,-800.4857284,0,0.1985784606,0,11.29943042,0,1.601507833,0,-0.03723072578,0,-0.474276298,0,0.1083865504,0,-0.05004035916,0,0.1407957128,0,11.41235975,-0.6854041152,0,0,0.6140593696,0
9.99,122.1262694,0,-800.4922878,0,0.1982036574,0,11.2947171,0,1.60258802,0,-0.03772930968,0,-0.4683830053,0,0.1076491337,0,-0.0496756969,0,0.1409474438,0,11.40784479,-0.6854041152,0,0,0.6140593696,0
10,122.2401403,0,-800.4987845,0,0.1978238866,0,11.29006285,0,1.60366078,0,-0.03822422531,0,-0.4624614029,0,0.1069011732,0,-0.04930671375,0,0.1410979215,0,11.40338753,-0.6854041152,0,0,0.6140593696,0
10.01,122.3539705,0,-800.5052181,0,0.1974391853,0,11.28546796,0,1.604726009,0,-0.03871542969,0,-0.4565120377,0,0.1061427576,0,-0.04893345062,0,0.1412471298,0,11.39898823,-0.6854041152,0,0,0.6140593696,0
10.02,122.4677604,0,-800.5115883,0,0.1970495906,0,11.2809327,0,1.605783601,0,-0.0392028802,0,-0.4505354586,0,0.1053739753,0,-0.04855594847,0,0.1413950522,0,11.39464715,-0.6854041152,0,0,0.6140593696,0
10.03,122.5815107,0,-800.5178948,0,0.1966551403,0,11.27645734,0,1.606833454,0,-0.03968653466,0,-0.4445322172,0,0.1045949142,0,-0.04817424823,0,0.1415416729,0,11.39036452,-0.6854041152,0,0,0.6140593696,0
10.04,122.695222,0,-800.5241371,0,0.1962558727,0,11.27204215,0,1.607875465,0,-0.0401663513,0,-0.4385028671,0,0.1038056617,0,-0.04778839087,0,0.141686976,0,11.38614059,-0.6854041152,0,0,0.6140593696,0
10.05,122.8088948,0,-800.5303151,0,0.1958518262,0,11.26768737,0,1.608909534,0,-0.04064228875,0,-0.432447964,0,0.1030063053,0,-0.04739841735,0,0.1418309456,0,11.3819756,-0.6854041152,0,0,0.6140593696,0
10.06,122.9225296,0,-800.5364283,0,0.19544304,0,11.26339327,0,1.609935558,0,-0.04111430606,0,-0.426368066,0,0.102196932,0,-0.04700436865,0,0.1419735662,0,11.37786977,-0.6854041152,0,0,0.6140593696,0
10.07,123.0361271,0,-800.5424765,0,0.1950295533,0,11.25916009,0,1.610953439,0,-0.04158236268,0,-0.4202637332,0,0.1013776292,0,-0.04660628577,0,0.1421148223,0,11.37382332,-0.6854041152,0,0,0.6140593696,0
10.08,123.1496879,0,-800.5484595,0,0.194611406,0,11.25498807,0,1.611963078,0,-0.04204641847,0,-0.4141355275,0,0.1005484843,0,-0.04620420976,0,0.1422546987,0,11.36983648,-0.6854041152,0,0,0.6140593696,0
10.09,123.2632125,0,-800.5543767,0,0.1941886384,0,11.25087746,0,1.612964376,0,-0.0425064337,0,-0.4079840132,0,0.09970958464,0,-0.0457981817,0,0.1423931802,0,11.36590945,-0.6854041152,0,0,0.6140593696,0
10.1,123.3767014,0,-800.5602281,0,0.193761291,0,11.24682847,0,1.613957237,0,-0.04296236906,0,-0.4018097563,0,0.09886101829,0,-0.04538824271,0,0.1425302519,0,11.36204245,-0.6854041152,0,0,0.6140593696,0
10.11,123.4901554,0,-800.5660133,0,0.1933294047,0,11.24284134,0,1.614941565,0,-0.04341418565,0,-0.3956133247,0,0.09800287351,0,-0.04497443401,0,0.142665899,0,11.35823567,-0.6854041152,0,0,0.6140593696,0
10.12,123.6035749,0,-800.5717321,0,0.1928930211,0,11.23891628,0,1.615917263,0,-0.04386184498,0,-0.3893952881,0,0.09713523911,0,-0.04455679689,0,0.1428001067,0,11.35448932,-0.6854041152,0,0,0.6140593696,0
10.13,123.7169605,0,-800.5773841,0,0.1924521818,0,11.2350535,0,1.616884238,0,-0.04430530897,0,-0.3831562182,0,0.09625820445,0,-0.04413537275,0,0.1429328607,0,11.35080357,-0.6854041152,0,0,0.6140593696,0
10.14,123.8303128,0,-800.5829691,0,0.192006929,0,11.23125322,0,1.617842396,0,-0.04474453995,0,-0.3768966881,0,0.0953718596,0,-0.04371020308,0,0.1430641466,0,11.34717863,-0.6854041152,0,0,0.6140593696,0
10.15,123.9436325,0,-800.5884868,0,0.1915573053,0,11.22751563,0,1.618791645,0,-0.04517950068,0,-0.3706172728,0,0.09447629534,0,-0.04328132955,0,0.1431939503,0,11.34361467,-0.6854041152,0,0,0.6140593696,0
10.16,124.05692,0,-800.593937,0,0.1911033534,0,11.22384094,0,1.619731892,0,-0.04561015433,0,-0.3643185489,0,0.09357160326,0,-0.04284879394,0,0.1433222578,0,11.34011185,-0.6854041152,0,0,0.6140593696,0
10.17,124.1701761,0,-800.5993195,0,0.1906451167,0,11.22022932,0,1.620663047,0,-0.04603646449,0,-0.3580010944,0,0.09265787584,0,-0.04241263823,0,0.1434490554,0,11.33667036,-0.6854041152,0,0,0.6140593696,0
10.18,124.2834012,0,-800.6046339,0,0.1901826387,0,11.21668098,0,1.621585019,0,-0.04645839517,0,-0.3516654891,0,0.09173520646,0,-0.04197290456,0,0.1435743293,0,11.33329035,-0.6854041152,0,0,0.6140593696,0
10.19,124.3965959,0,-800.6098801,0,0.1897159635,0,11.21319607,0,1.622497721,0,-0.0468759108,0,-0.3453123138,0,0.09080368955,0,-0.04152963529,0,0.1436980663,0,11.32997198,-0.6854041152,0,0,0.6140593696,0
10.2,124.5097609,0,-800.6150578,0,0.1892451353,0,11.20977479,0,1.623401064,0,-0.04728897623,0,-0.3389421511,0,0.08986342053,0,-0.041082873,0,0.143820253,0,11.3267154,-0.6854041152,0,0,0.6140593696,0
10.21,124.6228968,0,-800.6201668,0,0.1887701989,0,11.20641728,0,1.624294961,0,-0.04769755675,0,-0.3325555846,0,0.08891449595,0,-0.04063266048,0,0.1439408764,0,11.32352076,-0.6854041152,0,0,0.6140593696,0
10.22,124.736004,0,-800.6252068,0,0.1882911992,0,11.20312373,0,1.625179325,0,-0.04810161808,0,-0.3261531995,0,0.08795701349,0,-0.04017904079,0,0.1440599237,0,11.3203882,-0.6854041152,0,0,0.6140593696,0
10.23,124.8490833,0,-800.6301777,0,0.1878081817,0,11.19989427,0,1.626054073,0,-0.04850112636,0,-0.3197355817,0,0.08699107203,0,-0.03972205727,0,0.1441773821,0,11.31731786,-0.6854041152,0,0,0.6140593696,0
10.24,124.9621352,0,-800.6350793,0,0.187321192,0,11.19672907,0,1.626919119,0,-0.04889604816,0,-0.3133033187,0,0.08601677164,0,-0.03926175351,0,0.1442932391,0,11.31430986,-0.6854041152,0,0,0.6140593696,0
10.25,125.0751602,0,-800.6399113,0,0.1868302761,0,11.19362825,0,1.627774381,0,-0.04928635051,0,-0.3068569989,0,0.08503421368,0,-0.03879817341,0,0.1444074826,0,11.31136432,-0.6854041152,0,0,0.6140593696,0
10.26,125.1881591,0,-800.6446735,0,0.1863354805,0,11.19059197,0,1.628619776,0,-0.04967200085,0,-0.3003972115,0,0.08404350077,0,-0.03833136119,0,0.1445201003,0,11.30848138,-0.6854041152,0,0,0.6140593696,0
10.27,125.3011324,0,-800.6493658,0,0.1858368517,0,11.18762035,0,1.629455224,0,-0.0500529671,0,-0.293924547,0,0.08304473687,0,-0.03786136136,0,0.1446310804,0,11.30566112,-0.6854041152,0,0,0.6140593696,0
10.28,125.4140806,0,-800.653988,0,0.1853344369,0,11.18471352,0,1.630280644,0,-0.05042921761,0,-0.2874395965,0,0.08203802725,0,-0.03738821878,0,0.1447404113,0,11.30290368,-0.6854041152,0,0,0.6140593696,0
10.29,125.5270044,0,-800.6585399,0,0.1848282832,0,11.1818716,0,1.631095958,0,-0.05080072116,0,-0.280942952,0,0.08102347857,0,-0.03691197867,0,0.1448480814,0,11.30020913,-0.6854041152,0,0,0.6140593696,0
10.3,125.6399044,0,-800.6630212,0,0.1843184384,0,11.1790947,0,1.631901088,0,-0.05116744701,0,-0.2744352062,0,0.08000119885,0,-0.03643268657,0,0.1449540795,0,11.29757759,-0.6854041152,0,0,0.6140593696,0
10.31,125.7527811,0,-800.667432,0,0.1838049503,0,11.17638293,0,1.632695957,0,-0.05152936487,0,-0.2679169525,0,0.07897129751,0,-0.03595038841,0,0.1450583946,0,11.29500914,-0.6854041152,0,0,0.6140593696,0
10.32,125.8656352,0,-800.6717719,0,0.1832878672,0,11.17373639,0,1.633480489,0,-0.05188644491,0,-0.261388785,0,0.07793388538,0,-0.03546513048,0,0.1451610157,0,11.29250386,-0.6854041152,0,0,0.6140593696,0
10.33,125.9784672,0,-800.6760408,0,0.1827672376,0,11.17115518,0,1.63425461,0,-0.05223865777,0,-0.254851298,0,0.07688907469,0,-0.03497695946,0,0.1452619324,0,11.29006184,-0.6854041152,0,0,0.6140593696,0
10.34,126.0912778,0,-800.6802386,0,0.1822431104,0,11.1686394,0,1.635018246,0,-0.05258597454,0,-0.2483050867,0,0.07583697912,0,-0.03448592242,0,0.1453611342,0,11.28768314,-0.6854041152,0,0,0.6140593696,0
10.35,126.2040676,0,-800.6843651,0,0.1817155346,0,11.16618911,0,1.635771326,0,-0.05292836682,0,-0.2417507463,0,0.07477771375,0,-0.03399206681,0,0.1454586109,0,11.28536783,-0.6854041152,0,0,0.6140593696,0
10.36,126.3168371,0,-800.6884202,0,0.1811845595,0,11.16380441,0,1.636513777,0,-0.05326580665,0,-0.2351888727,0,0.07371139513,0,-0.03349544049,0,0.1455543526,0,11.28311598,-0.6854041152,0,0,0.6140593696,0
10.37,126.4295869,0,-800.6924037,0,0.180650235,0,11.16148536,0,1.63724553,0,-0.05359826656,0,-0.2286200616,0,0.07263814121,0,-0.03299609174,0,0.1456483495,0,11.28092763,-0.6854041152,0,0,0.6140593696,0
10.38,126.5423176,0,-800.6963156,0,0.1801126109,0,11.15923203,0,1.637966517,0,-0.05392571957,0,-0.2220449092,0,0.07155807138,0,-0.03249406923,0,0.1457405923,0,11.27880285,-0.6854041152,0,0,0.6140593696,0
10.39,126.6550299,0,-800.7001557,0,0.1795717374,0,11.15704448,0,1.63867667,0,-0.05424813919,0,-0.2154640119,0,0.07047130645,0,-0.03198942206,0,0.1458310715,0,11.27674167,-0.6854041152,0,0,0.6140593696,0
10.4,126.7677243,0,-800.7039238,0,0.179027665,0,11.15492276,0,1.639375921,0,-0.05456549943,0,-0.2088779657,0,0.06937796866,0,-0.03148219974,0,0.1459197783,0,11.27474413,-0.6854041152,0,0,0.6140593696,0
10.41,126.8804014,0,-800.7076199,0,0.1784804444,0,11.15286693,0,1.640064207,0,-0.05487777477,0,-0.202287367,0,0.06827818167,0,-0.03097245222,0,0.1460067037,0,11.27281027,-0.6854041152,0,0,0.6140593696,0
10.42,126.9930618,0,-800.7112439,0,0.1779301265,0,11.15087703,0,1.640741464,0,-0.05518494022,0,-0.1956928119,0,0.06717207053,0,-0.03046022984,0,0.1460918393,0,11.27094011,-0.6854041152,0,0,0.6140593696,0
10.43,127.1057062,0,-800.7147956,0,0.1773767627,0,11.14895309,0,1.641407628,0,-0.05548697129,0,-0.1890948962,0,0.06605976167,0,-0.02994558339,0,0.1461751768,0,11.26913368,-0.6854041152,0,0,0.6140593696,0
10.44,127.218335,0,-800.718275,0,0.1768204043,0,11.14709514,0,1.642062639,0,-0.05578384398,0,-0.1824942158,0,0.06494138294,0,-0.02942856408,0,0.1462567081,0,11.26739099,-0.6854041152,0,0,0.6140593696,0
10.45,127.3309489,0,-800.721682,0,0.1762611031,0,11.14530321,0,1.642706436,0,-0.05607553483,0,-0.1758913658,0,0.06381706351,0,-0.02890922354,0,0.1463364254,0,11.26571205,-0.6854041152,0,0,0.6140593696,0
10.46,127.4435486,0,-800.7250164,0,0.1756989109,0,11.14357732,0,1.643338961,0,-0.05636202089,0,-0.1692869413,0,0.06268693393,0,-0.02838761381,0,0.1464143211,0,11.26409687,-0.6854041152,0,0,0.6140593696,0
10.47,127.5561345,0,-800.7282783,0,0.1751338801,0,11.14191747,0,1.643960156,0,-0.05664327972,0,-0.1626815368,0,0.06155112606,0,-0.02786378738,0,0.1464903879,0,11.26254545,-0.6854041152,0,0,0.6140593696,0
10.48,127.6687073,0,-800.7314675,0,0.1745660629,0,11.14032369,0,1.644569965,0,-0.05691928943,0,-0.1560757461,0,0.06040977308,0,-0.02733779714,0,0.1465646188,0,11.26105778,-0.6854041152,0,0,0.6140593696,0
10.49,127.7812675,0,-800.734584,0,0.1739955119,0,11.13879596,0,1.645168333,0,-0.05719002863,0,-0.1494701625,0,0.05926300948,0,-0.0268096964,0,0.1466370069,0,11.25963384,-0.6854041152,0,0,0.6140593696,0
10.5,127.8938159,0,-800.7376277,0,0.1734222799,0,11.13733428,0,1.645755207,0,-0.0574554765,0,-0.1428653786,0,0.05811097098,0,-0.0262795389,0,0.1467075456,0,11.25827363,-0.6854041152,0,0,0.6140593696,0
10.51,128.0063529,0,-800.7405985,0,0.17284642,0,11.13593865,0,1.646330536,0,-0.05771561274,0,-0.1362619862,0,0.0569537946,0,-0.02574737878,0,0.1467762287,0,11.25697712,-0.6854041152,0,0,0.6140593696,0
10.52,128.1188791,0,-800.7434964,0,0.1722679854,0,11.13460904,0,1.646894267,0,-0.05797041759,0,-0.1296605764,0,0.05579161853,0,-0.02521327058,0,0.1468430502,0,11.25574427,-0.6854041152,0,0,0.6140593696,0
10.53,128.2313952,0,-800.7463214,0,0.1716870295,0,11.13334543,0,1.647446352,0,-0.05821987184,0,-0.1230617391,0,0.05462458221,0,-0.02467726925,0,0.1469080042,0,11.25457506,-0.6854041152,0,0,0.6140593696,0
10.54,128.3439017,0,-800.7490734,0,0.1711036059,0,11.13214779,0,1.647986743,0,-0.05846395685,0,-0.1164660634,0,0.05345282621,0,-0.02413943014,0,0.1469710852,0,11.25346945,-0.6854041152,0,0,0.6140593696,0
10.55,128.4563992,0,-800.7517523,0,0.1705177683,0,11.13101609,0,1.648515393,0,-0.0587026545,0,-0.1098741372,0,0.05227649229,0,-0.023599809,0,0.147032288,0,11.25242739,-0.6854041152,0,0,0.6140593696,0
10.56,128.5688884,0,-800.7543582,0,0.1699295708,0,11.12995029,0,1.649032258,0,-0.05893594727,0,-0.1032865475,0,0.05109572329,0,-0.02305846194,0,0.1470916075,0,11.25144884,-0.6854041152,0,0,0.6140593696,0
10.57,128.6813697,0,-800.7568911,0,0.1693390675,0,11.12895035,0,1.649537293,0,-0.05916381818,0,-0.0967038797,0,0.04991066316,0,-0.02251544547,0,0.1471490391,0,11.25053372,-0.6854041152,0,0,0.6140593696,0
10.58,128.7938439,0,-800.7593508,0,0.1687463126,0,11.1280162,0,1.650030457,0,-0.05938625081,0,-0.09012671826,0,0.04872145691,0,-0.02197081648,0,0.1472045782,0,11.249682,-0.6854041152,0,0,0.6140593696,0
10.59,128.9063114,0,-800.7617375,0,0.1681513606,0,11.12714779,0,1.650511709,0,-0.05960322933,0,-0.08355564608,0,0.04752825057,0,-0.02142463221,0,0.1472582208,0,11.24889358,-0.6854041152,0,0,0.6140593696,0
10.6,129.0187728,0,-800.764051,0,0.1675542662,0,11.12634506,0,1.650981009,0,-0.05981473847,0,-0.07699124467,0,0.0463311912,0,-0.02087695027,0,0.1473099628,0,11.24816842,-0.6854041152,0,0,0.6140593696,0
10.61,129.1312288,0,-800.7662914,0,0.1669550841,0,11.12560794,0,1.65143832,0,-0.06002076354,0,-0.07043409402,0,0.04513042678,0,-0.02032782861,0,0.1473598006,0,11.24750642,-0.6854041152,0,0,0.6140593696,0
10.62,129.24368,0,-800.7684587,0,0.1663538693,0,11.12493635,0,1.651883606,0,-0.06022129044,0,-0.06388477254,0,0.04392610627,0,-0.01977732552,0,0.1474077308,0,11.2469075,-0.6854041152,0,0,0.6140593696,0
10.63,129.3561268,0,-800.7705528,0,0.1657506767,0,11.12433022,0,1.652316831,0,-0.06041630564,0,-0.05734385696,0,0.0427183795,0,-0.01922549965,0,0.1474537504,0,11.24637158,-0.6854041152,0,0,0.6140593696,0
10.64,129.4685699,0,-800.7725739,0,0.1651455616,0,11.12378945,0,1.652737963,0,-0.06060579622,0,-0.05081192229,0,0.04150739718,0,-0.01867240995,0,0.1474978564,0,11.24589856,-0.6854041152,0,0,0.6140593696,0
10.65,129.5810099,0,-800.7745219,0,0.1645385792,0,11.12331395,0,1.653146969,0,-0.06078974983,0,-0.04428954172,0,0.04029331086,0,-0.0181181157,0,0.1475400463,0,11.24548834,-0.6854041152,0,0,0.6140593696,0
10.66,129.6934474,0,-800.7763969,0,0.1639297851,0,11.12290362,0,1.653543819,0,-0.06096815472,0,-0.03777728656,0,0.03907627287,0,-0.01756267647,0,0.1475803178,0,11.24514082,-0.6854041152,0,0,0.6140593696,0
10.67,129.8058829,0,-800.7781988,0,0.1633192347,0,11.12255837,0,1.653928485,0,-0.06114099974,0,-0.03127572619,0,0.03785643632,0,-0.01700615214,0,0.1476186689,0,11.24485589,-0.6854041152,0,0,0.6140593696,0
10.68,129.918317,0,-800.7799278,0,0.1627069837,0,11.12227807,0,1.654300939,0,-0.06130827435,0,-0.02478542794,0,0.03663395504,0,-0.01644860287,0,0.1476550978,0,11.24463343,-0.6854041152,0,0,0.6140593696,0
10.69,130.0307503,0,-800.7815838,0,0.1620930878,0,11.12206262,0,1.654661156,0,-0.06146996859,0,-0.01830695705,0,0.03540898355,0,-0.01589008911,0,0.1476896032,0,11.24447333,-0.6854041152,0,0,0.6140593696,0
10.7,130.1431833,0,-800.7831669,0,0.1614776029,0,11.12191189,0,1.655009111,0,-0.06162607312,0,-0.0118408766,0,0.03418167702,0,-0.01533067156,0,0.1477221837,0,11.24437545,-0.6854041152,0,0,0.6140593696,0
10.71,130.2556167,0,-800.7846771,0,0.160860585,0,11.12182576,0,1.655344782,0,-0.06177657921,0,-0.005387747437,0,0.03295219123,0,-0.01477041119,0,0.1477528385,0,11.24433967,-0.6854041152,0,0,0.6140593696,0
10.72,130.368051,0,-800.7861145,0,0.16024209,0,11.12180409,0,1.655668148,0,-0.06192147874,0,0.001051871921,0,0.03172068256,0,-0.01420936918,0,0.1477815668,0,11.24436584,-0.6854041152,0,0,0.6140593696,0
10.73,130.4804868,0,-800.7874793,0,0.1596221741,0,11.12184675,0,1.655979189,0,-0.0620607642,0,0.007477425313,0,0.03048730791,0,-0.01364760699,0,0.1478083685,0,11.24445384,-0.6854041152,0,0,0.6140593696,0
10.74,130.5929246,0,-800.7887713,0,0.1590008935,0,11.12195359,0,1.656277888,0,-0.06219442869,0,0.01388835903,0,0.02925222469,0,-0.01308518627,0,0.1478332433,0,11.24460351,-0.6854041152,0,0,0.6140593696,0
10.75,130.705365,0,-800.7899907,0,0.1583783043,0,11.12212446,0,1.656564229,0,-0.06232246594,0,0.02028412188,0,0.02801559075,0,-0.01252216888,0,0.1478561915,0,11.2448147,-0.6854041152,0,0,0.6140593696,0
10.76,130.8178086,0,-800.7911377,0,0.1577544629,0,11.12235922,0,1.656838196,0,-0.06244487029,0,0.02666416526,0,0.02677756439,0,-0.01195861689,0,0.1478772135,0,11.24508726,-0.6854041152,0,0,0.6140593696,0
10.77,130.930256,0,-800.7922122,0,0.1571294257,0,11.12265769,0,1.657099776,0,-0.0625616367,0,0.03302794321,0,0.02553830429,0,-0.01139459256,0,0.14789631,0,11.24542102,-0.6854041152,0,0,0.6140593696,0
10.78,131.0427076,0,-800.7932143,0,0.156503249,0,11.12301972,0,1.657348958,0,-0.06267276077,0,0.03937491248,0,0.02429796945,0,-0.01083015829,0,0.1479134821,0,11.24581581,-0.6854041152,0,0,0.6140593696,0
10.79,131.1551642,0,-800.7941441,0,0.1558759893,0,11.12344513,0,1.657585732,0,-0.06277823871,0,0.04570453263,0,0.0230567192,0,-0.01026537668,0,0.147928731,0,11.24627148,-0.6854041152,0,0,0.6140593696,0
10.8,131.2676261,0,-800.7950018,0,0.1552477031,0,11.12393375,0,1.65781009,0,-0.06287806736,0,0.05201626605,0,0.02181471313,0,-0.009700310457,0,0.1479420584,0,11.24678783,-0.6854041152,0,0,0.6140593696,0
10.81,131.3800941,0,-800.7957875,0,0.1546184468,0,11.1244854,0,1.658022025,0,-0.06297224419,0,0.05830957806,0,0.02057211103,0,-0.009135022486,0,0.147953466,0,11.24736469,-0.6854041152,0,0,0.6140593696,0
10.82,131.4925686,0,-800.7965011,0,0.153988277,0,11.12509988,0,1.658221531,0,-0.06306076729,0,0.06458393695,0,0.01932907291,0,-0.008569575757,0,0.1479629559,0,11.24800187,-0.6854041152,0,0,0.6140593696,0
10.83,131.6050502,0,-800.7971429,0,0.1533572503,0,11.12577701,0,1.658408605,0,-0.06314363539,0,0.07083881406,0,0.01808575888,0,-0.008004033367,0,0.1479705306,0,11.24869918,-0.6854041152,0,0,0.6140593696,0
10.84,131.7175395,0,-800.797713,0,0.1527254232,0,11.12651659,0,1.658583246,0,-0.06322084785,0,0.07707368384,0,0.01684232918,0,-0.007438458512,0,0.1479761927,0,11.24945642,-0.6854041152,0,0,0.6140593696,0
10.85,131.830037,0,-800.7982115,0,0.1520928522,0,11.12731842,0,1.658745452,0,-0.06329240466,0,0.08328802391,0,0.01559894411,0,-0.00687291447,0,0.147979945,0,11.2502734,-0.6854041152,0,0,0.6140593696,0
10.86,131.9425433,0,-800.7986385,0,0.1514595939,0,11.12818228,0,1.658895225,0,-0.06335830645,0,0.08948131512,0,0.01435576397,0,-0.006307464587,0,0.1479817909,0,11.25114991,-0.6854041152,0,0,0.6140593696,0
10.87,132.0550588,0,-800.7989941,0,0.1508257049,0,11.12910797,0,1.659032568,0,-0.06341855448,0,0.09565304164,0,0.01311294907,0,-0.005742172268,0,0.1479817337,0,11.25208573,-0.6854041152,0,0,0.6140593696,0
10.88,132.1675843,0,-800.7992786,0,0.1501912417,0,11.13009527,0,1.659157486,0,-0.06347315064,0,0.1018026909,0,0.01187065963,0,-0.00517710096,0,0.1479797771,0,11.25308066,-0.6854041152,0,0,0.6140593696,0
10.89,132.2801201,0,-800.7994919,0,0.1495562607,0,11.13114395,0,1.659269984,0,-0.06352209745,0,0.107929754,0,0.01062905577,0,-0.004612314138,0,0.1479759253,0,11.25413446,-0.6854041152,0,0,0.6140593696,0
10.9,132.3926668,0,-800.7996343,0,0.1489208186,0,11.13225379,0,1.65937007,0,-0.06356539809,0,0.1140337251,0,0.009388297484,0,-0.004047875294,0,0.1479701823,0,11.25524693,-0.6854041152,0,0,0.6140593696,0
10.91,132.5052251,0,-800.7997059,0,0.1482849716,0,11.13342455,0,1.659457753,0,-0.06360305633,0,0.1201141023,0,0.008148544569,0,-0.003483847922,0,0.1479625528,0,11.25641782,-0.6854041152,0,0,0.6140593696,0
10.92,132.6177954,0,-800.7997069,0,0.1476487762,0,11.13465599,0,1.659533045,0,-0.06363507663,0,0.1261703871,0,0.006909956595,0,-0.002920295503,0,0.1479530416,0,11.25764691,-0.6854041152,0,0,0.6140593696,0
10.93,132.7303782,0,-800.7996375,0,0.1470122888,0,11.13594787,0,1.659595957,0,-0.06366146404,0,0.1322020846,0,0.005672692871,0,-0.002357281492,0,0.1479416536,0,11.25893395,-0.6854041152,0,0,0.6140593696,0
10.94,132.8429741,0,-800.7994977,0,0.1463755657,0,11.13729995,0,1.659646503,0,-0.06368222427,0,0.1382087036,0,0.004436912397,0,-0.001794869307,0,0.1479283941,0,11.26027871,-0.6854041152,0,0,0.6140593696,0
10.95,132.9555837,0,-800.7992878,0,0.1457386631,0,11.13871196,0,1.6596847,0,-0.06369736365,0,0.1441897569,0,0.003202773824,0,-0.001233122309,0,0.1479132689,0,11.26168093,-0.6854041152,0,0,0.6140593696,0
10.96,133.0682074,0,-800.799008,0,0.1451016371,0,11.14018366,0,1.659710565,0,-0.06370688915,0,0.1501447609,0,0.001970435418,0,-0.0006721037938,0,0.1478962835,0,11.26314037,-0.6854041152,0,0,0.6140593696,0
10.97,133.1808458,0,-800.7986584,0,0.144464544,0,11.14171477,0,1.659724116,0,-0.06371080837,0,0.1560732358,0,0.0007400550166,0,-0.0001118769749,0,0.1478774442,0,11.26465677,-0.6854041152,0,0,0.6140593696,0
10.98,133.2934994,0,-800.7982392,0,0.1438274396,0,11.14330503,0,1.659725373,0,-0.06370912954,0,0.1619747058,0,-0.0004882100127,0,0.0004474950296,0,0.1478567572,0,11.26622986,-0.6854041152,0,0,0.6140593696,0
10.99,133.4061687,0,-800.7977505,0,0.14319038,0,11.14495417,0,1.659714359,0,-0.06370186153,0,0.1678486993,0,-0.001714202809,0,0.001005949211,0,0.1478342292,0,11.26785939,-0.6854041152,0,0,0.6140593696,0
11,133.5188543,0,-800.7971927,0,0.142553421,0,11.14666191,0,1.659691097,0,-0.06368901383,0,0.1736947483,0,-0.002937767057,0,0.001563422683,0,0.1478098669,0,11.26954508,-0.6854041152,0,0,0.6140593696,0
11.01,133.6315567,0,-800.7965659,0,0.1419166183,0,11.14842797,0,1.659655612,0,-0.06367059656,0,0.1795123892,0,-0.004158747033,0,0.002119852699,0,0.1477836774,0,11.27128666,-0.6854041152,0,0,0.6140593696,0
11.02,133.7442763,0,-800.7958702,0,0.1412800276,0,11.15025206,0,1.659607931,0,-0.06364662046,0,0.1853011623,0,-0.005376987635,0,0.002675176661,0,0.147755668,0,11.27308385,-0.6854041152,0,0,0.6140593696,0
11.03,133.8570138,0,-800.7951059,0,0.1406437044,0,11.1521339,0,1.659548082,0,-0.06361709692,0,0.1910606122,0,-0.006592334429,0,0.003229332138,0,0.1477258463,0,11.27493638,-0.6854041152,0,0,0.6140593696,0
11.04,133.9697696,0,-800.7942733,0,0.1400077041,0,11.15407318,0,1.659476095,0,-0.06358203793,0,0.1967902877,0,-0.007804633681,0,0.003782256877,0,0.14769422,0,11.27684394,-0.6854041152,0,0,0.6140593696,0
11.05,134.0825442,0,-800.7933724,0,0.139372082,0,11.1560696,0,1.659392,0,-0.0635414561,0,0.2024897418,0,-0.009013732404,0,0.004333888819,0,0.1476607973,0,11.27880626,-0.6854041152,0,0,0.6140593696,0
11.06,134.1953381,0,-800.7924036,0,0.1387368934,0,11.15812287,0,1.659295831,0,-0.06349536467,0,0.2081585318,0,-0.01021947839,0,0.004884166112,0,0.1476255863,0,11.28082305,-0.6854041152,0,0,0.6140593696,0
11.07,134.3081519,0,-800.7913671,0,0.1381021931,0,11.16023267,0,1.659187622,0,-0.0634437775,0,0.2137962195,0,-0.01142172024,0,0.005433027122,0,0.1475885956,0,11.28289399,-0.6854041152,0,0,0.6140593696,0
11.08,134.420986,0,-800.790263,0,0.1374680361,0,11.16239869,0,1.659067409,0,-0.06338670906,0,0.2194023708,0,-0.01262030742,0,0.005980410453,0,0.1475498339,0,11.28501879,-0.6854041152,0,0,0.6140593696,0
11.09,134.533841,0,-800.7890917,0,0.1368344771,0,11.16462061,0,1.658935229,0,-0.06332417442,0,0.2249765564,0,-0.01381509029,0,0.006526254955,0,0.1475093101,0,11.28719715,-0.6854041152,0,0,0.6140593696,0
11.1,134.6467173,0,-800.7878534,0,0.1362015708,0,11.16689811,0,1.65879112,0,-0.06325618929,0,0.2305183511,0,-0.01500592012,0,0.007070499739,0,0.1474670334,0,11.28942874,-0.6854041152,0,0,0.6140593696,0
11.11,134.7596154,0,-800.7865483,0,0.1355693714,0,11.16923087,0,1.658635124,0,-0.06318276997,0,0.2360273345,0,-0.01619264917,0,0.007613084192,0,0.1474230133,0,11.29171327,-0.6854041152,0,0,0.6140593696,0
11.12,134.8725358,0,-800.7851766,0,0.1349379334,0,11.17161855,0,1.658467282,0,-0.06310393335,0,0.2415030907,0,-0.01737513068,0,0.008153947989,0,0.1473772594,0,11.29405041,-0.6854041152,0,0,0.6140593696,0
11.13,134.9854791,0,-800.7837386,0,0.1343073108,0,11.17406082,0,1.658287636,0,-0.06301969694,0,0.2469452081,0,-0.01855321894,0,0.008693031107,0,0.1473297815,0,11.29643984,-0.6854041152,0,0,0.6140593696,0
11.14,135.0984456,0,-800.7822346,0,0.1336775574,0,11.17655734,0,1.658096232,0,-0.06293007886,0,0.2523532802,0,-0.01972676929,0,0.009230273838,0,0.1472805896,0,11.29888123,-0.6854041152,0,0,0.6140593696,0
11.15,135.211436,0,-800.7806648,0,0.1330487271,0,11.17910777,0,1.657893116,0,-0.0628350978,0,0.2577269048,0,-0.0208956382,0,0.009765616802,0,0.1472296941,0,11.30137425,-0.6854041152,0,0,0.6140593696,0
11.16,135.3244506,0,-800.7790295,0,0.1324208733,0,11.18171176,0,1.657678336,0,-0.06273477306,0,0.2630656845,0,-0.02205968327,0,0.01029900096,0,0.1471771054,0,11.30391858,-0.6854041152,0,0,0.6140593696,0
11.17,135.4374899,0,-800.777329,0,0.1317940494,0,11.18436896,0,1.657451939,0,-0.06262912451,0,0.2683692268,0,-0.02321876325,0,0.01083036763,0,0.1471228342,0,11.30651388,-0.6854041152,0,0,0.6140593696,0
11.18,135.5505544,0,-800.7755634,0,0.1311683085,0,11.18707902,0,1.657213977,0,-0.06251817263,0,0.2736371436,0,-0.02437273812,0,0.01135965849,0,0.1470668914,0,11.3091598,-0.6854041152,0,0,0.6140593696,0
11.19,135.6636447,0,-800.7737332,0,0.1305437035,0,11.18984159,0,1.656964502,0,-0.06240193846,0,0.278869052,0,-0.0255214691,0,0.01188681561,0,0.147009288,0,11.311856,-0.6854041152,0,0,0.6140593696,0
11.2,135.776761,0,-800.7718386,0,0.1299202872,0,11.19265628,0,1.656703566,0,-0.06228044362,0,0.2840645736,0,-0.02666481865,0,0.01241178143,0,0.1469500355,0,11.31460213,-0.6854041152,0,0,0.6140593696,0
11.21,135.889904,0,-800.7698798,0,0.1292981121,0,11.19552275,0,1.656431224,0,-0.06215371033,0,0.2892233352,0,-0.02780265056,0,0.01293449882,0,0.1468891451,0,11.31739785,-0.6854041152,0,0,0.6140593696,0
11.22,136.0030741,0,-800.7678572,0,0.1286772304,0,11.19844063,0,1.656147532,0,-0.06202176134,0,0.294344968,0,-0.02893482994,0,0.01345491105,0,0.1468266287,0,11.3202428,-0.6854041152,0,0,0.6140593696,0
11.23,136.1162718,0,-800.765771,0,0.1280576942,0,11.20140953,0,1.655852547,0,-0.06188461998,0,0.2994291086,0,-0.03006122326,0,0.01397296183,0,0.146762498,0,11.32313663,-0.6854041152,0,0,0.6140593696,0
11.24,136.2294974,0,-800.7636216,0,0.1274395552,0,11.20442908,0,1.655546327,0,-0.06174231016,0,0.3044753983,0,-0.03118169837,0,0.0144885953,0,0.1466967651,0,11.32607897,-0.6854041152,0,0,0.6140593696,0
11.25,136.3427515,0,-800.7614092,0,0.1268228651,0,11.20749891,0,1.655228933,0,-0.06159485632,0,0.3094834833,0,-0.03229612456,0,0.01500175606,0,0.1466294422,0,11.32906945,-0.6854041152,0,0,0.6140593696,0
11.26,136.4560345,0,-800.7591342,0,0.1262076752,0,11.21061862,0,1.654900425,0,-0.06144228347,0,0.314453015,0,-0.03340437256,0,0.01551238917,0,0.1465605418,0,11.33210772,-0.6854041152,0,0,0.6140593696,0
11.27,136.5693468,0,-800.7567968,0,0.1255940364,0,11.21378784,0,1.654560866,0,-0.06128461715,0,0.3193836497,0,-0.03450631456,0,0.01602044017,0,0.1464900764,0,11.3351934,-0.6854041152,0,0,0.6140593696,0
11.28,136.682689,0,-800.7543974,0,0.1249819997,0,11.21700617,0,1.65421032,0,-0.06112188345,0,0.3242750486,0,-0.03560182427,0,0.01652585509,0,0.1464180587,0,11.33832612,-0.6854041152,0,0,0.6140593696,0
11.29,136.7960614,0,-800.7519363,0,0.1243716156,0,11.22027321,0,1.653848852,0,-0.06095410901,0,0.3291268783,0,-0.03669077692,0,0.01702858044,0,0.1463445016,0,11.3415055,-0.6854041152,0,0,0.6140593696,0
11.3,136.9094645,0,-800.7494138,0,0.1237629343,0,11.22358857,0,1.653476527,0,-0.06078132099,0,0.3339388101,0,-0.03777304931,0,0.01752856327,0,0.1462694183,0,11.34473116,-0.6854041152,0,0,0.6140593696,0
11.31,137.0228987,0,-800.7468302,0,0.1231560058,0,11.22695185,0,1.653093413,0,-0.06060354707,0,0.3387105207,0,-0.0388485198,0,0.01802575111,0,0.146192822,0,11.34800272,-0.6854041152,0,0,0.6140593696,0
11.32,137.1363645,0,-800.7441859,0,0.1225508798,0,11.23036265,0,1.65269958,0,-0.06042081546,0,0.3434416917,0,-0.03991706836,0,0.01852009207,0,0.1461147261,0,11.35131979,-0.6854041152,0,0,0.6140593696,0
11.33,137.2498622,0,-800.7414812,0,0.1219476059,0,11.23382055,0,1.652295096,0,-0.06023315489,0,0.3481320099,0,-0.04097857659,0,0.01901153475,0,0.146035144,0,11.354682,-0.6854041152,0,0,0.6140593696,0
11.34,137.3633924,0,-800.7387165,0,0.1213462331,0,11.23732515,0,1.651880032,0,-0.0600405946,0,0.3527811673,0,-0.04203292775,0,0.01950002834,0,0.1459540896,0,11.35808893,-0.6854041152,0,0,0.6140593696,0
11.35,137.4769554,0,-800.7358919,0,0.1207468102,0,11.24087603,0,1.651454461,0,-0.05984316432,0,0.3573888611,0,-0.04308000674,0,0.01998552257,0,0.1458715767,0,11.36154021,-0.6854041152,0,0,0.6140593696,0
11.36,137.5905516,0,-800.7330081,0,0.1201493859,0,11.24447279,0,1.651018457,0,-0.05964089431,0,0.3619547935,0,-0.04411970021,0,0.02046796775,0,0.1457876192,0,11.36503543,-0.6854041152,0,0,0.6140593696,0
11.37,137.7041815,0,-800.7300651,0,0.1195540084,0,11.24811499,0,1.650572092,0,-0.0594338153,0,0.366478672,0,-0.04515189647,0,0.02094731476,0,0.1457022314,0,11.36857419,-0.6854041152,0,0,0.6140593696,0
11.38,137.8178455,0,-800.7270635,0,0.1189607255,0,11.25180222,0,1.650115444,0,-0.05922195851,0,0.3709602094,0,-0.0461764856,0,0.02142351508,0,0.1456154274,0,11.37215609,-0.6854041152,0,0,0.6140593696,0
11.39,137.931544,0,-800.7240035,0,0.118369585,0,11.25553405,0,1.649648588,0,-0.05900535565,0,0.3753991235,0,-0.04719335943,0,0.02189652079,0,0.1455272217,0,11.37578073,-0.6854041152,0,0,0.6140593696,0
11.4,138.0452774,0,-800.7208856,0,0.1177806341,0,11.25931006,0,1.649171603,0,-0.0587840389,0,0.3797951376,0,-0.04820241155,0,0.02236628457,0,0.1454376288,0,11.3794477,-0.6854041152,0,0,0.6140593696,0
11.41,138.159046,0,-800.71771,0,0.1171939199,0,11.26312981,0,1.648684566,0,-0.05855804092,0,0.3841479799,0,-0.04920353737,0,0.02283275971,0,0.1453466633,0,11.38315659,-0.6854041152,0,0,0.6140593696,0
11.42,138.2728504,0,-800.7144772,0,0.1166094888,0,11.26699287,0,1.648187559,0,-0.05832739482,0,0.3884573841,0,-0.05019663408,0,0.02329590016,0,0.1452543401,0,11.38690698,-0.6854041152,0,0,0.6140593696,0
11.43,138.3866909,0,-800.7111875,0,0.1160273873,0,11.27089881,0,1.647680661,0,-0.05809213419,0,0.3927230891,0,-0.05118160072,0,0.02375566045,0,0.1451606741,0,11.39069847,-0.6854041152,0,0,0.6140593696,0
11.44,138.5005678,0,-800.7078413,0,0.1154476614,0,11.27484719,0,1.647163954,0,-0.05785229303,0,0.3969448389,0,-0.05215833815,0,0.02421199579,0,0.1450656803,0,11.39453063,-0.6854041152,0,0,0.6140593696,0
11.45,138.6144817,0,-800.704439,0,0.1148703566,0,11.27883756,0,1.646637522,0,-0.05760790584,0,0.4011223831,0,-0.05312674912,0,0.02466486202,0,0.1449693737,0,11.39840304,-0.6854041152,0,0,0.6140593696,0
11.46,138.7284328,0,-800.7009808,0,0.1142955183,0,11.28286949,0,1.646101447,0,-0.0573590075,0,0.4052554762,0,-0.05408673822,0,0.02511421566,0,0.1448717697,0,11.40231529,-0.6854041152,0,0,0.6140593696,0
11.47,138.8424215,0,-800.6974674,0,0.1137231914,0,11.28694252,0,1.645555815,0,-0.05710563338,0,0.4093438781,0,-0.05503821195,0,0.02556001386,0,0.1447728835,0,11.40626694,-0.6854041152,0,0,0.6140593696,0
11.48,138.9564483,0,-800.6938989,0,0.1131534205,0,11.29105622,0,1.645000712,0,-0.05684781922,0,0.4133873542,0,-0.05598107868,0,0.02600221446,0,0.1446727307,0,11.41025757,-0.6854041152,0,0,0.6140593696,0
11.49,139.0705135,0,-800.6902758,0,0.1125862497,0,11.29521012,0,1.644436223,0,-0.05658560122,0,0.4173856747,0,-0.05691524873,0,0.02644077598,0,0.1445713267,0,11.41428676,-0.6854041152,0,0,0.6140593696,0
11.5,139.1846174,0,-800.6865985,0,0.112021723,0,11.29940378,0,1.643862436,0,-0.05631901597,0,0.4213386156,0,-0.05784063431,0,0.02687565761,0,0.1444686872,0,11.41835406,-0.6854041152,0,0,0.6140593696,0
11.51,139.2987605,0,-800.6828674,0,0.1114598838,0,11.30363674,0,1.64327944,0,-0.05604810047,0,0.4252459578,0,-0.05875714959,0,0.02730681925,0,0.1443648279,0,11.42245906,-0.6854041152,0,0,0.6140593696,0
11.52,139.412943,0,-800.6790829,0,0.1109007753,0,11.30790855,0,1.642687323,0,-0.05577289212,0,0.4291074876,0,-0.05966471064,0,0.02773422147,0,0.1442597647,0,11.4266013,-0.6854041152,0,0,0.6140593696,0
11.53,139.5271655,0,-800.6752454,0,0.1103444402,0,11.31221874,0,1.642086176,0,-0.0554934287,0,0.4329229966,0,-0.06056323554,0,0.02815782557,0,0.1441535134,0,11.43078036,-0.6854041152,0,0,0.6140593696,0
11.54,139.6414281,0,-800.6713552,0,0.1097909208,0,11.31656685,0,1.641476089,0,-0.05520974839,0,0.4366922816,0,-0.06145264428,0,0.02857759353,0,0.1440460899,0,11.4349958,-0.6854041152,0,0,0.6140593696,0
11.55,139.7557313,0,-800.6674129,0,0.1092402591,0,11.32095243,0,1.640857153,0,-0.05492188974,0,0.4404151448,0,-0.06233285886,0,0.02899348807,0,0.1439375104,0,11.43924718,-0.6854041152,0,0,0.6140593696,0
11.56,139.8700755,0,-800.6634188,0,0.1086924968,0,11.325375,0,1.640229462,0,-0.05462989167,0,0.4440913935,0,-0.06320380322,0,0.0294054726,0,0.143827791,0,11.44353405,-0.6854041152,0,0,0.6140593696,0
11.57,139.9844609,0,-800.6593733,0,0.108147675,0,11.3298341,0,1.639593109,0,-0.05433379345,0,0.4477208404,0,-0.0640654033,0,0.02981351127,0,0.1437169478,0,11.44785597,-0.6854041152,0,0,0.6140593696,0
11.58,140.0988879,0,-800.6552768,0,0.1076058344,0,11.33432926,0,1.638948186,0,-0.05403363471,0,0.4513033033,0,-0.06491758703,0,0.03021756896,0,0.1436049971,0,11.45221249,-0.6854041152,0,0,0.6140593696,0
11.59,140.2133568,0,-800.6511298,0,0.1070670157,0,11.33886001,0,1.638294788,0,-0.05372945545,0,0.4548386054,0,-0.06576028432,0,0.03061761128,0,0.1434919552,0,11.45660317,-0.6854041152,0,0,0.6140593696,0
11.6,140.3278681,0,-800.6469326,0,0.1065312586,0,11.34342587,0,1.637633012,0,-0.05342129599,0,0.458326575,0,-0.06659342709,0,0.03101360455,0,0.1433778386,0,11.46102755,-0.6854041152,0,0,0.6140593696,0
11.61,140.4424219,0,-800.6426858,0,0.1059986029,0,11.34802638,0,1.636962952,0,-0.05310919697,0,0.4617670458,0,-0.06741694926,0,0.03140551586,0,0.1432626635,0,11.46548518,-0.6854041152,0,0,0.6140593696,0
11.62,140.5570187,0,-800.6383898,0,0.1054690877,0,11.35266106,0,1.636284705,0,-0.05279319938,0,0.4651598565,0,-0.06823078673,0,0.03179331303,0,0.1431464466,0,11.46997562,-0.6854041152,0,0,0.6140593696,0
11.63,140.6716587,0,-800.6340449,0,0.1049427517,0,11.35732942,0,1.635598369,0,-0.05247334453,0,0.4685048513,0,-0.06903487743,0,0.03217696463,0,0.1430292043,0,11.4744984,-0.6854041152,0,0,0.6140593696,0
11.64,140.7863423,0,-800.6296516,0,0.1044196335,0,11.36203099,0,1.63490404,0,-0.05214967401,0,0.4718018792,0,-0.06982916127,0,0.03255643997,0,0.1429109532,0,11.47905307,-0.6854041152,0,0,0.6140593696,0
11.65,140.9010698,0,-800.6252103,0,0.1038997708,0,11.3667653,0,1.634201818,0,-0.05182222975,0,0.4750507948,0,-0.0706135802,0,0.03293170912,0,0.14279171,0,11.48363918,-0.6854041152,0,0,0.6140593696,0
11.66,141.0158415,0,-800.6207215,0,0.1033832013,0,11.37153185,0,1.633491802,0,-0.05149105395,0,0.4782514576,0,-0.07138807815,0,0.0333027429,0,0.1426714912,0,11.48825627,-0.6854041152,0,0,0.6140593696,0
11.67,141.1306577,0,-800.6161857,0,0.1028699621,0,11.37633016,0,1.63277409,0,-0.0511561891,0,0.4814037323,0,-0.07215260105,0,0.03366951289,0,0.1425503137,0,11.49290386,-0.6854041152,0,0,0.6140593696,0
11.68,141.2455188,0,-800.6116032,0,0.1023600897,0,11.38115976,0,1.632048783,0,-0.050817678,0,0.484507489,0,-0.07290709686,0,0.03403199142,0,0.142428194,0,11.49758152,-0.6854041152,0,0,0.6140593696,0
11.69,141.3604249,0,-800.6069746,0,0.1018536205,0,11.38602015,0,1.631315982,0,-0.05047556367,0,0.4875626025,0,-0.07365151552,0,0.03439015158,0,0.1423051489,0,11.50228876,-0.6854041152,0,0,0.6140593696,0
11.7,141.4753765,0,-800.6023002,0,0.1013505903,0,11.39091085,0,1.630575787,0,-0.05012988945,0,0.4905689532,0,-0.07438580896,0,0.03474396724,0,0.1421811952,0,11.50702513,-0.6854041152,0,0,0.6140593696,0
11.71,141.5903737,0,-800.5975806,0,0.1008510344,0,11.39583137,0,1.629828299,0,-0.04978069889,0,0.4935264261,0,-0.07510993114,0,0.03509341301,0,0.1420563498,0,11.51179017,-0.6854041152,0,0,0.6140593696,0
11.72,141.7054169,0,-800.5928161,0,0.1003549879,0,11.40078122,0,1.629073622,0,-0.04942803584,0,0.4964349119,0,-0.07582383797,0,0.03543846427,0,0.1419306293,0,11.5165834,-0.6854041152,0,0,0.6140593696,0
11.73,141.8205064,0,-800.5880073,0,0.09986248515,0,11.4057599,0,1.628311857,0,-0.04907194434,0,0.4992943057,0,-0.07652748737,0,0.03577909716,0,0.1418040507,0,11.52140436,-0.6854041152,0,0,0.6140593696,0
11.74,141.9356425,0,-800.5831546,0,0.09937356029,0,11.41076694,0,1.627543107,0,-0.0487124687,0,0.5021045082,0,-0.07722083924,0,0.03611528861,0,0.1416766307,0,11.52625259,-0.6854041152,0,0,0.6140593696,0
11.75,142.0508253,0,-800.5782584,0,0.09888824691,0,11.41580183,0,1.626767475,0,-0.04834965344,0,0.5048654248,0,-0.07790385544,0,0.03644701627,0,0.1415483862,0,11.5311276,-0.6854041152,0,0,0.6140593696,0
11.76,142.1660553,0,-800.5733193,0,0.0984065782,0,11.42086408,0,1.625985064,0,-0.04798354332,0,0.5075769661,0,-0.07857649981,0,0.0367742586,0,0.1414193341,0,11.53602894,-0.6854041152,0,0,0.6140593696,0
11.77,142.2813326,0,-800.5683377,0,0.09792858688,0,11.4259532,0,1.625195979,0,-0.04761418329,0,0.5102390477,0,-0.07923873815,0,0.0370969948,0,0.1412894913,0,11.54095614,-0.6854041152,0,0,0.6140593696,0
11.78,142.3966575,0,-800.5633141,0,0.09745430522,0,11.4310687,0,1.624400324,0,-0.04724161851,0,0.51285159,0,-0.07989053819,0,0.03741520483,0,0.1411588744,0,11.54590871,-0.6854041152,0,0,0.6140593696,0
11.79,142.5120304,0,-800.5582489,0,0.09698376504,0,11.43621007,0,1.623598203,0,-0.04686589435,0,0.5154145186,0,-0.08053186963,0,0.03772886943,0,0.1410275005,0,11.55088619,-0.6854041152,0,0,0.6140593696,0
11.8,142.6274513,0,-800.5531427,0,0.09651699771,0,11.44137682,0,1.622789722,0,-0.04648705634,0,0.5179277638,0,-0.0811627041,0,0.0380379701,0,0.1408953864,0,11.55588811,-0.6854041152,0,0,0.6140593696,0
11.81,142.7429207,0,-800.5479958,0,0.09605403414,0,11.44656846,0,1.621974984,0,-0.04610515022,0,0.5203912611,0,-0.08178301515,0,0.03834248908,0,0.1407625488,0,11.56091399,-0.6854041152,0,0,0.6140593696,0
11.82,142.8584386,0,-800.5428088,0,0.09559490478,0,11.45178448,0,1.621154097,0,-0.04572022189,0,0.5228049506,0,-0.08239277823,0,0.03864240939,0,0.1406290046,0,11.56596336,-0.6854041152,0,0,0.6140593696,0
11.83,142.9740055,0,-800.5375822,0,0.09513963962,0,11.45702439,0,1.620327164,0,-0.04533231741,0,0.5251687774,0,-0.08299197073,0,0.03893771481,0,0.1404947707,0,11.57103574,-0.6854041152,0,0,0.6140593696,0
11.84,143.0896214,0,-800.5323165,0,0.0946882682,0,11.46228769,0,1.619494292,0,-0.04494148302,0,0.5274826916,0,-0.08358057189,0,0.03922838987,0,0.1403598637,0,11.57613065,-0.6854041152,0,0,0.6140593696,0
11.85,143.2052867,0,-800.5270121,0,0.09424081957,0,11.46757388,0,1.618655588,0,-0.0445477651,0,0.5297466479,0,-0.08415856286,0,0.03951441985,0,0.1402243005,0,11.58124763,-0.6854041152,0,0,0.6140593696,0
11.86,143.3210016,0,-800.5216695,0,0.09379732235,0,11.47288246,0,1.617811157,0,-0.04415121016,0,0.5319606059,0,-0.08472592665,0,0.03979579079,0,0.1400880977,0,11.58638618,-0.6854041152,0,0,0.6140593696,0
11.87,143.4367663,0,-800.5162892,0,0.09335780467,0,11.47821292,0,1.616961105,0,-0.04375186486,0,0.53412453,0,-0.08528264813,0,0.04007248947,0,0.1399512722,0,11.59154585,-0.6854041152,0,0,0.6140593696,0
11.88,143.552581,0,-800.5108718,0,0.0929222942,0,11.48356478,0,1.616105539,0,-0.04334977598,0,0.5362383892,0,-0.085828714,0,0.04034450344,0,0.1398138405,0,11.59672614,-0.6854041152,0,0,0.6140593696,0
11.89,143.668446,0,-800.5054176,0,0.09249081814,0,11.48893752,0,1.615244566,0,-0.04294499044,0,0.5383021576,0,-0.0863641128,0,0.04061182096,0,0.1396758194,0,11.60192658,-0.6854041152,0,0,0.6140593696,0
11.9,143.7843614,0,-800.4999272,0,0.09206340322,0,11.49433066,0,1.614378293,0,-0.04253755525,0,0.5403158135,0,-0.08688883489,0,0.04087443106,0,0.1395372255,0,11.6071467,-0.6854041152,0,0,0.6140593696,0
11.91,143.9003274,0,-800.4944012,0,0.09164007571,0,11.49974367,0,1.613506825,0,-0.04212751754,0,0.5422793404,0,-0.08740287241,0,0.04113232348,0,0.1393980753,0,11.61238601,-0.6854041152,0,0,0.6140593696,0
11.92,144.0163443,0,-800.4888399,0,0.09122086139,0,11.50517608,0,1.612630271,0,-0.04171492454,0,0.544192726,0,-0.0879062193,0,0.04138548874,0,0.1392583854,0,11.61764404,-0.6854041152,0,0,0.6140593696,0
11.93,144.1324123,0,-800.483244,0,0.09080578558,0,11.51062736,0,1.611748736,0,-0.04129982356,0,0.5460559629,0,-0.08839887126,0,0.04163391803,0,0.1391181722,0,11.6229203,-0.6854041152,0,0,0.6140593696,0
11.94,144.2485316,0,-800.4776139,0,0.09039487312,0,11.51609703,0,1.610862329,0,-0.04088226199,0,0.5478690481,0,-0.08888082575,0,0.04187760332,0,0.1389774523,0,11.62821432,-0.6854041152,0,0,0.6140593696,0
11.95,144.3647023,0,-800.47195,0,0.08998814838,0,11.52158457,0,1.609971155,0,-0.04046228733,0,0.5496319835,0,-0.08935208197,0,0.04211653728,0,0.138836242,0,11.63352562,-0.6854041152,0,0,0.6140593696,0
11.96,144.4809246,0,-800.466253,0,0.08958563526,0,11.5270895,0,1.609075323,0,-0.04003994711,0,0.5513447752,0,-0.08981264083,0,0.04235071328,0,0.1386945577,0,11.63885371,-0.6854041152,0,0,0.6140593696,0
11.97,144.5971988,0,-800.4605234,0,0.08918735717,0,11.5326113,0,1.608174938,0,-0.03961528894,0,0.553007434,0,-0.09026250496,0,0.04258012545,0,0.1385524157,0,11.64419813,-0.6854041152,0,0,0.6140593696,0
11.98,144.7135249,0,-800.4547615,0,0.08879333705,0,11.53814948,0,1.607270108,0,-0.03918836049,0,0.554619975,0,-0.09070167864,0,0.04280476858,0,0.1384098322,0,11.64955839,-0.6854041152,0,0,0.6140593696,0
11.99,144.8299033,0,-800.4489681,0,0.08840359737,0,11.54370354,0,1.60636094,0,-0.03875920948,0,0.5561824181,0,-0.09113016786,0,0.0430246382,0,0.1382668235,0,11.65493401,-0.6854041152,0,0,0.6140593696,0
12,144.9463339,0,-800.4431435,0,0.08801816011,0,11.54927296,0,1.605447541,0,-0.03832788365,0,0.5576947873,0,-0.09154798023,0,0.04323973053,0,0.1381234057,0,11.66032451,-0.6854041152,0,0,0.6140593696,0
12.01,145.0628171,0,-800.4372883,0,0.08763704678,0,11.55485726,0,1.604530016,0,-0.0378944308,0,0.5591571111,0,-0.091955125,0,0.04345004248,0,0.1379795949,0,11.66572942,-0.6854041152,0,0,0.6140593696,0
12.02,145.179353,0,-800.431403,0,0.08726027842,0,11.56045594,0,1.603608474,0,-0.03745889874,0,0.5605694225,0,-0.09235161305,0,0.04365557165,0,0.137835407,0,11.67114826,-0.6854041152,0,0,0.6140593696,0
12.03,145.2959417,0,-800.4254881,0,0.08688787558,0,11.56606849,0,1.60268302,0,-0.03702133531,0,0.5619317586,0,-0.09273745682,0,0.04385631634,0,0.137690858,0,11.67658054,-0.6854041152,0,0,0.6140593696,0
12.04,145.4125833,0,-800.4195441,0,0.08651985833,0,11.57169441,0,1.60175376,0,-0.03658178837,0,0.5632441611,0,-0.09311267034,0,0.0440522755,0,0.1375459639,0,11.68202579,-0.6854041152,0,0,0.6140593696,0
12.05,145.5292781,0,-800.4135717,0,0.08615624626,0,11.5773332,0,1.600820801,0,-0.03614030576,0,0.5645066757,0,-0.09347726921,0,0.04424344878,0,0.1374007404,0,11.68748353,-0.6854041152,0,0,0.6140593696,0
12.06,145.6460262,0,-800.4075712,0,0.08579705851,0,11.58298438,0,1.59988425,0,-0.03569693534,0,0.5657193525,0,-0.09383127053,0,0.04442983649,0,0.1372552032,0,11.69295329,-0.6854041152,0,0,0.6140593696,0
12.07,145.7628277,0,-800.4015432,0,0.08544231369,0,11.58864742,0,1.598944211,0,-0.03525172497,0,0.5668822458,0,-0.09417469294,0,0.04461143959,0,0.1371093681,0,11.69843458,-0.6854041152,0,0,0.6140593696,0
12.08,145.8796827,0,-800.3954882,0,0.08509202998,0,11.59432185,0,1.598000791,0,-0.03480472249,0,0.5679954142,0,-0.09450755657,0,0.04478825972,0,0.1369632506,0,11.70392694,-0.6854041152,0,0,0.6140593696,0
12.09,145.9965915,0,-800.3894069,0,0.08474622505,0,11.60000717,0,1.597054095,0,-0.03435597571,0,0.5690589201,0,-0.09482988301,0,0.04496029914,0,0.1368168663,0,11.70942988,-0.6854041152,0,0,0.6140593696,0
12.1,146.113554,0,-800.3832996,0,0.08440491612,0,11.60570287,0,1.596104229,0,-0.03390553243,0,0.5700728305,0,-0.09514169531,0,0.04512756077,0,0.1366702306,0,11.71494293,-0.6854041152,0,0,0.6140593696,0
12.11,146.2305704,0,-800.3771669,0,0.0840681199,0,11.61140846,0,1.595151296,0,-0.03345344041,0,0.5710372161,0,-0.09544301796,0,0.04529004818,0,0.1365233588,0,11.72046561,-0.6854041152,0,0,0.6140593696,0
12.12,146.3476409,0,-800.3710094,0,0.08373585265,0,11.61712345,0,1.594195403,0,-0.03299974737,0,0.571952152,0,-0.09573387685,0,0.04544776554,0,0.1363762663,0,11.72599745,-0.6854041152,0,0,0.6140593696,0
12.13,146.4647655,0,-800.3648276,0,0.08340813013,0,11.62284734,0,1.593236654,0,-0.03254450098,0,0.5728177169,0,-0.09601429925,0,0.04560071766,0,0.1362289682,0,11.73153798,-0.6854041152,0,0,0.6140593696,0
12.14,146.5819445,0,-800.3586219,0,0.08308496765,0,11.62857964,0,1.592275152,0,-0.03208774888,0,0.573633994,0,-0.09628431381,0,0.04574890998,0,0.1360814796,0,11.73708671,-0.6854041152,0,0,0.6140593696,0
12.15,146.6991777,0,-800.3523931,0,0.08276638001,0,11.63431985,0,1.591311002,0,-0.03162953862,0,0.57440107,0,-0.09654395052,0,0.04589234852,0,0.1359338157,0,11.74264319,-0.6854041152,0,0,0.6140593696,0
12.16,146.8164655,0,-800.3461415,0,0.08245238158,0,11.64006749,0,1.590344307,0,-0.03116991773,0,0.5751190359,0,-0.09679324069,0,0.04603103994,0,0.1357859913,0,11.74820694,-0.6854041152,0,0,0.6140593696,0
12.17,146.9338078,0,-800.3398677,0,0.0821429862,0,11.64582207,0,1.589375172,0,-0.03070893362,0,0.5757879864,0,-0.09703221694,0,0.04616499145,0,0.1356380212,0,11.75377748,-0.6854041152,0,0,0.6140593696,0
12.18,147.0512048,0,-800.3335723,0,0.08183820729,0,11.65158309,0,1.588403697,0,-0.03024663367,0,0.5764080201,0,-0.09726091315,0,0.0462942109,0,0.1354899203,0,11.75935435,-0.6854041152,0,0,0.6140593696,0
12.19,147.1686565,0,-800.3272557,0,0.08153805776,0,11.65735007,0,1.587429987,0,-0.02978306515,0,0.5769792396,0,-0.09747936449,0,0.04641870669,0,0.1353417032,0,11.76493708,-0.6854041152,0,0,0.6140593696,0
12.2,147.2861631,0,-800.3209186,0,0.08124255006,0,11.66312251,0,1.586454144,0,-0.02931827525,0,0.5775017509,0,-0.09768760732,0,0.04653848781,0,0.1351933845,0,11.7705252,-0.6854041152,0,0,0.6140593696,0
12.21,147.4037245,0,-800.3145615,0,0.08095169617,0,11.66889994,0,1.585476269,0,-0.02885231107,0,0.5779756643,0,-0.09788567926,0,0.0466535638,0,0.1350449786,0,11.77611824,-0.6854041152,0,0,0.6140593696,0
12.22,147.521341,0,-800.3081849,0,0.08066550759,0,11.67468187,0,1.584496464,0,-0.02838521962,0,0.5784010933,0,-0.09807361907,0,0.04676394478,0,0.1348965,0,11.78171574,-0.6854041152,0,0,0.6140593696,0
12.23,147.6390124,0,-800.3017893,0,0.08038399538,0,11.6804678,0,1.58351483,0,-0.02791704779,0,0.5787781556,0,-0.09825146672,0,0.04686964141,0,0.1347479629,0,11.78731722,-0.6854041152,0,0,0.6140593696,0
12.24,147.756739,0,-800.2953752,0,0.08010717008,0,11.68625727,0,1.582531468,0,-0.02744784237,0,0.5791069723,0,-0.09841926329,0,0.0469706649,0,0.1345993816,0,11.79292223,-0.6854041152,0,0,0.6140593696,0
12.25,147.8745208,0,-800.2889433,0,0.07983504182,0,11.69204978,0,1.581546479,0,-0.02697765003,0,0.579387668,0,-0.09857705101,0,0.047067027,0,0.1344507701,0,11.7985303,-0.6854041152,0,0,0.6140593696,0
12.26,147.9923578,0,-800.2824941,0,0.07956762022,0,11.69784486,0,1.580559961,0,-0.02650651732,0,0.5796203713,0,-0.09872487319,0,0.04715873999,0,0.1343021424,0,11.80414098,-0.6854041152,0,0,0.6140593696,0
12.27,148.1102501,0,-800.2760281,0,0.07930491445,0,11.70364203,0,1.579572014,0,-0.02603449068,0,0.5798052141,0,-0.09886277421,0,0.04724581667,0,0.1341535124,0,11.80975379,-0.6854041152,0,0,0.6140593696,0
12.28,148.2281977,0,-800.2695458,0,0.07904693323,0,11.70944081,0,1.578582738,0,-0.0255616164,0,0.5799423318,0,-0.09899079953,0,0.04732827035,0,0.1340048939,0,11.81536827,-0.6854041152,0,0,0.6140593696,0
12.29,148.3462007,0,-800.2630478,0,0.07879368479,0,11.71524072,0,1.577592231,0,-0.02508794063,0,0.5800318636,0,-0.09910899562,0,0.04740611485,0,0.1338563006,0,11.82098398,-0.6854041152,0,0,0.6140593696,0
12.3,148.4642591,0,-800.2565347,0,0.07854517693,0,11.72104129,0,1.576600591,0,-0.02461350941,0,0.5800739517,0,-0.09921740996,0,0.04747936451,0,0.133707746,0,11.82660045,-0.6854041152,0,0,0.6140593696,0
12.31,148.5823729,0,-800.2500069,0,0.07830141697,0,11.72684204,0,1.575607915,0,-0.02413836861,0,0.5800687422,0,-0.09931609102,0,0.04754803413,0,0.1335592436,0,11.83221723,-0.6854041152,0,0,0.6140593696,0
12.32,148.7005423,0,-800.2434651,0,0.07806241177,0,11.7326425,0,1.574614301,0,-0.02366256394,0,0.5800163844,0,-0.09940508823,0,0.047612139,0,0.1334108069,0,11.83783385,-0.6854041152,0,0,0.6140593696,0
12.33,148.8187671,0,-800.2369097,0,0.07782816775,0,11.73844221,0,1.573619845,0,-0.02318614099,0,0.5799170309,0,-0.09948445197,0,0.04767169491,0,0.133262449,0,11.84344987,-0.6854041152,0,0,0.6140593696,0
12.34,148.9370474,0,-800.2303413,0,0.07759869086,0,11.74424069,0,1.572624644,0,-0.02270914515,0,0.5797708378,0,-0.09955423351,0,0.04772671809,0,0.1331141831,0,11.84906484,-0.6854041152,0,0,0.6140593696,0
12.35,149.0553833,0,-800.2237605,0,0.07737398661,0,11.75003747,0,1.571628793,0,-0.02223162168,0,0.5795779643,0,-0.09961448505,0,0.04777722525,0,0.1329660223,0,11.8546783,-0.6854041152,0,0,0.6140593696,0
12.36,149.1737747,0,-800.2171678,0,0.07715406004,0,11.75583209,0,1.570632386,0,-0.02175361564,0,0.5793385732,0,-0.09966525963,0,0.04782323353,0,0.1328179795,0,11.86028981,-0.6854041152,0,0,0.6140593696,0
12.37,149.2922217,0,-800.2105637,0,0.07693891575,0,11.76162409,0,1.569635519,0,-0.02127517194,0,0.5790528301,0,-0.09970661117,0,0.04786476054,0,0.1326700675,0,11.86589891,-0.6854041152,0,0,0.6140593696,0
12.38,149.4107242,0,-800.2039488,0,0.07672855791,0,11.76741299,0,1.568638285,0,-0.0207963353,0,0.5787209041,0,-0.0997385944,0,0.0479018243,0,0.132522299,0,11.87150516,-0.6854041152,0,0,0.6140593696,0
12.39,149.5292823,0,-800.1973236,0,0.07652299021,0,11.77319835,0,1.567640778,0,-0.02031715027,0,0.5783429675,0,-0.09976126485,0,0.04793444328,0,0.1323746867,0,11.87710811,-0.6854041152,0,0,0.6140593696,0
12.4,149.647896,0,-800.1906887,0,0.07632221592,0,11.7789797,0,1.566643091,0,-0.01983766119,0,0.5779191956,0,-0.09977467884,0,0.04796263637,0,0.132227243,0,11.88270732,-0.6854041152,0,0,0.6140593696,0
12.41,149.7665652,0,-800.1840447,0,0.07612623785,0,11.78475658,0,1.565645315,0,-0.01935791223,0,0.5774497668,0,-0.09977889347,0,0.04798642284,0,0.1320799804,0,11.88830236,-0.6854041152,0,0,0.6140593696,0
12.42,149.8852899,0,-800.177392,0,0.07593505839,0,11.79052854,0,1.564647543,0,-0.01887794735,0,0.5769348625,0,-0.09977396655,0,0.04800582241,0,0.131932911,0,11.89389277,-0.6854041152,0,0,0.6140593696,0
12.43,150.0040702,0,-800.1707312,0,0.07574867948,0,11.79629513,0,1.563649866,0,-0.01839781033,0,0.5763746675,0,-0.09975995662,0,0.04802085517,0,0.1317860471,0,11.89947813,-0.6854041152,0,0,0.6140593696,0
12.44,150.1229059,0,-800.1640628,0,0.07556710261,0,11.80205589,0,1.562652374,0,-0.01791754473,0,0.5757693691,0,-0.09973692292,0,0.04803154159,0,0.1316394007,0,11.90505798,-0.6854041152,0,0,0.6140593696,0
12.45,150.2417971,0,-800.1573875,0,0.07539032887,0,11.80781037,0,1.561655157,0,-0.01743719391,0,0.5751191579,0,-0.09970492537,0,0.04803790255,0,0.1314929836,0,11.91063191,-0.6854041152,0,0,0.6140593696,0
12.46,150.3607438,0,-800.1507056,0,0.07521835888,0,11.81355812,0,1.560658305,0,-0.01695680102,0,0.5744242274,0,-0.09966402451,0,0.04803995928,0,0.1313468079,0,11.91619947,-0.6854041152,0,0,0.6140593696,0
12.47,150.4797458,0,-800.1440179,0,0.07505119284,0,11.8192987,0,1.559661906,0,-0.016476409,0,0.5736847739,0,-0.09961428156,0,0.04803773338,0,0.131200885,0,11.92176024,-0.6854041152,0,0,0.6140593696,0
12.48,150.5988032,0,-800.1373248,0,0.07488883055,0,11.82503167,0,1.558666049,0,-0.01599606056,0,0.5729009966,0,-0.09955575831,0,0.04803124681,0,0.1310552267,0,11.92731377,-0.6854041152,0,0,0.6140593696,0
12.49,150.7179159,0,-800.1306269,0,0.07473127135,0,11.83075658,0,1.55767082,0,-0.01551579819,0,0.5720730976,0,-0.09948851717,0,0.04802052187,0,0.1309098443,0,11.93285966,-0.6854041152,0,0,0.6140593696,0
12.5,150.8370838,0,-800.1239246,0,0.07457851437,0,11.83647256,0,1.556676831,0,-0.0150356005,0,0.5711121262,0,-0.09930228814,0,0.04801822061,0,0.1307647975,0,11.93839711,-0.6854041152,0,0,0.6140593696,0
12.51,150.956307,0,-800.1172186,0,0.07443055914,0,11.84217867,0,1.555684816,0,-0.01455546321,0,0.5701015639,0,-0.09909955712,0,0.04800772035,0,0.1306201566,0,11.94392527,-0.6854041152,0,0,0.6140593696,0
12.52,151.0755853,0,-800.1105094,0,0.07428740461,0,11.84787445,0,1.554694866,0,-0.01407547547,0,0.5690484186,0,-0.09888922871,0,0.04798840221,0,0.1304759334,0,11.94944372,-0.6854041152,0,0,0.6140593696,0
12.53,151.1949187,0,-800.1037974,0,0.07414904884,0,11.85355949,0,1.553707055,0,-0.01359572274,0,0.567952959,0,-0.09867184833,0,0.04796080756,0,0.1303321375,0,11.95495204,-0.6854041152,0,0,0.6140593696,0
12.54,151.3143071,0,-800.0970833,0,0.0740154891,0,11.85923337,0,1.552721451,0,-0.01311628522,0,0.5668154501,0,-0.09844789727,0,0.047925438,0,0.1301887782,0,11.96044983,-0.6854041152,0,0,0.6140593696,0
12.55,151.4337504,0,-800.0903675,0,0.07388672184,0,11.86489566,0,1.551738117,0,-0.01263723833,0,0.5656361535,0,-0.09821779827,0,0.04788275763,0,0.1300458643,0,11.96593666,-0.6854041152,0,0,0.6140593696,0
12.56,151.5532485,0,-800.0836506,0,0.07376274279,0,11.87054595,0,1.550757114,0,-0.012158653,0,0.5644153282,0,-0.09798192078,0,0.04783319527,0,0.1299034043,0,11.97141215,-0.6854041152,0,0,0.6140593696,0
12.57,151.6728014,0,-800.0769331,0,0.07364354701,0,11.87618383,0,1.549778497,0,-0.01168059603,0,0.5631532311,0,-0.09774058582,0,0.04777714658,0,0.1297614063,0,11.97687588,-0.6854041152,0,0,0.6140593696,0
12.58,151.7924089,0,-800.0702155,0,0.0735291289,0,11.88180888,0,1.548802319,0,-0.01120313046,0,0.5618501171,0,-0.09749407054,0,0.04771497609,0,0.129619878,0,11.98232744,-0.6854041152,0,0,0.6140593696,0
12.59,151.912071,0,-800.0634983,0,0.07341948223,0,11.8874207,0,1.547828632,0,-0.01072631579,0,0.5605062397,0,-0.09724261246,0,0.04764701919,0,0.1294788269,0,11.98776644,-0.6854041152,0,0,0.6140593696,0
12.6,152.0317876,0,-800.0567822,0,0.07331460022,0,11.89301887,0,1.546857483,0,-0.01025020833,0,0.5591218514,0,-0.09698641338,0,0.04757358403,0,0.1293382604,0,11.99319248,-0.6854041152,0,0,0.6140593696,0
12.61,152.1515585,0,-800.0500675,0,0.07321447553,0,11.898603,0,1.545888919,0,-0.009774861416,0,0.5576972037,0,-0.09672564307,0,0.04749495331,0,0.1291981855,0,11.99860517,-0.6854041152,0,0,0.6140593696,0
12.62,152.2713837,0,-800.0433548,0,0.07311910029,0,11.90417268,0,1.544922985,0,-0.009300325704,0,0.556232548,0,-0.09646044264,0,0.04741138599,0,0.1290586091,0,12.00400409,-0.6854041152,0,0,0.6140593696,0
12.63,152.391263,0,-800.0366447,0,0.07302846615,0,11.90972752,0,1.543959724,0,-0.008826649353,0,0.5547281352,0,-0.09619092765,0,0.04732311898,0,0.1289195378,0,12.00938888,-0.6854041152,0,0,0.6140593696,0
12.64,152.5111964,0,-800.0299376,0,0.07294256429,0,11.91526711,0,1.54299918,0,-0.00835387826,0,0.5531842163,0,-0.09591719101,0,0.04723036868,0,0.1287809784,0,12.01475913,-0.6854041152,0,0,0.6140593696,0
12.65,152.6311836,0,-800.0232341,0,0.07286138542,0,11.92079107,0,1.542041394,0,-0.007882056256,0,0.5516010427,0,-0.09563930566,0,0.04713333248,0,0.1286429372,0,12.02011445,-0.6854041152,0,0,0.6140593696,0
12.66,152.7512247,0,-800.0165348,0,0.07278491986,0,11.926299,0,1.541086408,0,-0.007411225289,0,0.5499788663,0,-0.09535732696,0,0.04703219017,0,0.1285054207,0,12.02545447,-0.6854041152,0,0,0.6140593696,0
12.67,152.8713194,0,-800.00984,0,0.07271315748,0,11.93179052,0,1.540134261,0,-0.006941425587,0,0.5483179394,0,-0.09507129497,0,0.04692710525,0,0.128368435,0,12.0307788,-0.6854041152,0,0,0.6140593696,0
12.68,152.9914677,0,-800.0031503,0,0.07264608778,0,11.93726523,0,1.539184995,0,-0.006472695823,0,0.5466185154,0,-0.0947812365,0,0.04681822626,0,0.1282319863,0,12.03608706,-0.6854041152,0,0,0.6140593696,0
12.69,153.1116693,0,-799.9964663,0,0.07258369987,0,11.94272276,0,1.53823865,0,-0.006005073253,0,0.5448808486,0,-0.09448716696,0,0.04670568788,0,0.1280960809,0,12.04137887,-0.6854041152,0,0,0.6140593696,0
12.7,153.2319242,0,-799.9897884,0,0.0725259825,0,11.94816273,0,1.537295265,0,-0.005538593849,0,0.5431051944,0,-0.09418909207,0,0.04658961214,0,0.1279607247,0,12.04665386,-0.6854041152,0,0,0.6140593696,0
12.71,153.3522322,0,-799.9831172,0,0.07247292407,0,11.95358474,0,1.536354882,0,-0.005073292426,0,0.5412918094,0,-0.09388700943,0,0.04647010942,0,0.1278259238,0,12.05191165,-0.6854041152,0,0,0.6140593696,0
12.72,153.4725932,0,-799.9764532,0,0.07242451261,0,11.95898844,0,1.535417539,0,-0.004609202746,0,0.5394409516,0,-0.0935809099,0,0.04634727945,0,0.1276916841,0,12.05715188,-0.6854041152,0,0,0.6140593696,0
12.73,153.593007,0,-799.9697969,0,0.07238073586,0,11.96437344,0,1.534483277,0,-0.004146357622,0,0.5375528803,0,-0.09327077888,0,0.04622121226,0,0.1275580116,0,12.06237417,-0.6854041152,0,0,0.6140593696,0
12.74,153.7134735,0,-799.9631488,0,0.07234158121,0,11.96973937,0,1.533552136,0,-0.003684789015,0,0.5356278563,0,-0.09295659744,0,0.04609198902,0,0.1274249121,0,12.06757816,-0.6854041152,0,0,0.6140593696,0
12.75,153.8339925,0,-799.9565093,0,0.07230703572,0,11.97508587,0,1.532624158,0,-0.003224528112,0,0.5336661421,0,-0.09263834338,0,0.04595968286,0,0.1272923915,0,12.0727635,-0.6854041152,0,0,0.6140593696,0
12.76,153.9545638,0,-799.9498791,0,0.07227708618,0,11.98041257,0,1.531699383,0,-0.002765605409,0,0.5316680017,0,-0.0923159921,0,0.04582435964,0,0.1271604557,0,12.07792981,-0.6854041152,0,0,0.6140593696,0
12.77,154.0751873,0,-799.9432586,0,0.07225171905,0,11.98571911,0,1.530777852,0,-0.002308050774,0,0.5296337007,0,-0.09198951744,0,0.04568607864,0,0.1270291104,0,12.08307674,-0.6854041152,0,0,0.6140593696,0
12.78,154.1958628,0,-799.9366483,0,0.07223092051,0,11.99100513,0,1.529859607,0,-0.001851893513,0,0.5275635065,0,-0.0916588924,0,0.04554489321,0,0.1268983614,0,12.08820393,-0.6854041152,0,0,0.6140593696,0
12.79,154.3165902,0,-799.9300487,0,0.07221467643,0,11.99627026,0,1.528944688,0,-0.001397162426,0,0.5254576881,0,-0.09132408979,0,0.04540085139,0,0.1267682145,0,12.09331105,-0.6854041152,0,0,0.6140593696,0
12.8,154.4373692,0,-799.9234604,0,0.07220297241,0,12.00151416,0,1.528033139,0,-0.0009438858571,0,0.5233165165,0,-0.09098508277,0,0.04525399647,0,0.1266386754,0,12.09839772,-0.6854041152,0,0,0.6140593696,0
12.81,154.5581996,0,-799.9168837,0,0.07219579377,0,12.00673648,0,1.527125001,0,-0.0004920917388,0,0.5211402641,0,-0.09064184535,0,0.04510436748,0,0.1265097498,0,12.10346362,-0.6854041152,0,0,0.6140593696,0
12.82,154.6790814,0,-799.9103193,0,0.07219312554,0,12.01193685,0,1.526220316,0,-4.180763226e-05,0,0.5189292053,0,-0.09029435281,0,0.04495199973,0,0.1263814433,0,12.10850839,-0.6854041152,0,0,0.6140593696,0
12.83,154.8000143,0,-799.9037675,0,0.07219495249,0,12.01711494,0,1.525319128,0,0.0004069392373,0,0.5166836161,0,-0.08994258207,0,0.04479692518,0,0.1262537618,0,12.11353169,-0.6854041152,0,0,0.6140593696,0
12.84,154.9209981,0,-799.8972289,0,0.07220125911,0,12.02227041,0,1.524421479,0,0.0008541219496,0,0.5144037746,0,-0.08958651196,0,0.04463917289,0,0.1261267106,0,12.11853319,-0.6854041152,0,0,0.6140593696,0
12.85,155.0420326,0,-799.8907041,0,0.07221202963,0,12.02740291,0,1.523527412,0,0.001299713862,0,0.5120899602,0,-0.08922612352,0,0.04447876939,0,0.1260002955,0,12.12351255,-0.6854041152,0,0,0.6140593696,0
12.86,155.1631176,0,-799.8841933,0,0.072227248,0,12.0325121,0,1.522636971,0,0.001743688585,0,0.5097424543,0,-0.08886140021,0,0.044315739,0,0.1258745221,0,12.12846943,-0.6854041152,0,0,0.6140593696,0
12.87,155.2842529,0,-799.8776973,0,0.07224689792,0,12.03759764,0,1.521750199,0,0.002186019964,0,0.5073615401,0,-0.08849232802,0,0.04415010414,0,0.1257493958,0,12.13340351,-0.6854041152,0,0,0.6140593696,0
12.88,155.4054383,0,-799.8712163,0,0.07227096283,0,12.04265922,0,1.520867139,0,0.002626682059,0,0.5049475024,0,-0.0881188957,0,0.04398188565,0,0.1256249221,0,12.13831446,-0.6854041152,0,0,0.6140593696,0
12.89,155.5266737,0,-799.864751,0,0.07229942591,0,12.04769649,0,1.519987835,0,0.003065649133,0,0.5025006276,0,-0.08774109477,0,0.04381110299,0,0.1255011065,0,12.14320195,-0.6854041152,0,0,0.6140593696,0
12.9,155.6479587,0,-799.8583018,0,0.07233227008,0,12.05270912,0,1.519112332,0,0.003502895637,0,0.500021204,0,-0.08735891962,0,0.04363777451,0,0.1253779544,0,12.14806567,-0.6854041152,0,0,0.6140593696,0
12.91,155.7692932,0,-799.8518692,0,0.07236947801,0,12.0576968,0,1.518240671,0,0.003938396199,0,0.4975095214,0,-0.0869723676,0,0.04346191765,0,0.1252554713,0,12.15290529,-0.6854041152,0,0,0.6140593696,0
12.92,155.8906769,0,-799.8454536,0,0.0724110321,0,12.06265921,0,1.517372899,0,0.004372125621,0,0.4949658713,0,-0.08658143896,0,0.04328354913,0,0.1251336624,0,12.15772049,-0.6854041152,0,0,0.6140593696,0
12.93,156.0121096,0,-799.8390555,0,0.07245691453,0,12.06759601,0,1.516509057,0,0.004804058866,0,0.4923905466,0,-0.0861861369,0,0.04310268511,0,0.125012533,0,12.16251098,-0.6854041152,0,0,0.6140593696,0
12.94,156.1335912,0,-799.8326755,0,0.07250710721,0,12.07250691,0,1.515649191,0,0.00523417106,0,0.4897838421,0,-0.08578646756,0,0.04291934135,0,0.1248920885,0,12.16727642,-0.6854041152,0,0,0.6140593696,0
12.95,156.2551213,0,-799.8263139,0,0.0725615918,0,12.07739159,0,1.514793342,0,0.005662437482,0,0.4871460537,0,-0.08538243993,0,0.04273353335,0,0.1247723339,0,12.17201653,-0.6854041152,0,0,0.6140593696,0
12.96,156.3766997,0,-799.8199712,0,0.07262034972,0,12.08224973,0,1.513941556,0,0.006088833567,0,0.4844774792,0,-0.08497406586,0,0.04254527644,0,0.1246532745,0,12.17673099,-0.6854041152,0,0,0.6140593696,0
12.97,156.4983262,0,-799.8136479,0,0.07268336215,0,12.08708103,0,1.513093876,0,0.006513334902,0,0.4817784176,0,-0.08456135996,0,0.04235458593,0,0.1245349153,0,12.1814195,-0.6854041152,0,0,0.6140593696,0
12.98,156.6200006,0,-799.8073445,0,0.07275061002,0,12.0918852,0,1.512250343,0,0.006935917228,0,0.4790491695,0,-0.08414433956,0,0.04216147716,0,0.1244172614,0,12.18608176,-0.6854041152,0,0,0.6140593696,0
12.99,156.7417225,0,-799.8010614,0,0.07282207402,0,12.09666192,0,1.511411003,0,0.007356556439,0,0.4762900367,0,-0.0837230246,0,0.0419659656,0,0.1243003177,0,12.19071748,-0.6854041152,0,0,0.6140593696,0
13,156.8634918,0,-799.7947991,0,0.0728977346,0,12.1014109,0,1.510575897,0,0.007775228586,0,0.4735013225,0,-0.08329743756,0,0.04176806692,0,0.1241840893,0,12.19532637,-0.6854041152,0,0,0.6140593696,0
13.01,156.9853083,0,-799.788558,0,0.07297757196,0,12.10613185,0,1.509745069,0,0.008191909876,0,0.4706833316,0,-0.08286760337,0,0.04156779703,0,0.1240685809,0,12.19990813,-0.6854041152,0,0,0.6140593696,0
13.02,157.1071715,0,-799.7823385,0,0.07306156608,0,12.11082447,0,1.508918559,0,0.008606576679,0,0.4678363697,0,-0.0824335493,0,0.04136517215,0,0.1239537975,0,12.20446249,-0.6854041152,0,0,0.6140593696,0
13.03,157.2290814,0,-799.7761412,0,0.0731496967,0,12.11548848,0,1.508096411,0,0.009019205527,0,0.4649607441,0,-0.08199530487,0,0.04116020886,0,0.1238397436,0,12.20898914,-0.6854041152,0,0,0.6140593696,0
13.04,157.3510376,0,-799.7699665,0,0.07324194332,0,12.12012359,0,1.507278667,0,0.009429773121,0,0.462056763,0,-0.08155290176,0,0.0409529241,0,0.1237264241,0,12.21348782,-0.6854041152,0,0,0.6140593696,0
13.05,157.4730398,0,-799.7638148,0,0.07333828521,0,12.12472952,0,1.506465367,0,0.009838256331,0,0.4591247359,0,-0.08110637367,0,0.04074333521,0,0.1236138435,0,12.21795825,-0.6854041152,0,0,0.6140593696,0
13.06,157.5950879,0,-799.7576865,0,0.07343870142,0,12.12930599,0,1.505656553,0,0.01024463221,0,0.4561649736,0,-0.08065575625,0,0.04053145996,0,0.1235020063,0,12.22240015,-0.6854041152,0,0,0.6140593696,0
13.07,157.7171815,0,-799.7515822,0,0.07354317076,0,12.13385273,0,1.504852266,0,0.01064887797,0,0.4531777877,0,-0.08020108699,0,0.04031731658,0,0.1233909172,0,12.22681326,-0.6854041152,0,0,0.6140593696,0
13.08,157.8393203,0,-799.7455021,0,0.0736516718,0,12.13836946,0,1.504052545,0,0.01105097104,0,0.4501634911,0,-0.07974240508,0,0.04010092373,0,0.1232805804,0,12.23119729,-0.6854041152,0,0,0.6140593696,0
13.09,157.9615041,0,-799.7394469,0,0.07376418293,0,12.14285591,0,1.503257431,0,0.01145088902,0,0.4471223977,0,-0.07927975136,0,0.03988230052,0,0.1231710004,0,12.23555199,-0.6854041152,0,0,0.6140593696,0
13.1,158.0837327,0,-799.7334168,0,0.07388068226,0,12.14731182,0,1.502466963,0,0.01184860969,0,0.4440548224,0,-0.07881316817,0,0.03966146655,0,0.1230621814,0,12.2398771,-0.6854041152,0,0,0.6140593696,0
13.11,158.2060056,0,-799.7274124,0,0.07400114772,0,12.15173692,0,1.50168118,0,0.01224411105,0,0.4409610809,0,-0.0783426993,0,0.03943844186,0,0.1229541276,0,12.24417235,-0.6854041152,0,0,0.6140593696,0
13.12,158.3283227,0,-799.721434,0,0.07412555701,0,12.15613095,0,1.500900122,0,0.01263737129,0,0.43784149,0,-0.07786838982,0,0.03921324693,0,0.1228468432,0,12.24843749,-0.6854041152,0,0,0.6140593696,0
13.13,158.4506836,0,-799.715482,0,0.0742538876,0,12.16049366,0,1.500123825,0,0.01302836882,0,0.4346963674,0,-0.07739028607,0,0.03898590271,0,0.1227403322,0,12.25267226,-0.6854041152,0,0,0.6140593696,0
13.14,158.573088,0,-799.709557,0,0.07438611677,0,12.1648248,0,1.499352328,0,0.01341708225,0,0.4315260316,0,-0.0769084355,0,0.03875643058,0,0.1226345986,0,12.25687643,-0.6854041152,0,0,0.6140593696,0
13.15,158.6955357,0,-799.7036592,0,0.07452222157,0,12.1691241,0,1.498585669,0,0.01380349042,0,0.428330802,0,-0.07642288661,0,0.03852485234,0,0.1225296463,0,12.26104973,-0.6854041152,0,0,0.6140593696,0
13.16,158.8180264,0,-799.6977892,0,0.07466217883,0,12.17339133,0,1.497823883,0,0.01418757236,0,0.4251109986,0,-0.07593368884,0,0.03829119021,0,0.1224254793,0,12.26519192,-0.6854041152,0,0,0.6140593696,0
13.17,158.9405597,0,-799.6919473,0,0.07480596519,0,12.17762624,0,1.497067007,0,0.01456930735,0,0.4218669425,0,-0.07544089252,0,0.03805546681,0,0.1223221011,0,12.26930277,-0.6854041152,0,0,0.6140593696,0
13.18,159.0631354,0,-799.6861339,0,0.07495355708,0,12.18182859,0,1.496315077,0,0.0149486749,0,0.4185989552,0,-0.07494454877,0,0.03781770515,0,0.1222195156,0,12.27338204,-0.6854041152,0,0,0.6140593696,0
13.19,159.1857531,0,-799.6803495,0,0.07510493073,0,12.18599814,0,1.495568128,0,0.01532565474,0,0.4153073591,0,-0.07444470943,0,0.0375779286,0,0.1221177264,0,12.27742948,-0.6854041152,0,0,0.6140593696,0
13.2,159.3084125,0,-799.6745944,0,0.07526006215,0,12.19013466,0,1.494826194,0,0.01570022684,0,0.4119924772,0,-0.07394142695,0,0.03733616087,0,0.122016737,0,12.28144488,-0.6854041152,0,0,0.6140593696,0
13.21,159.4311134,0,-799.668869,0,0.07541892717,0,12.19423791,0,1.49408931,0,0.0160723714,0,0.4086546332,0,-0.07343475437,0,0.03709242604,0,0.1219165509,0,12.285428,-0.6854041152,0,0,0.6140593696,0
13.22,159.5538554,0,-799.6631738,0,0.07558150142,0,12.19830768,0,1.49335751,0,0.01644206889,0,0.4052941512,0,-0.07292474523,0,0.03684674847,0,0.1218171714,0,12.28937862,-0.6854041152,0,0,0.6140593696,0
13.23,159.6766382,0,-799.657509,0,0.07574776033,0,12.20234372,0,1.492630826,0,0.01680929998,0,0.4019113563,0,-0.07241145351,0,0.03659915284,0,0.121718602,0,12.29329651,-0.6854041152,0,0,0.6140593696,0
13.24,159.7994615,0,-799.6518752,0,0.07591767914,0,12.20634583,0,1.491909292,0,0.01717404563,0,0.3985065736,0,-0.07189493355,0,0.0363496641,0,0.1216208458,0,12.29718146,-0.6854041152,0,0,0.6140593696,0
13.25,159.9223249,0,-799.6462727,0,0.07609123289,0,12.21031378,0,1.491192938,0,0.01753628704,0,0.3950801292,0,-0.07137524001,0,0.03609830746,0,0.1215239061,0,12.30103325,-0.6854041152,0,0,0.6140593696,0
13.26,160.0452282,0,-799.6407018,0,0.07626839647,0,12.21424736,0,1.490481797,0,0.01789600564,0,0.3916323494,0,-0.07085242782,0,0.03584510838,0,0.1214277859,0,12.30485167,-0.6854041152,0,0,0.6140593696,0
13.27,160.168171,0,-799.635163,0,0.07644914454,0,12.21814636,0,1.4897759,0,0.01825318315,0,0.388163561,0,-0.07032655212,0,0.03559009255,0,0.1213324883,0,12.30863651,-0.6854041152,0,0,0.6140593696,0
13.28,160.2911529,0,-799.6296566,0,0.0766334516,0,12.22201056,0,1.489075276,0,0.01860780153,0,0.3846740915,0,-0.06979766821,0,0.03533328586,0,0.1212380162,0,12.31238756,-0.6854041152,0,0,0.6140593696,0
13.29,160.4141737,0,-799.624183,0,0.07682129198,0,12.22583977,0,1.488379957,0,0.01895984299,0,0.3811642684,0,-0.06926583149,0,0.0350747144,0,0.1211443726,0,12.31610462,-0.6854041152,0,0,0.6140593696,0
13.3,160.537233,0,-799.6187425,0,0.07701263981,0,12.22963378,0,1.487689969,0,0.01930929002,0,0.3776344199,0,-0.06873109746,0,0.03481440442,0,0.1210515601,0,12.31978749,-0.6854041152,0,0,0.6140593696,0
13.31,160.6603304,0,-799.6133356,0,0.07720746907,0,12.2333924,0,1.487005344,0,0.01965612537,0,0.3740848744,0,-0.06819352163,0,0.03455238234,0,0.1209595816,0,12.32343598,-0.6854041152,0,0,0.6140593696,0
13.32,160.7834657,0,-799.6079626,0,0.07740575356,0,12.23711542,0,1.486326108,0,0.02000033205,0,0.3705159606,0,-0.06765315951,0,0.03428867472,0,0.1208684398,0,12.32704989,-0.6854041152,0,0,0.6140593696,0
13.33,160.9066385,0,-799.6026238,0,0.07760746689,0,12.24080265,0,1.48565229,0,0.02034189334,0,0.3669280076,0,-0.06711006657,0,0.03402330825,0,0.1207781371,0,12.33062903,-0.6854041152,0,0,0.6140593696,0
13.34,161.0298484,0,-799.5973196,0,0.07781258255,0,12.24445391,0,1.484983916,0,0.02068079278,0,0.3633213448,0,-0.06656429821,0,0.03375630971,0,0.1206886762,0,12.33417321,-0.6854041152,0,0,0.6140593696,0
13.35,161.1530951,0,-799.5920503,0,0.07802107382,0,12.24806902,0,1.484321013,0,0.02101701418,0,0.3596963016,0,-0.06601590972,0,0.03348770601,0,0.1206000595,0,12.33768226,-0.6854041152,0,0,0.6140593696,0
13.36,161.2763783,0,-799.5868163,0,0.07823291385,0,12.25164778,0,1.483663606,0,0.02135054164,0,0.356053208,0,-0.06546495626,0,0.03321752411,0,0.1205122893,0,12.34115598,-0.6854041152,0,0,0.6140593696,0
13.37,161.3996976,0,-799.581618,0,0.07844807562,0,12.25519002,0,1.483011722,0,0.0216813595,0,0.3523923939,0,-0.06491149282,0,0.03294579107,0,0.1204253681,0,12.34459421,-0.6854041152,0,0,0.6140593696,0
13.38,161.5230526,0,-799.5764556,0,0.07866653196,0,12.25869557,0,1.482365385,0,0.02200945238,0,0.3487141895,0,-0.06435557423,0,0.03267253397,0,0.120339298,0,12.34799677,-0.6854041152,0,0,0.6140593696,0
13.39,161.646443,0,-799.5713296,0,0.07888825554,0,12.26216425,0,1.481724618,0,0.02233480519,0,0.3450189252,0,-0.06379725508,0,0.03239777998,0,0.1202540812,0,12.35136348,-0.6854041152,0,0,0.6140593696,0
13.4,161.7698684,0,-799.5662402,0,0.07911321888,0,12.26559589,0,1.481089447,0,0.02265740308,0,0.3413069313,0,-0.06323658976,0,0.03212155626,0,0.1201697198,0,12.35469419,-0.6854041152,0,0,0.6140593696,0
13.41,161.8933285,0,-799.5611877,0,0.07934139437,0,12.26899033,0,1.480459894,0,0.02297723151,0,0.3375785384,0,-0.06267363241,0,0.03184389001,0,0.1200862158,0,12.35798872,-0.6854041152,0,0,0.6140593696,0
13.42,162.0168229,0,-799.5561726,0,0.07957275423,0,12.27234741,0,1.479835982,0,0.02329427617,0,0.3338340772,0,-0.06210843689,0,0.03156480844,0,0.1200035713,0,12.36124692,-0.6854041152,0,0,0.6140593696,0
13.43,162.1403513,0,-799.5511951,0,0.07980727056,0,12.27566696,0,1.479217733,0,0.02360852305,0,0.3300738784,0,-0.0615410568,0,0.03128433877,0,0.1199217881,0,12.36446863,-0.6854041152,0,0,0.6140593696,0
13.44,162.2639132,0,-799.5462555,0,0.08004491532,0,12.27894884,0,1.478605168,0,0.02391995841,0,0.3262982726,0,-0.06097154544,0,0.0310025082,0,0.1198408681,0,12.36765369,-0.6854041152,0,0,0.6140593696,0
13.45,162.3875084,0,-799.5413541,0,0.08028566032,0,12.28219288,0,1.477998309,0,0.02422856877,0,0.3225075906,0,-0.0603999558,0,0.0307193439,0,0.119760813,0,12.37080195,-0.6854041152,0,0,0.6140593696,0
13.46,162.5111364,0,-799.5364913,0,0.08052947724,0,12.28539894,0,1.477397176,0,0.02453434093,0,0.3187021632,0,-0.05982634054,0,0.03043487303,0,0.1196816246,0,12.37391326,-0.6854041152,0,0,0.6140593696,0
13.47,162.6347969,0,-799.5316674,0,0.08077633763,0,12.28856687,0,1.476801789,0,0.02483726196,0,0.3148823209,0,-0.05925075202,0,0.03014912272,0,0.1196033045,0,12.37698749,-0.6854041152,0,0,0.6140593696,0
13.48,162.7584895,0,-799.5268826,0,0.08102621293,0,12.29169654,0,1.476212167,0,0.02513731921,0,0.3110483943,0,-0.05867324224,0,0.02986212005,0,0.1195258542,0,12.38002448,-0.6854041152,0,0,0.6140593696,0
13.49,162.8822138,0,-799.5221373,0,0.08127907443,0,12.29478779,0,1.47562833,0,0.02543450028,0,0.3072007141,0,-0.05809386286,0,0.02957389203,0,0.1194492754,0,12.3830241,-0.6854041152,0,0,0.6140593696,0
13.5,163.0059694,0,-799.5174317,0,0.08153489331,0,12.29784051,0,1.475050296,0,0.02572879306,0,0.3033396107,0,-0.05751266518,0,0.02928446566,0,0.1193735694,0,12.38598621,-0.6854041152,0,0,0.6140593696,0
13.51,163.129756,0,-799.5127662,0,0.08179364062,0,12.30085454,0,1.474478083,0,0.02602018569,0,0.2994654143,0,-0.05692970014,0,0.02899386784,0,0.1192987377,0,12.38891069,-0.6854041152,0,0,0.6140593696,0
13.52,163.2535733,0,-799.5081411,0,0.08205528731,0,12.30382977,0,1.473911708,0,0.0263086666,0,0.2955784551,0,-0.05634501831,0,0.0287021254,0,0.1192247816,0,12.3917974,-0.6854041152,0,0,0.6140593696,0
13.53,163.3774207,0,-799.5035565,0,0.08231980421,0,12.30676607,0,1.473351188,0,0.02659422447,0,0.2916790631,0,-0.05575866989,0,0.02840926513,0,0.1191517024,0,12.39464622,-0.6854041152,0,0,0.6140593696,0
13.54,163.5012979,0,-799.4990129,0,0.08258716202,0,12.30966331,0,1.47279654,0,0.02687684827,0,0.2877675681,0,-0.05517070472,0,0.02811531371,0,0.1190795012,0,12.39745702,-0.6854041152,0,0,0.6140593696,0
13.55,163.6252046,0,-799.4945104,0,0.08285733136,0,12.31252138,0,1.472247779,0,0.0271565272,0,0.2838442996,0,-0.05458117223,0,0.02782029775,0,0.1190081793,0,12.40022969,-0.6854041152,0,0,0.6140593696,0
13.56,163.7491404,0,-799.4900493,0,0.08313028272,0,12.31534016,0,1.471704921,0,0.02743325076,0,0.2799095872,0,-0.05399012149,0,0.02752424377,0,0.1189377377,0,12.40296411,-0.6854041152,0,0,0.6140593696,0
13.57,163.8731048,0,-799.48563,0,0.08340598649,0,12.31811954,0,1.471167981,0,0.0277070087,0,0.2759637597,0,-0.05339760117,0,0.02722717819,0,0.1188681775,0,12.40566017,-0.6854041152,0,0,0.6140593696,0
13.58,163.9970974,0,-799.4812526,0,0.08368441297,0,12.3208594,0,1.470636974,0,0.02797779104,0,0.2720071462,0,-0.05280365957,0,0.02692912733,0,0.1187994996,0,12.40831775,-0.6854041152,0,0,0.6140593696,0
13.59,164.121118,0,-799.4769175,0,0.08396553236,0,12.32355965,0,1.470111913,0,0.02824558806,0,0.268040075,0,-0.05220834457,0,0.02663011744,0,0.1187317051,0,12.41093676,-0.6854041152,0,0,0.6140593696,0
13.6,164.245166,0,-799.4726248,0,0.08424931475,0,12.32622017,0,1.469592811,0,0.02851039028,0,0.2640628745,0,-0.05161170371,0,0.02633017464,0,0.1186647947,0,12.4135171,-0.6854041152,0,0,0.6140593696,0
13.61,164.3692412,0,-799.4683749,0,0.08453573015,0,12.32884087,0,1.469079683,0,0.02877218853,0,0.2600758726,0,-0.05101378409,0,0.02602932495,0,0.1185987692,0,12.41605865,-0.6854041152,0,0,0.6140593696,0
13.62,164.493343,0,-799.464168,0,0.08482474848,0,12.33142165,0,1.46857254,0,0.02903097385,0,0.2560793967,0,-0.05041463245,0,0.02572759428,0,0.1185336295,0,12.41856132,-0.6854041152,0,0,0.6140593696,0
13.63,164.6174712,0,-799.4600043,0,0.08511633956,0,12.33396243,0,1.468071394,0,0.02928673756,0,0.2520737741,0,-0.04981429512,0,0.02542500843,0,0.1184693762,0,12.42102503,-0.6854041152,0,0,0.6140593696,0
13.64,164.7416252,0,-799.455884,0,0.08541047313,0,12.3364631,0,1.467576258,0,0.02953947125,0,0.2480593315,0,-0.04921281807,0,0.02512159309,0,0.1184060101,0,12.42344968,-0.6854041152,0,0,0.6140593696,0
13.65,164.8658048,0,-799.4518075,0,0.08570711885,0,12.33892359,0,1.467087142,0,0.02978916674,0,0.2440363952,0,-0.04861024686,0,0.02481737383,0,0.1183435316,0,12.42583518,-0.6854041152,0,0,0.6140593696,0
13.66,164.9900095,0,-799.4477748,0,0.08600624631,0,12.3413438,0,1.466604056,0,0.03003581613,0,0.2400052913,0,-0.04800662666,0,0.02451237611,0,0.1182819413,0,12.42818145,-0.6854041152,0,0,0.6140593696,0
13.67,165.1142388,0,-799.4437864,0,0.086307825,0,12.34372367,0,1.466127012,0,0.03027941176,0,0.2359663451,0,-0.04740200227,0,0.02420662526,0,0.1182212398,0,12.43048842,-0.6854041152,0,0,0.6140593696,0
13.68,165.2384925,0,-799.4398423,0,0.08661182434,0,12.3460631,0,1.465656019,0,0.03051994621,0,0.2319198817,0,-0.04679641809,0,0.02390014648,0,0.1181614274,0,12.432756,-0.6854041152,0,0,0.6140593696,0
13.69,165.3627701,0,-799.4359428,0,0.08691821369,0,12.34836204,0,1.465191087,0,0.03075741234,0,0.2278662256,0,-0.04618991815,0,0.02359296488,0,0.1181025045,0,12.43498412,-0.6854041152,0,0,0.6140593696,0
13.7,165.4870711,0,-799.4320881,0,0.08722696234,0,12.3506204,0,1.464732224,0,0.03099180325,0,0.2238057008,0,-0.0455825461,0,0.02328510542,0,0.1180444716,0,12.4371727,-0.6854041152,0,0,0.6140593696,0
13.71,165.6113953,0,-799.4282784,0,0.08753803949,0,12.35283813,0,1.464279439,0,0.03122311227,0,0.2197386308,0,-0.04497434521,0,0.02297659294,0,0.1179873289,0,12.43932169,-0.6854041152,0,0,0.6140593696,0
13.72,165.7357421,0,-799.4245139,0,0.08785141429,0,12.35501516,0,1.46383274,0,0.03145133301,0,0.2156653385,0,-0.04436535836,0,0.02266745216,0,0.1179310766,0,12.44143102,-0.6854041152,0,0,0.6140593696,0
13.73,165.8601112,0,-799.4207949,0,0.08816705583,0,12.35715142,0,1.463392134,0,0.0316764593,0,0.2115861463,0,-0.04375562809,0,0.02235770766,0,0.1178757149,0,12.44350062,-0.6854041152,0,0,0.6140593696,0
13.74,165.9845022,0,-799.4171215,0,0.08848493314,0,12.35924686,0,1.46295763,0,0.03189848523,0,0.2075013759,0,-0.04314519653,0,0.02204738391,0,0.1178212439,0,12.44553044,-0.6854041152,0,0,0.6140593696,0
13.75,166.1089146,0,-799.4134939,0,0.08880501518,0,12.36130143,0,1.462529232,0,0.03211740513,0,0.2034113486,0,-0.04253410548,0,0.02173650524,0,0.1177676638,0,12.44752043,-0.6854041152,0,0,0.6140593696,0
13.76,166.233348,0,-799.4099123,0,0.08912727087,0,12.36331507,0,1.462106949,0,0.03233321357,0,0.1993163849,0,-0.04192239635,0,0.02142509586,0,0.1177149747,0,12.44947052,-0.6854041152,0,0,0.6140593696,0
13.77,166.3578021,0,-799.4063769,0,0.08945166906,0,12.36528774,0,1.461690786,0,0.03254590536,0,0.1952168047,0,-0.04131011019,0,0.02111317983,0,0.1176631764,0,12.45138068,-0.6854041152,0,0,0.6140593696,0
13.78,166.4822764,0,-799.4028878,0,0.08977817857,0,12.36721939,0,1.461280749,0,0.03275547556,0,0.1911129273,0,-0.04069728771,0,0.0208007811,0,0.117612269,0,12.45325086,-0.6854041152,0,0,0.6140593696,0
13.79,166.6067705,0,-799.3994453,0,0.09010676815,0,12.36910999,0,1.460876842,0,0.03296191945,0,0.1870050712,0,-0.04008396925,0,0.02048792349,0,0.1175622524,0,12.45508101,-0.6854041152,0,0,0.6140593696,0
13.8,166.731284,0,-799.3960496,0,0.09043740653,0,12.37095948,0,1.460479071,0,0.03316523258,0,0.1828935545,0,-0.03947019479,0,0.02017463068,0,0.1175131264,0,12.4568711,-0.6854041152,0,0,0.6140593696,0
13.81,166.8558165,0,-799.3927007,0,0.09077006236,0,12.37276785,0,1.46008744,0,0.03336541069,0,0.1787786943,0,-0.03885600397,0,0.01986092622,0,0.1174648909,0,12.45862109,-0.6854041152,0,0,0.6140593696,0
13.82,166.9803675,0,-799.3893988,0,0.09110470428,0,12.37453505,0,1.459701952,0,0.03356244981,0,0.1746608069,0,-0.03824143609,0,0.01954683353,0,0.1174175456,0,12.46033095,-0.6854041152,0,0,0.6140593696,0
13.83,167.1049367,0,-799.3861441,0,0.09144130088,0,12.37626105,0,1.459322612,0,0.03375634615,0,0.1705402083,0,-0.03762653011,0,0.01923237591,0,0.1173710903,0,12.46200065,-0.6854041152,0,0,0.6140593696,0
13.84,167.2295236,0,-799.3829368,0,0.09177982071,0,12.37794584,0,1.458949423,0,0.03394709619,0,0.1664172132,0,-0.03701132463,0,0.01891757651,0,0.1173255246,0,12.46363016,-0.6854041152,0,0,0.6140593696,0
13.85,167.3541278,0,-799.379777,0,0.0921202323,0,12.37958939,0,1.458582387,0,0.03413469662,0,0.162292136,0,-0.03639585792,0,0.01860245837,0,0.1172808482,0,12.46521945,-0.6854041152,0,0,0.6140593696,0
13.86,167.478749,0,-799.3766649,0,0.09246250413,0,12.38119168,0,1.458221506,0,0.03431914437,0,0.1581652899,0,-0.03578016794,0,0.01828704437,0,0.1172370607,0,12.46676852,-0.6854041152,0,0,0.6140593696,0
13.87,167.6033866,0,-799.3736005,0,0.09280660467,0,12.38275269,0,1.457866784,0,0.03450043659,0,0.1540369876,0,-0.03516429229,0,0.01797135729,0,0.1171941617,0,12.46827734,-0.6854041152,0,0,0.6140593696,0
13.88,167.7280402,0,-799.3705841,0,0.09315250234,0,12.38427241,0,1.457518221,0,0.03467857068,0,0.1499075408,0,-0.03454826826,0,0.01765541976,0,0.1171521507,0,12.46974589,-0.6854041152,0,0,0.6140593696,0
13.89,167.8527095,0,-799.3676158,0,0.09350016555,0,12.38575084,0,1.457175819,0,0.03485354423,0,0.1457772603,0,-0.03393213282,0,0.01733925429,0,0.117111027,0,12.47117417,-0.6854041152,0,0,0.6140593696,0
13.9,167.977394,0,-799.3646956,0,0.09384956268,0,12.38718796,0,1.456839579,0,0.03502535508,0,0.1416464563,0,-0.03331592261,0,0.01702288324,0,0.1170707903,0,12.47256217,-0.6854041152,0,0,0.6140593696,0
13.91,168.1020934,0,-799.3618238,0,0.0942006621,0,12.38858377,0,1.456509501,0,0.03519400128,0,0.1375154378,0,-0.03269967397,0,0.01670632887,0,0.1170314398,0,12.47390988,-0.6854041152,0,0,0.6140593696,0
13.92,168.2268071,0,-799.3590003,0,0.09455343215,0,12.38993827,0,1.456185585,0,0.03535948112,0,0.1333845131,0,-0.0320834229,0,0.01638961329,0,0.116992975,0,12.4752173,-0.6854041152,0,0,0.6140593696,0
13.93,168.3515348,0,-799.3562255,0,0.09490784116,0,12.39125146,0,1.455867832,0,0.03552179308,0,0.1292539895,0,-0.03146720512,0,0.01607275847,0,0.1169553951,0,12.47648444,-0.6854041152,0,0,0.6140593696,0
13.94,168.476276,0,-799.3534993,0,0.09526385745,0,12.39252335,0,1.455556241,0,0.03568093589,0,0.1251241735,0,-0.03085105604,0,0.01575578628,0,0.1169186994,0,12.47771129,-0.6854041152,0,0,0.6140593696,0
13.95,168.6010303,0,-799.3508219,0,0.09562144931,0,12.39375395,0,1.455250811,0,0.03583690849,0,0.1209953706,0,-0.03023501075,0,0.01543871844,0,0.1168828872,0,12.47889786,-0.6854041152,0,0,0.6140593696,0
13.96,168.7257974,0,-799.3481934,0,0.09598058505,0,12.39494326,0,1.45495154,0,0.03598971001,0,0.1168678851,0,-0.02961910406,0,0.01512157654,0,0.1168479576,0,12.48004417,-0.6854041152,0,0,0.6140593696,0
13.97,168.8505767,0,-799.3456138,0,0.09634123294,0,12.39609131,0,1.454658428,0,0.03613933984,0,0.1127420207,0,-0.02900337048,0,0.01480438206,0,0.1168139098,0,12.48115022,-0.6854041152,0,0,0.6140593696,0
13.98,168.975368,0,-799.3430833,0,0.09670336127,0,12.39719811,0,1.454371472,0,0.03628579755,0,0.1086180799,0,-0.02838784422,0,0.01448715633,0,0.116780743,0,12.48221604,-0.6854041152,0,0,0.6140593696,0
13.99,169.1001706,0,-799.340602,0,0.09706693832,0,12.39826368,0,1.45409067,0,0.03642908293,0,0.1044963642,0,-0.02777255922,0,0.01416992056,0,0.1167484561,0,12.48324164,-0.6854041152,0,0,0.6140593696,0
14,169.2249843,0,-799.3381699,0,0.09743193236,0,12.39928804,0,1.45381602,0,0.036569196,0,0.1003771742,0,-0.02715754911,0,0.01385269584,0,0.1167170483,0,12.48422705,-0.6854041152,0,0,0.6140593696,0
14.01,169.3498086,0,-799.3357871,0,0.09779831167,0,12.40027123,0,1.453547518,0,0.03670613696,0,0.09626080917,0,-0.02654284727,0,0.01353550312,0,0.1166865185,0,12.48517229,-0.6854041152,0,0,0.6140593696,0
14.02,169.4746431,0,-799.3334537,0,0.09816604452,0,12.40121327,0,1.453285162,0,0.03683990623,0,0.09214756766,0,-0.02592848677,0,0.01321836323,0,0.1166568658,0,12.48607738,-0.6854041152,0,0,0.6140593696,0
14.03,169.5994873,0,-799.3311698,0,0.09853509922,0,12.40211419,0,1.453028947,0,0.03697050446,0,0.08803774698,0,-0.02531450043,0,0.01290129688,0,0.116628089,0,12.48694236,-0.6854041152,0,0,0.6140593696,0
14.04,169.7243409,0,-799.3289355,0,0.09890544405,0,12.40297404,0,1.45277887,0,0.03709793248,0,0.08393164338,0,-0.02470092078,0,0.01258432465,0,0.1166001871,0,12.48776727,-0.6854041152,0,0,0.6140593696,0
14.05,169.8492034,0,-799.3267507,0,0.09927704731,0,12.40379284,0,1.452534927,0,0.03722219134,0,0.07982955202,0,-0.02408778011,0,0.01226746698,0,0.1165731589,0,12.48855214,-0.6854041152,0,0,0.6140593696,0
14.06,169.9740744,0,-799.3246156,0,0.09964987731,0,12.40457064,0,1.452297113,0,0.03734328227,0,0.07573176693,0,-0.02347511042,0,0.01195074421,0,0.1165470033,0,12.48929701,-0.6854041152,0,0,0.6140593696,0
14.07,170.0989536,0,-799.3225303,0,0.1000239024,0,12.40530749,0,1.452065423,0,0.03746120674,0,0.07163858102,0,-0.02286294345,0,0.01163417653,0,0.1165217189,0,12.49000192,-0.6854041152,0,0,0.6140593696,0
14.08,170.2238403,0,-799.3204947,0,0.1003990909,0,12.40600343,0,1.451839853,0,0.03757596639,0,0.06755028606,0,-0.0222513107,0,0.01131778403,0,0.1164973047,0,12.49066692,-0.6854041152,0,0,0.6140593696,0
14.09,170.3487344,0,-799.3185089,0,0.1007754112,0,12.40665851,0,1.451620395,0,0.03768756307,0,0.06346717265,0,-0.0216402434,0,0.01100158666,0,0.1164737593,0,12.49129206,-0.6854041152,0,0,0.6140593696,0
14.1,170.4736353,0,-799.316573,0,0.1011528316,0,12.40727279,0,1.451407046,0,0.03779599883,0,0.05938953023,0,-0.02102977254,0,0.01068560425,0,0.1164510814,0,12.49187738,-0.6854041152,0,0,0.6140593696,0
14.11,170.5985426,0,-799.314687,0,0.1015313206,0,12.40784632,0,1.451199798,0,0.03790127593,0,0.05531764704,0,-0.02041992885,0,0.01036985651,0,0.1164292696,0,12.49242295,-0.6854041152,0,0,0.6140593696,0
14.12,170.7234559,0,-799.3128509,0,0.1019108466,0,12.40837917,0,1.450998645,0,0.03800339681,0,0.05125181013,0,-0.01981074284,0,0.01005436303,0,0.1164083226,0,12.49292882,-0.6854041152,0,0,0.6140593696,0
14.13,170.8483747,0,-799.3110648,0,0.1022913781,0,12.40887138,0,1.450803581,0,0.03810236411,0,0.04719230533,0,-0.01920224474,0,0.009739143272,0,0.116388239,0,12.49339505,-0.6854041152,0,0,0.6140593696,0
14.14,170.9732988,0,-799.3093287,0,0.1026728834,0,12.40932303,0,1.450614598,0,0.03819818065,0,0.04313941723,0,-0.01859446459,0,0.009424216583,0,0.1163690173,0,12.49382171,-0.6854041152,0,0,0.6140593696,0
14.15,171.0982276,0,-799.3076426,0,0.1030553312,0,12.40973419,0,1.450431689,0,0.03829084948,0,0.03909342919,0,-0.01798743215,0,0.009109602183,0,0.1163506559,0,12.49420885,-0.6854041152,0,0,0.6140593696,0
14.16,171.2231607,0,-799.3060065,0,0.1034386899,0,12.41010493,0,1.450254847,0,0.0383803738,0,0.03505462331,0,-0.01738117698,0,0.008795319176,0,0.1163331536,0,12.49455655,-0.6854041152,0,0,0.6140593696,0
14.17,171.3480978,0,-799.3044205,0,0.1038229282,0,12.41043531,0,1.450084063,0,0.03846675703,0,0.0310232804,0,-0.0167757284,0,0.008481386545,0,0.1163165085,0,12.49486488,-0.6854041152,0,0,0.6140593696,0
14.18,171.4730384,0,-799.3028845,0,0.1042080146,0,12.41072542,0,1.449919329,0,0.03855000276,0,0.02699968002,0,-0.01617111551,0,0.008167823153,0,0.1163007193,0,12.49513391,-0.6854041152,0,0,0.6140593696,0
14.19,171.5979821,0,-799.3013985,0,0.1045939178,0,12.41097533,0,1.449760638,0,0.03863011478,0,0.02298410041,0,-0.01556736718,0,0.007854647744,0,0.1162857842,0,12.49536372,-0.6854041152,0,0,0.6140593696,0
14.2,171.7229285,0,-799.2999627,0,0.1049806065,0,12.41118513,0,1.449607979,0,0.03870709707,0,0.01897681849,0,-0.01496451207,0,0.007541878945,0,0.1162717017,0,12.49555439,-0.6854041152,0,0,0.6140593696,0
14.21,171.8478771,0,-799.2985768,0,0.1053680493,0,12.4113549,0,1.449461344,0,0.03878095378,0,0.01497810987,0,-0.01436257862,0,0.007229535264,0,0.11625847,0,12.495706,-0.6854041152,0,0,0.6140593696,0
14.22,171.9728276,0,-799.297241,0,0.1057562151,0,12.41148472,0,1.449320724,0,0.03885168925,0,0.01098824883,0,-0.01376159507,0,0.006917635093,0,0.1162460874,0,12.49581864,-0.6854041152,0,0,0.6140593696,0
14.23,172.0977796,0,-799.2959553,0,0.1061450727,0,12.41157469,0,1.449186109,0,0.03891930802,0,0.007007508284,0,-0.01316158943,0,0.006606196704,0,0.1162345523,0,12.49589239,-0.6854041152,0,0,0.6140593696,0
14.24,172.2227326,0,-799.2947195,0,0.1065345909,0,12.4116249,0,1.449057489,0,0.03898381478,0,0.003036159779,0,-0.01256258952,0,0.006295238255,0,0.1162238628,0,12.49592735,-0.6854041152,0,0,0.6140593696,0
14.25,172.3476863,0,-799.2935338,0,0.1069247386,0,12.41163545,0,1.448934854,0,0.03904521444,0,-0.0009255265026,0,-0.01196462296,0,0.005984777789,0,0.1162140171,0,12.4959236,-0.6854041152,0,0,0.6140593696,0
14.26,172.4726402,0,-799.292398,0,0.1073154849,0,12.41160642,0,1.448818193,0,0.03910351206,0,-0.004877281773,0,-0.01136771716,0,0.005674833231,0,0.1162050135,0,12.49588125,-0.6854041152,0,0,0.6140593696,0
14.27,172.5975939,0,-799.2913121,0,0.1077067986,0,12.41153793,0,1.448707496,0,0.03915871288,0,-0.008818838645,0,-0.01077189933,0,0.005365422394,0,0.11619685,0,12.49580039,-0.6854041152,0,0,0.6140593696,0
14.28,172.722547,0,-799.2902762,0,0.1080986488,0,12.41143008,0,1.448602751,0,0.03921082234,0,-0.01274993115,0,-0.0101771965,0,0.005056562973,0,0.1161895247,0,12.49568112,-0.6854041152,0,0,0.6140593696,0
14.29,172.8474992,0,-799.2892901,0,0.1084910047,0,12.41128297,0,1.448503948,0,0.03925984604,0,-0.01667029473,0,-0.009583635505,0,0.004748272552,0,0.1161830357,0,12.49552355,-0.6854041152,0,0,0.6140593696,0
14.3,172.97245,0,-799.2883539,0,0.1088838355,0,12.41109671,0,1.448411075,0,0.03930578975,0,-0.02057966629,0,-0.008991242985,0,0.0044405686,0,0.1161773812,0,12.49532778,-0.6854041152,0,0,0.6140593696,0
14.31,173.097399,0,-799.2874674,0,0.1092771103,0,12.41087142,0,1.448324119,0,0.03934865942,0,-0.02447778417,0,-0.008400045404,0,0.004133468474,0,0.116172559,0,12.49509392,-0.6854041152,0,0,0.6140593696,0
14.32,173.2223458,0,-799.2866307,0,0.1096707984,0,12.4106072,0,1.44824307,0,0.03938846118,0,-0.02836438818,0,-0.00781006904,0,0.003826989418,0,0.1161685671,0,12.49482209,-0.6854041152,0,0,0.6140593696,0
14.33,173.34729,0,-799.2858437,0,0.1100648693,0,12.41030417,0,1.448167914,0,0.03942520133,0,-0.0322392196,0,-0.007221339995,0,0.003521148564,0,0.1161654037,0,12.49451239,-0.6854041152,0,0,0.6140593696,0
14.34,173.4722312,0,-799.2851062,0,0.1104592923,0,12.40996245,0,1.448098639,0,0.03945888634,0,-0.0361020212,0,-0.006633884193,0,0.003215962933,0,0.1161630664,0,12.49416495,-0.6854041152,0,0,0.6140593696,0
14.35,173.5971691,0,-799.2844184,0,0.1108540369,0,12.40958217,0,1.448035232,0,0.03948952283,0,-0.03995253724,0,-0.006047727386,0,0.002911449434,0,0.1161615533,0,12.49377988,-0.6854041152,0,0,0.6140593696,0
14.36,173.7221032,0,-799.28378,0,0.1112490726,0,12.40916344,0,1.44797768,0,0.03951711762,0,-0.0437905135,0,-0.005462895156,0,0.002607624867,0,0.1161608623,0,12.4933573,-0.6854041152,0,0,0.6140593696,0
14.37,173.8470331,0,-799.283191,0,0.1116443691,0,12.4087064,0,1.447925969,0,0.03954167768,0,-0.04761569728,0,-0.004879412916,0,0.002304505921,0,0.1161609911,0,12.49289735,-0.6854041152,0,0,0.6140593696,0
14.38,173.9719585,0,-799.2826515,0,0.1120398961,0,12.40821117,0,1.447880087,0,0.03956321015,0,-0.05142783742,0,-0.004297305917,0,0.002002109175,0,0.1161619376,0,12.49240014,-0.6854041152,0,0,0.6140593696,0
14.39,174.0968789,0,-799.2821611,0,0.1124356232,0,12.40767789,0,1.447840019,0,0.03958172232,0,-0.05522668428,0,-0.003716599247,0,0.0017004511,0,0.1161636995,0,12.4918658,-0.6854041152,0,0,0.6140593696,0
14.4,174.2217939,0,-799.28172,0,0.1128315205,0,12.40710668,0,1.44780575,0,0.03959722168,0,-0.0590119898,0,-0.003137317834,0,0.001399548058,0,0.1161662746,0,12.49129448,-0.6854041152,0,0,0.6140593696,0
14.41,174.3467032,0,-799.281328,0,0.1132275576,0,12.40649769,0,1.447777267,0,0.03960971586,0,-0.06278350747,0,-0.002559486451,0,0.001099416302,0,0.1161696607,0,12.49068629,-0.6854041152,0,0,0.6140593696,0
14.42,174.4716064,0,-799.280985,0,0.1136237048,0,12.40585106,0,1.447754555,0,0.03961921263,0,-0.06654099238,0,-0.001983129718,0,0.0008000719799,0,0.1161738554,0,12.49004138,-0.6854041152,0,0,0.6140593696,0
14.43,174.5965031,0,-799.2806909,0,0.1140199319,0,12.40516692,0,1.4477376,0,0.03962571997,0,-0.07028420118,0,-0.001408272103,0,0.0005015311293,0,0.1161788563,0,12.48935989,-0.6854041152,0,0,0.6140593696,0
14.44,174.7213929,0,-799.2804457,0,0.1144162092,0,12.40444542,0,1.447726385,0,0.03962924599,0,-0.07401289213,0,-0.0008349379251,0,0.0002038096831,0,0.1161846612,0,12.48864196,-0.6854041152,0,0,0.6140593696,0
14.45,174.8462754,0,-799.2802492,0,0.1148125069,0,12.40368671,0,1.447720896,0,0.03962979895,0,-0.07772682511,0,-0.0002631513584,0,-9.307653257e-05,0,0.1161912676,0,12.48788773,-0.6854041152,0,0,0.6140593696,0
14.46,174.9711503,0,-799.2801013,0,0.1152087953,0,12.40289094,0,1.447721117,0,0.03962738729,0,-0.08142576161,0,0.0003070635661,0,-0.0003891117974,0,0.1161986732,0,12.48709734,-0.6854041152,0,0,0.6140593696,0
14.47,175.0960171,0,-799.2800019,0,0.1156050448,0,12.40205825,0,1.447727032,0,0.0396220196,0,-0.08510946474,0,0.0008756829581,0,-0.0006842804963,0,0.1162068754,0,12.48627095,-0.6854041152,0,0,0.6140593696,0
14.48,175.2208755,0,-799.279951,0,0.1160012259,0,12.4011888,0,1.447738625,0,0.03961370462,0,-0.08877769927,0,0.001442683065,0,-0.000978567119,0,0.1162158718,0,12.48540871,-0.6854041152,0,0,0.6140593696,0
14.49,175.3457252,0,-799.2799483,0,0.1163973091,0,12.40028275,0,1.44775588,0,0.03960245125,0,-0.09243023162,0,0.002008040272,0,-0.00127195626,0,0.1162256599,0,12.48451077,-0.6854041152,0,0,0.6140593696,0
14.5,175.4705656,0,-799.2799938,0,0.1167932652,0,12.39934025,0,1.44777878,0,0.03958826853,0,-0.09606682986,0,0.002571731094,0,-0.001564432616,0,0.1162362371,0,12.48357729,-0.6854041152,0,0,0.6140593696,0
14.51,175.5953966,0,-799.2800873,0,0.1171890648,0,12.39836146,0,1.447807309,0,0.03957116569,0,-0.09968726373,0,0.003133732178,0,-0.001855980991,0,0.1162476009,0,12.48260842,-0.6854041152,0,0,0.6140593696,0
14.52,175.7202176,0,-799.2802288,0,0.1175846788,0,12.39734656,0,1.447841449,0,0.03955115206,0,-0.1032913047,0,0.003694020302,0,-0.002146586288,0,0.1162597488,0,12.48160433,-0.6854041152,0,0,0.6140593696,0
14.53,175.8450283,0,-799.280418,0,0.1179800781,0,12.39629569,0,1.447881184,0,0.03952823715,0,-0.1068787258,0,0.004252572366,0,-0.002436233514,0,0.116272678,0,12.48056517,-0.6854041152,0,0,0.6140593696,0
14.54,175.9698284,0,-799.2806549,0,0.1183752339,0,12.39520904,0,1.447926495,0,0.03950243063,0,-0.1104493019,0,0.004809365397,0,-0.00272490778,0,0.116286386,0,12.47949111,-0.6854041152,0,0,0.6140593696,0
14.55,176.0946175,0,-799.2809394,0,0.1187701171,0,12.39408676,0,1.447977365,0,0.03947374229,0,-0.1140028095,0,0.00536437654,0,-0.003012594296,0,0.1163008701,0,12.47838231,-0.6854041152,0,0,0.6140593696,0
14.56,176.2193952,0,-799.2812711,0,0.1191646992,0,12.39292904,0,1.448033776,0,0.03944218208,0,-0.1175390269,0,0.005917583062,0,-0.003299278375,0,0.1163161276,0,12.47723896,-0.6854041152,0,0,0.6140593696,0
14.57,176.3441611,0,-799.2816501,0,0.1195589513,0,12.39173604,0,1.448095711,0,0.03940776011,0,-0.121057734,0,0.006468962347,0,-0.00358494543,0,0.1163321557,0,12.47606121,-0.6854041152,0,0,0.6140593696,0
14.58,176.468915,0,-799.2820762,0,0.1199528449,0,12.39050794,0,1.448163149,0,0.03937048661,0,-0.1245587126,0,0.007018491891,0,-0.003869580976,0,0.1163489518,0,12.47484924,-0.6854041152,0,0,0.6140593696,0
14.59,176.5936563,0,-799.2825493,0,0.1203463515,0,12.38924493,0,1.448236074,0,0.03933037197,0,-0.128041746,0,0.007566149305,0,-0.004153170626,0,0.116366513,0,12.47360323,-0.6854041152,0,0,0.6140593696,0
14.6,176.7183849,0,-799.283069,0,0.1207394429,0,12.38794717,0,1.448314466,0,0.03928742673,0,-0.1315066197,0,0.008111912311,0,-0.004435700094,0,0.1163848365,0,12.47232336,-0.6854041152,0,0,0.6140593696,0
14.61,176.8431003,0,-799.2836354,0,0.1211320906,0,12.38661486,0,1.448398306,0,0.03924166155,0,-0.1349531204,0,0.008655758736,0,-0.004717155194,0,0.1164039195,0,12.47100979,-0.6854041152,0,0,0.6140593696,0
14.62,176.9678022,0,-799.2842483,0,0.1215242667,0,12.38524817,0,1.448487575,0,0.03919308725,0,-0.138381037,0,0.009197666516,0,-0.004997521837,0,0.1164237591,0,12.46966273,-0.6854041152,0,0,0.6140593696,0
14.63,177.0924902,0,-799.2849074,0,0.1219159431,0,12.3838473,0,1.448582253,0,0.03914171479,0,-0.14179016,0,0.009737613692,0,-0.005276786033,0,0.1164443524,0,12.46828234,-0.6854041152,0,0,0.6140593696,0
14.64,177.217164,0,-799.2856126,0,0.1223070917,0,12.38241243,0,1.44868232,0,0.03908755525,0,-0.1451802818,0,0.0102755784,0,-0.005554933891,0,0.1164656966,0,12.46686882,-0.6854041152,0,0,0.6140593696,0
14.65,177.3418232,0,-799.2863638,0,0.1226976849,0,12.38094376,0,1.448787758,0,0.03903061988,0,-0.1485511964,0,0.0108115389,0,-0.005831951618,0,0.1164877886,0,12.46542235,-0.6854041152,0,0,0.6140593696,0
14.66,177.4664675,0,-799.2871608,0,0.1230876949,0,12.37944147,0,1.448898544,0,0.03897092003,0,-0.1519026998,0,0.01134547351,0,-0.006107825516,0,0.1165106256,0,12.46394312,-0.6854041152,0,0,0.6140593696,0
14.67,177.5910966,0,-799.2880033,0,0.1234770941,0,12.37790577,0,1.44901466,0,0.03890846722,0,-0.1552345898,0,0.01187736068,0,-0.006382541987,0,0.1165342044,0,12.46243133,-0.6854041152,0,0,0.6140593696,0
14.68,177.71571,0,-799.2888912,0,0.1238658551,0,12.37633685,0,1.449136085,0,0.03884327309,0,-0.1585466659,0,0.01240717895,0,-0.006656087527,0,0.1165585222,0,12.46088717,-0.6854041152,0,0,0.6140593696,0
14.69,177.8403076,0,-799.2898243,0,0.1242539505,0,12.3747349,0,1.449262797,0,0.03877534942,0,-0.1618387295,0,0.01293490693,0,-0.006928448731,0,0.1165835757,0,12.45931084,-0.6854041152,0,0,0.6140593696,0
14.7,177.9648888,0,-799.2908025,0,0.1246413531,0,12.37310014,0,1.449394776,0,0.03870470811,0,-0.165110584,0,0.01346052334,0,-0.007199612287,0,0.116609362,0,12.45770253,-0.6854041152,0,0,0.6140593696,0
14.71,178.0894535,0,-799.2918254,0,0.1250280356,0,12.37143276,0,1.449532,0,0.03863136121,0,-0.1683620343,0,0.01398400699,0,-0.007469564981,0,0.116635878,0,12.45606244,-0.6854041152,0,0,0.6140593696,0
14.72,178.2140012,0,-799.292893,0,0.1254139713,0,12.36973297,0,1.449674449,0,0.03855532089,0,-0.1715928875,0,0.01450533678,0,-0.007738293693,0,0.1166631204,0,12.45439078,-0.6854041152,0,0,0.6140593696,0
14.73,178.3385316,0,-799.2940051,0,0.1257991331,0,12.36800097,0,1.4498221,0,0.03847659946,0,-0.1748029524,0,0.01502449168,0,-0.008005785397,0,0.1166910862,0,12.45268775,-0.6854041152,0,0,0.6140593696,0
14.74,178.4630445,0,-799.2951613,0,0.1261834944,0,12.36623698,0,1.449974931,0,0.03839520935,0,-0.1779920397,0,0.01554145076,0,-0.008272027164,0,0.1167197722,0,12.45095355,-0.6854041152,0,0,0.6140593696,0
14.75,178.5875395,0,-799.2963616,0,0.1265670285,0,12.3644412,0,1.450132921,0,0.03831116312,0,-0.1811599619,0,0.01605619317,0,-0.008537006158,0,0.1167491751,0,12.44918839,-0.6854041152,0,0,0.6140593696,0
14.76,178.7120162,0,-799.2976057,0,0.1269497088,0,12.36261385,0,1.450296048,0,0.03822447347,0,-0.1843065335,0,0.01656869814,0,-0.008800709636,0,0.1167792917,0,12.44739249,-0.6854041152,0,0,0.6140593696,0
14.77,178.8364743,0,-799.2988934,0,0.1273315092,0,12.36075514,0,1.450464288,0,0.03813515322,0,-0.1874315709,0,0.01707894497,0,-0.009063124951,0,0.1168101187,0,12.44556605,-0.6854041152,0,0,0.6140593696,0
14.78,178.9609136,0,-799.3002245,0,0.1277124032,0,12.35886529,0,1.450637619,0,0.03804321531,0,-0.1905348924,0,0.01758691307,0,-0.009324239546,0,0.1168416529,0,12.44370928,-0.6854041152,0,0,0.6140593696,0
14.79,179.0853337,0,-799.3015987,0,0.1280923648,0,12.35694452,0,1.450816018,0,0.03794867281,0,-0.193616318,0,0.01809258188,0,-0.009584040961,0,0.1168738909,0,12.44182241,-0.6854041152,0,0,0.6140593696,0
14.8,179.2097343,0,-799.3030159,0,0.128471368,0,12.35499304,0,1.450999463,0,0.03785153891,0,-0.1966756698,0,0.01859593097,0,-0.009842516826,0,0.1169068293,0,12.43990564,-0.6854041152,0,0,0.6140593696,0
14.81,179.3341151,0,-799.3044758,0,0.128849387,0,12.35301108,0,1.451187929,0,0.03775182693,0,-0.199712772,0,0.01909693993,0,-0.01009965486,0,0.1169404648,0,12.4379592,-0.6854041152,0,0,0.6140593696,0
14.82,179.4584757,0,-799.3059782,0,0.129226396,0,12.35099886,0,1.451381394,0,0.03764955031,0,-0.2027274503,0,0.01959558847,0,-0.01035544289,0,0.116974794,0,12.4359833,-0.6854041152,0,0,0.6140593696,0
14.83,179.582816,0,-799.3075229,0,0.1296023695,0,12.3489566,0,1.451579833,0,0.03754472261,0,-0.2057195327,0,0.02009185634,0,-0.01060986881,0,0.1170098135,0,12.43397817,-0.6854041152,0,0,0.6140593696,0
14.84,179.7071355,0,-799.3091096,0,0.129977282,0,12.34688454,0,1.451783223,0,0.03743735751,0,-0.208688849,0,0.02058572339,0,-0.01086292063,0,0.1170455197,0,12.43194403,-0.6854041152,0,0,0.6140593696,0
14.85,179.831434,0,-799.310738,0,0.1303511082,0,12.3447829,0,1.451991539,0,0.03732746882,0,-0.2116352309,0,0.0210771695,0,-0.01111458644,0,0.1170819092,0,12.42988111,-0.6854041152,0,0,0.6140593696,0
14.86,179.9557111,0,-799.3124081,0,0.130723823,0,12.34265191,0,1.452204758,0,0.03721507044,0,-0.2145585121,0,0.02156617466,0,-0.01136485441,0,0.1171189785,0,12.42778962,-0.6854041152,0,0,0.6140593696,0
14.87,180.0799667,0,-799.3141194,0,0.1310954013,0,12.34049181,0,1.452422855,0,0.03710017642,0,-0.2174585284,0,0.02205271891,0,-0.01161371283,0,0.1171567241,0,12.42566981,-0.6854041152,0,0,0.6140593696,0
14.88,180.2042003,0,-799.3158718,0,0.1314658183,0,12.33830282,0,1.452645804,0,0.03698280092,0,-0.2203351174,0,0.02253678235,0,-0.01186115005,0,0.1171951423,0,12.4235219,-0.6854041152,0,0,0.6140593696,0
14.89,180.3284117,0,-799.3176651,0,0.1318350491,0,12.33608519,0,1.452873582,0,0.0368629582,0,-0.2231881186,0,0.02301834516,0,-0.01210715453,0,0.1172342296,0,12.42134612,-0.6854041152,0,0,0.6140593696,0
14.9,180.4526006,0,-799.3194989,0,0.1322030692,0,12.33383914,0,1.453106163,0,0.03674066264,0,-0.2260173738,0,0.02349738756,0,-0.01235171481,0,0.1172739823,0,12.4191427,-0.6854041152,0,0,0.6140593696,0
14.91,180.5767668,0,-799.321373,0,0.1325698542,0,12.33156492,0,1.453343521,0,0.03661592875,0,-0.2288227264,0,0.02397388988,0,-0.01259481954,0,0.1173143969,0,12.41691188,-0.6854041152,0,0,0.6140593696,0
14.92,180.7009099,0,-799.3232871,0,0.1329353797,0,12.32926276,0,1.453585632,0,0.03648877114,0,-0.231604022,0,0.02444783246,0,-0.01283645743,0,0.1173554696,0,12.4146539,-0.6854041152,0,0,0.6140593696,0
14.93,180.8250296,0,-799.3252411,0,0.1332996216,0,12.32693292,0,1.453832469,0,0.03635920453,0,-0.2343611083,0,0.02491919573,0,-0.01307661729,0,0.1173971967,0,12.41236899,-0.6854041152,0,0,0.6140593696,0
14.94,180.9491258,0,-799.3272346,0,0.1336625558,0,12.32457562,0,1.454084007,0,0.03622724376,0,-0.2370938347,0,0.0253879602,0,-0.01331528805,0,0.1174395746,0,12.4100574,-0.6854041152,0,0,0.6140593696,0
14.95,181.073198,0,-799.3292674,0,0.1340241586,0,12.32219112,0,1.45434022,0,0.03609290377,0,-0.239802053,0,0.0258541064,0,-0.01355245868,0,0.1174825993,0,12.40771935,-0.6854041152,0,0,0.6140593696,0
14.96,181.1972461,0,-799.3313392,0,0.134384406,0,12.31977966,0,1.454601081,0,0.03595619962,0,-0.2424856166,0,0.02631761494,0,-0.01378811827,0,0.1175262672,0,12.4053551,-0.6854041152,0,0,0.6140593696,0
14.97,181.3212698,0,-799.3334497,0,0.1347432747,0,12.31734149,0,1.454866563,0,0.03581714648,0,-0.2451443812,0,0.0267784665,0,-0.01402225599,0,0.1175705745,0,12.40296489,-0.6854041152,0,0,0.6140593696,0
14.98,181.4452688,0,-799.3355987,0,0.1351007412,0,12.31487686,0,1.455136641,0,0.03567575961,0,-0.2477782045,0,0.02723664181,0,-0.01425486111,0,0.1176155172,0,12.40054897,-0.6854041152,0,0,0.6140593696,0
14.99,181.5692428,0,-799.337786,0,0.1354567822,0,12.31238601,0,1.455411287,0,0.0355320544,0,-0.250386946,0,0.02769212165,0,-0.01448592297,0,0.1176610916,0,12.39810757,-0.6854041152,0,0,0.6140593696,0
15,181.6931916,0,-799.3400111,0,0.1358113746,0,12.3098692,0,1.455690474,0,0.03538604633,0,-0.2529704676,0,0.02814488687,0,-0.01471543102,0,0.1177072937,0,12.39564095,-0.6854041152,0,0,0.6140593696,0
15.01,181.8171149,0,-799.3422738,0,0.1361644955,0,12.30732669,0,1.455974176,0,0.03523775099,0,-0.2555286329,0,0.02859491837,0,-0.01494337477,0,0.1177541196,0,12.39314936,-0.6854041152,0,0,0.6140593696,0
15.02,181.9410125,0,-799.344574,0,0.1365161221,0,12.30475872,0,1.456262364,0,0.03508718408,0,-0.2580613078,0,0.02904219712,0,-0.01516974386,0,0.1178015653,0,12.39063304,-0.6854041152,0,0,0.6140593696,0
15.03,182.0648841,0,-799.3469112,0,0.1368662317,0,12.30216555,0,1.456555011,0,0.03493436139,0,-0.2605683601,0,0.02948670413,0,-0.01539452798,0,0.117849627,0,12.38809225,-0.6854041152,0,0,0.6140593696,0
15.04,182.1887294,0,-799.3492852,0,0.1372148018,0,12.29954744,0,1.456852088,0,0.03477929884,0,-0.2630496596,0,0.02992842048,0,-0.01561771692,0,0.1178983005,0,12.38552724,-0.6854041152,0,0,0.6140593696,0
15.05,182.3125483,0,-799.3516957,0,0.1375618102,0,12.29690464,0,1.45715357,0,0.03462201241,0,-0.2655050784,0,0.0303673273,0,-0.01583930058,0,0.1179475818,0,12.38293827,-0.6854041152,0,0,0.6140593696,0
15.06,182.4363405,0,-799.3541424,0,0.1379072347,0,12.29423742,0,1.457459426,0,0.03446251821,0,-0.2679344905,0,0.03080340577,0,-0.01605926891,0,0.117997467,0,12.38032559,-0.6854041152,0,0,0.6140593696,0
15.07,182.5601057,0,-799.3566251,0,0.1382510533,0,12.29154604,0,1.457769628,0,0.03430083245,0,-0.2703377719,0,0.03123663715,0,-0.01627761197,0,0.1180479518,0,12.37768946,-0.6854041152,0,0,0.6140593696,0
15.08,182.6838437,0,-799.3591433,0,0.1385932441,0,12.28883075,0,1.458084149,0,0.03413697142,0,-0.2727148007,0,0.03166700274,0,-0.01649431992,0,0.1180990322,0,12.37503013,-0.6854041152,0,0,0.6140593696,0
15.09,182.8075542,0,-799.3616969,0,0.1389337855,0,12.28609183,0,1.458402959,0,0.03397095153,0,-0.2750654573,0,0.03209448388,0,-0.01670938298,0,0.118150704,0,12.37234786,-0.6854041152,0,0,0.6140593696,0
15.1,182.9312371,0,-799.3642856,0,0.139272656,0,12.28332953,0,1.458726029,0,0.03380278927,0,-0.2773896239,0,0.032519062,0,-0.01692279148,0,0.1182029631,0,12.36964292,-0.6854041152,0,0,0.6140593696,0
15.11,183.0548921,0,-799.3669089,0,0.1396098342,0,12.28054413,0,1.45905333,0,0.03363250125,0,-0.279687185,0,0.03294071855,0,-0.01713453582,0,0.1182558053,0,12.36691557,-0.6854041152,0,0,0.6140593696,0
15.12,183.1785189,0,-799.3695667,0,0.139945299,0,12.27773588,0,1.459384833,0,0.03346010414,0,-0.2819580269,0,0.03335943508,0,-0.01734460652,0,0.1183092263,0,12.36416606,-0.6854041152,0,0,0.6140593696,0
15.13,183.3021175,0,-799.3722587,0,0.1402790293,0,12.27490505,0,1.459720509,0,0.03328561473,0,-0.2842020383,0,0.03377519315,0,-0.01755299414,0,0.1183632219,0,12.36139467,-0.6854041152,0,0,0.6140593696,0
15.14,183.4256874,0,-799.3749844,0,0.1406110044,0,12.27205193,0,1.460060327,0,0.03310904989,0,-0.2864191098,0,0.03418797441,0,-0.01775968937,0,0.1184177878,0,12.35860165,-0.6854041152,0,0,0.6140593696,0
15.15,183.5492285,0,-799.3777436,0,0.1409412035,0,12.26917676,0,1.460404258,0,0.03293042661,0,-0.2886091343,0,0.03459776055,0,-0.01796468297,0,0.1184729197,0,12.35578727,-0.6854041152,0,0,0.6140593696,0
15.16,183.6727407,0,-799.3805361,0,0.1412696061,0,12.26627983,0,1.460752272,0,0.03274976194,0,-0.2907720065,0,0.03500453332,0,-0.0181679658,0,0.1185286132,0,12.3529518,-0.6854041152,0,0,0.6140593696,0
15.17,183.7962236,0,-799.3833614,0,0.1415961919,0,12.26336141,0,1.461104339,0,0.03256707303,0,-0.2929076234,0,0.03540827453,0,-0.01836952878,0,0.1185848641,0,12.35009551,-0.6854041152,0,0,0.6140593696,0
15.18,183.9196771,0,-799.3862193,0,0.1419209409,0,12.26042177,0,1.461460428,0,0.03238237712,0,-0.2950158841,0,0.03580896605,0,-0.01856936294,0,0.1186416678,0,12.34721866,-0.6854041152,0,0,0.6140593696,0
15.19,184.043101,0,-799.3891095,0,0.1422438329,0,12.25746119,0,1.461820508,0,0.03219569156,0,-0.2970966899,0,0.03620658981,0,-0.01876745941,0,0.1186990201,0,12.34432153,-0.6854041152,0,0,0.6140593696,0
15.2,184.1664951,0,-799.3920316,0,0.1425648481,0,12.25447993,0,1.462184549,0,0.03200703376,0,-0.2991499439,0,0.03660112778,0,-0.01896380937,0,0.1187569164,0,12.34140438,-0.6854041152,0,0,0.6140593696,0
15.21,184.2898591,0,-799.3949853,0,0.142883967,0,12.25147828,0,1.46255252,0,0.03181642122,0,-0.3011755517,0,0.03699256201,0,-0.01915840414,0,0.1188153522,0,12.33846749,-0.6854041152,0,0,0.6140593696,0
15.22,184.4131929,0,-799.3979703,0,0.1432011701,0,12.24845651,0,1.46292439,0,0.03162387155,0,-0.3031734208,0,0.03738087461,0,-0.01935123508,0,0.1188743231,0,12.33551112,-0.6854041152,0,0,0.6140593696,0
15.23,184.5364963,0,-799.4009863,0,0.143516438,0,12.2454149,0,1.463300127,0,0.03142940243,0,-0.3051434608,0,0.03776604773,0,-0.01954229366,0,0.1189338246,0,12.33253556,-0.6854041152,0,0,0.6140593696,0
15.24,184.659769,0,-799.4040329,0,0.1438297518,0,12.24235374,0,1.463679701,0,0.03123303162,0,-0.3070855836,0,0.03814806359,0,-0.01973157144,0,0.118993852,0,12.32954108,-0.6854041152,0,0,0.6140593696,0
15.25,184.783011,0,-799.4071098,0,0.1441410924,0,12.23927329,0,1.464063078,0,0.03103477696,0,-0.308999703,0,0.03852690449,0,-0.01991906007,0,0.1190544008,0,12.32652795,-0.6854041152,0,0,0.6140593696,0
15.26,184.9062219,0,-799.4102168,0,0.1444504411,0,12.23617384,0,1.464450228,0,0.03083465641,0,-0.3108857352,0,0.03890255277,0,-0.02010475128,0,0.1191154664,0,12.32349644,-0.6854041152,0,0,0.6140593696,0
15.27,185.0294017,0,-799.4133534,0,0.1447577794,0,12.23305567,0,1.464841118,0,0.03063268796,0,-0.3127435983,0,0.03927499085,0,-0.0202886369,0,0.1191770441,0,12.32044684,-0.6854041152,0,0,0.6140593696,0
15.28,185.1525502,0,-799.4165193,0,0.1450630888,0,12.22991906,0,1.465235717,0,0.03042888971,0,-0.3145732126,0,0.03964420119,0,-0.02047070884,0,0.1192391293,0,12.31737942,-0.6854041152,0,0,0.6140593696,0
15.29,185.2756671,0,-799.4197142,0,0.1453663511,0,12.2267643,0,1.465633992,0,0.03022327985,0,-0.3163745006,0,0.04001016633,0,-0.02065095909,0,0.1193017173,0,12.31429446,-0.6854041152,0,0,0.6140593696,0
15.3,185.3987524,0,-799.4229378,0,0.1456675484,0,12.22359166,0,1.46603591,0,0.03001587663,0,-0.318147387,0,0.04037286889,0,-0.02082937976,0,0.1193648034,0,12.31119224,-0.6854041152,0,0,0.6140593696,0
15.31,185.5218058,0,-799.4261897,0,0.1459666627,0,12.22040144,0,1.466441438,0,0.02980669838,0,-0.3198917984,0,0.04073229153,0,-0.02100596303,0,0.1194283827,0,12.30807304,-0.6854041152,0,0,0.6140593696,0
15.32,185.6448271,0,-799.4294696,0,0.1462636765,0,12.21719392,0,1.466850544,0,0.02959576352,0,-0.3216076637,0,0.04108841699,0,-0.02118070115,0,0.1194924506,0,12.30493713,-0.6854041152,0,0,0.6140593696,0
15.33,185.7678163,0,-799.4327772,0,0.1465585722,0,12.21396939,0,1.467263195,0,0.02938309053,0,-0.323294914,0,0.04144122808,0,-0.0213535865,0,0.1195570022,0,12.30178481,-0.6854041152,0,0,0.6140593696,0
15.34,185.8907731,0,-799.4361121,0,0.1468513326,0,12.21072812,0,1.467679358,0,0.02916869799,0,-0.3249534824,0,0.04179070769,0,-0.02152461153,0,0.1196220327,0,12.29861634,-0.6854041152,0,0,0.6140593696,0
15.35,186.0136974,0,-799.4394739,0,0.1471419405,0,12.20747041,0,1.468098998,0,0.02895260453,0,-0.3265833044,0,0.04213683875,0,-0.02169376878,0,0.1196875372,0,12.29543202,-0.6854041152,0,0,0.6140593696,0
15.36,186.136589,0,-799.4428624,0,0.1474303791,0,12.20419655,0,1.468522083,0,0.02873482887,0,-0.3281843173,0,0.0424796043,0,-0.02186105088,0,0.1197535109,0,12.29223212,-0.6854041152,0,0,0.6140593696,0
15.37,186.2594478,0,-799.4462771,0,0.1477166315,0,12.20090682,0,1.468948579,0,0.02851538979,0,-0.3297564609,0,0.04281898742,0,-0.02202645055,0,0.1198199489,0,12.28901693,-0.6854041152,0,0,0.6140593696,0
15.38,186.3822736,0,-799.4497178,0,0.1480006814,0,12.19760152,0,1.469378452,0,0.02829430615,0,-0.3312996768,0,0.04315497129,0,-0.02218996062,0,0.1198868461,0,12.28578674,-0.6854041152,0,0,0.6140593696,0
15.39,186.5050664,0,-799.4531841,0,0.1482825122,0,12.19428092,0,1.469811667,0,0.0280715969,0,-0.3328139092,0,0.04348753916,0,-0.02235157397,0,0.1199541976,0,12.28254182,-0.6854041152,0,0,0.6140593696,0
15.4,186.6278259,0,-799.4566757,0,0.148562108,0,12.19094533,0,1.470248191,0,0.02784728102,0,-0.3342991039,0,0.04381667435,0,-0.02251128362,0,0.1200219985,0,12.27928247,-0.6854041152,0,0,0.6140593696,0
15.41,186.750552,0,-799.4601921,0,0.1488394526,0,12.18759504,0,1.470687989,0,0.02762137759,0,-0.3357552094,0,0.04414236026,0,-0.02266908264,0,0.1200902437,0,12.27600896,-0.6854041152,0,0,0.6140593696,0
15.42,186.8732446,0,-799.4637331,0,0.1491145303,0,12.18423033,0,1.471131027,0,0.02739390576,0,-0.337182176,0,0.04446458037,0,-0.02282496423,0,0.1201589282,0,12.27272159,-0.6854041152,0,0,0.6140593696,0
15.43,186.9959035,0,-799.4672983,0,0.1493873255,0,12.18085149,0,1.471577269,0,0.02716488472,0,-0.3385799564,0,0.04478331826,0,-0.02297892165,0,0.1202280468,0,12.26942064,-0.6854041152,0,0,0.6140593696,0
15.44,187.1185286,0,-799.4708873,0,0.1496578229,0,12.17745883,0,1.472026681,0,0.02693433376,0,-0.3399485051,0,0.04509855757,0,-0.02313094826,0,0.1202975945,0,12.26610639,-0.6854041152,0,0,0.6140593696,0
15.45,187.2411198,0,-799.4744998,0,0.1499260072,0,12.17405262,0,1.472479229,0,0.02670227222,0,-0.3412877792,0,0.04541028203,0,-0.02328103754,0,0.1203675662,0,12.26277914,-0.6854041152,0,0,0.6140593696,0
15.46,187.363677,0,-799.4781355,0,0.1501918634,0,12.17063317,0,1.472934875,0,0.02646871949,0,-0.3425977377,0,0.04571847547,0,-0.02342918303,0,0.1204379567,0,12.25943917,-0.6854041152,0,0,0.6140593696,0
15.47,187.4862,0,-799.481794,0,0.1504553766,0,12.16720076,0,1.473393586,0,0.02623369506,0,-0.3438783418,0,0.04602312179,0,-0.02357537838,0,0.1205087608,0,12.25608678,-0.6854041152,0,0,0.6140593696,0
15.48,187.6086888,0,-799.4854748,0,0.1507165324,0,12.1637557,0,1.473855326,0,0.02599721844,0,-0.3451295549,0,0.046324205,0,-0.02371961733,0,0.1205799733,0,12.25272224,-0.6854041152,0,0,0.6140593696,0
15.49,187.7311432,0,-799.4891778,0,0.1509753162,0,12.16029827,0,1.474320058,0,0.02575930925,0,-0.3463513426,0,0.04662170918,0,-0.0238618937,0,0.120651589,0,12.24934585,-0.6854041152,0,0,0.6140593696,0
15.5,187.8535631,0,-799.4929025,0,0.1512317139,0,12.15682877,0,1.474787748,0,0.02551998713,0,-0.3475436724,0,0.04691561853,0,-0.02400220144,0,0.1207236026,0,12.24595789,-0.6854041152,0,0,0.6140593696,0
15.51,187.9759483,0,-799.4966486,0,0.1514857113,0,12.1533475,0,1.475258359,0,0.02527927181,0,-0.3487065144,0,0.04720591732,0,-0.02414053456,0,0.1207960089,0,12.24255866,-0.6854041152,0,0,0.6140593696,0
15.52,188.0982989,0,-799.5004156,0,0.1517372947,0,12.14985474,0,1.475731854,0,0.02503718304,0,-0.3498398404,0,0.04749258993,0,-0.02427688719,0,0.1208688024,0,12.23914845,-0.6854041152,0,0,0.6140593696,0
15.53,188.2206147,0,-799.5042033,0,0.1519864505,0,12.1463508,0,1.476208198,0,0.02479374068,0,-0.3509436248,0,0.04777562084,0,-0.02441125354,0,0.1209419779,0,12.23572754,-0.6854041152,0,0,0.6140593696,0
15.54,188.3428955,0,-799.5080113,0,0.1522331651,0,12.14283596,0,1.476687355,0,0.02454896461,0,-0.3520178438,0,0.04805499463,0,-0.02454362791,0,0.12101553,0,12.23229622,-0.6854041152,0,0,0.6140593696,0
15.55,188.4651414,0,-799.5118392,0,0.1524774254,0,12.13931054,0,1.477169286,0,0.02430287478,0,-0.353062476,0,0.04833069598,0,-0.02467400473,0,0.1210894534,0,12.22885479,-0.6854041152,0,0,0.6140593696,0
15.56,188.5873521,0,-799.5156867,0,0.1527192183,0,12.13577481,0,1.477653956,0,0.0240554912,0,-0.354077502,0,0.04860270968,0,-0.02480237849,0,0.1211637425,0,12.22540353,-0.6854041152,0,0,0.6140593696,0
15.57,188.7095277,0,-799.5195534,0,0.152958531,0,12.13222909,0,1.478141328,0,0.02380683391,0,-0.3550629046,0,0.04887102062,0,-0.02492874379,0,0.121238392,0,12.22194274,-0.6854041152,0,0,0.6140593696,0
15.58,188.831668,0,-799.5234389,0,0.1531953508,0,12.12867365,0,1.478631364,0,0.02355692303,0,-0.3560186689,0,0.04913561381,0,-0.02505309534,0,0.1213133964,0,12.21847271,-0.6854041152,0,0,0.6140593696,0
15.59,188.9537729,0,-799.5273429,0,0.1534296653,0,12.12510881,0,1.479124028,0,0.02330577873,0,-0.356944782,0,0.04939647437,0,-0.02517542793,0,0.1213887501,0,12.21499372,-0.6854041152,0,0,0.6140593696,0
15.6,189.0758424,0,-799.5312651,0,0.1536614623,0,12.12153486,0,1.479619281,0,0.02305342122,0,-0.3578412331,0,0.04965358753,0,-0.02529573646,0,0.1214644478,0,12.21150607,-0.6854041152,0,0,0.6140593696,0
15.61,189.1978764,0,-799.5352049,0,0.1538907298,0,12.11795209,0,1.480117087,0,0.02279987077,0,-0.3587080138,0,0.04990693863,0,-0.02541401592,0,0.1215404838,0,12.20801005,-0.6854041152,0,0,0.6140593696,0
15.62,189.3198749,0,-799.5391622,0,0.1541174558,0,12.1143608,0,1.480617407,0,0.02254514769,0,-0.3595451176,0,0.05015651315,0,-0.02553026142,0,0.1216168525,0,12.20450595,-0.6854041152,0,0,0.6140593696,0
15.63,189.4418376,0,-799.5431365,0,0.1543416289,0,12.11076128,0,1.481120205,0,0.02228927234,0,-0.3603525403,0,0.05040229666,0,-0.02564446814,0,0.1216935484,0,12.20099406,-0.6854041152,0,0,0.6140593696,0
15.64,189.5637647,0,-799.5471274,0,0.1545632375,0,12.10715384,0,1.481625441,0,0.02203226513,0,-0.3611302799,0,0.05064427489,0,-0.02575663138,0,0.1217705659,0,12.19747466,-0.6854041152,0,0,0.6140593696,0
15.65,189.6856559,0,-799.5511347,0,0.1547822705,0,12.10353878,0,1.482133077,0,0.02177414654,0,-0.3618783363,0,0.05088243366,0,-0.02586674655,0,0.1218478993,0,12.19394806,-0.6854041152,0,0,0.6140593696,0
15.66,189.8075114,0,-799.5551579,0,0.1549987168,0,12.09991638,0,1.482643077,0,0.02151493705,0,-0.3625967119,0,0.05111675894,0,-0.02597480912,0,0.121925543,0,12.19041455,-0.6854041152,0,0,0.6140593696,0
15.67,189.9293309,0,-799.5591966,0,0.1552125657,0,12.09628694,0,1.4831554,0,0.02125465721,0,-0.3632854109,0,0.05134723683,0,-0.02608081472,0,0.1220034912,0,12.1868744,-0.6854041152,0,0,0.6140593696,0
15.68,190.0511144,0,-799.5632506,0,0.1554238064,0,12.09265077,0,1.483670008,0,0.02099332762,0,-0.3639444399,0,0.05157385356,0,-0.02618475903,0,0.1220817383,0,12.18332792,-0.6854041152,0,0,0.6140593696,0
15.69,190.172862,0,-799.5673193,0,0.1556324288,0,12.08900815,0,1.484186864,0,0.02073096892,0,-0.3645738075,0,0.05179659547,0,-0.02628663787,0,0.1221602785,0,12.1797754,-0.6854041152,0,0,0.6140593696,0
15.7,190.2945735,0,-799.5714026,0,0.1558384225,0,12.08535939,0,1.484705927,0,0.02046760177,0,-0.3651735245,0,0.05201544909,0,-0.02638644714,0,0.122239106,0,12.17621712,-0.6854041152,0,0,0.6140593696,0
15.71,190.4162489,0,-799.5754999,0,0.1560417775,0,12.08170478,0,1.48522716,0,0.02020324689,0,-0.3657436038,0,0.05223040105,0,-0.02648418285,0,0.1223182151,0,12.17265337,-0.6854041152,0,0,0.6140593696,0
15.72,190.5378881,0,-799.579611,0,0.1562424842,0,12.07804462,0,1.485750522,0,0.01993792503,0,-0.3662840606,0,0.05244143813,0,-0.02657984113,0,0.1223976,0,12.16908445,-0.6854041152,0,0,0.6140593696,0
15.73,190.6594912,0,-799.5837355,0,0.1564405329,0,12.0743792,0,1.486275976,0,0.019671657,0,-0.3667949119,0,0.05264854728,0,-0.02667341819,0,0.1224772548,0,12.16551065,-0.6854041152,0,0,0.6140593696,0
15.74,190.781058,0,-799.5878729,0,0.1566359142,0,12.07070882,0,1.48680348,0,0.01940446362,0,-0.3672761772,0,0.05285171556,0,-0.02676491036,0,0.1225571737,0,12.16193225,-0.6854041152,0,0,0.6140593696,0
15.75,190.9025886,0,-799.592023,0,0.1568286191,0,12.06703377,0,1.487332997,0,0.01913636576,0,-0.3677278779,0,0.05305093021,0,-0.02685431408,0,0.1226373508,0,12.15834954,-0.6854041152,0,0,0.6140593696,0
15.76,191.0240829,0,-799.5961853,0,0.1570186386,0,12.06335436,0,1.487864486,0,0.01886738431,0,-0.3681500376,0,0.05324617863,0,-0.02694162589,0,0.1227177802,0,12.15476282,-0.6854041152,0,0,0.6140593696,0
15.77,191.1455408,0,-799.6003596,0,0.1572059639,0,12.05967087,0,1.488397907,0,0.01859754023,0,-0.368542682,0,0.05343744834,0,-0.02702684243,0,0.122798456,0,12.15117236,-0.6854041152,0,0,0.6140593696,0
15.78,191.2669625,0,-799.6045454,0,0.1573905866,0,12.0559836,0,1.488933221,0,0.01832685446,0,-0.3689058389,0,0.05362472706,0,-0.02710996046,0,0.1228793723,0,12.14757847,-0.6854041152,0,0,0.6140593696,0
15.79,191.3883477,0,-799.6087424,0,0.1575724983,0,12.05229285,0,1.489470388,0,0.01805534802,0,-0.3692395382,0,0.05380800264,0,-0.02719097684,0,0.122960523,0,12.14398143,-0.6854041152,0,0,0.6140593696,0
15.8,191.5096966,0,-799.6129502,0,0.1577516909,0,12.04859891,0,1.490009368,0,0.01778304194,0,-0.3695438121,0,0.05398726313,0,-0.02726988855,0,0.1230419023,0,12.14038153,-0.6854041152,0,0,0.6140593696,0
15.81,191.6310091,0,-799.6171684,0,0.1579281565,0,12.04490207,0,1.49055012,0,0.01750995728,0,-0.3698186947,0,0.05416249671,0,-0.02734669267,0,0.1231235041,0,12.13677905,-0.6854041152,0,0,0.6140593696,0
15.82,191.7522852,0,-799.6213967,0,0.1581018875,0,12.04120263,0,1.491092604,0,0.01723611512,0,-0.3700642223,0,0.05433369177,0,-0.0274213864,0,0.1232053224,0,12.13317428,-0.6854041152,0,0,0.6140593696,0
15.83,191.8735248,0,-799.6256346,0,0.1582728764,0,12.03750089,0,1.49163678,0,0.01696153659,0,-0.3702804333,0,0.05450083684,0,-0.02749396702,0,0.1232873511,0,12.12956751,-0.6854041152,0,0,0.6140593696,0
15.84,191.9947281,0,-799.629882,0,0.1584411159,0,12.03379712,0,1.492182608,0,0.01668624284,0,-0.3704673681,0,0.05466392065,0,-0.02756443197,0,0.1233695843,0,12.12595902,-0.6854041152,0,0,0.6140593696,0
15.85,192.1158949,0,-799.6341383,0,0.1586065989,0,12.03009164,0,1.492730045,0,0.01641025502,0,-0.3706250693,0,0.0548229321,0,-0.02763277877,0,0.1234520157,0,12.1223491,-0.6854041152,0,0,0.6140593696,0
15.86,192.2370253,0,-799.6384032,0,0.1587693187,0,12.02638472,0,1.493279053,0,0.01613359433,0,-0.3707535816,0,0.05497786027,0,-0.02769900505,0,0.1235346393,0,12.11873804,-0.6854041152,0,0,0.6140593696,0
15.87,192.3581192,0,-799.6426764,0,0.1589292686,0,12.02267666,0,1.493829589,0,0.01585628199,0,-0.3708529517,0,0.05512869444,0,-0.02776310856,0,0.123617449,0,12.11512612,-0.6854041152,0,0,0.6140593696,0
15.88,192.4791767,0,-799.6469575,0,0.1590864423,0,12.01896776,0,1.494381613,0,0.01557833924,0,-0.3709232286,0,0.05527542407,0,-0.02782508719,0,0.1237004387,0,12.11151363,-0.6854041152,0,0,0.6140593696,0
15.89,192.6001979,0,-799.6512461,0,0.1592408334,0,12.01525829,0,1.494935084,0,0.01529978734,0,-0.3709644631,0,0.05541803881,0,-0.02788493889,0,0.1237836021,0,12.10790084,-0.6854041152,0,0,0.6140593696,0
15.9,192.7211826,0,-799.6555418,0,0.159392436,0,12.01154856,0,1.49548996,0,0.01502064756,0,-0.3709767081,0,0.0555565285,0,-0.02794266178,0,0.1238669331,0,12.10428805,-0.6854041152,0,0,0.6140593696,0
15.91,192.8421309,0,-799.6598443,0,0.1595412445,0,12.00783886,0,1.4960462,0,0.01474094121,0,-0.3709600189,0,0.05569088321,0,-0.02799825405,0,0.1239504255,0,12.10067553,-0.6854041152,0,0,0.6140593696,0
15.92,192.9630428,0,-799.6641533,0,0.1596872531,0,12.00412946,0,1.496603764,0,0.01446068959,0,-0.3709144524,0,0.05582109316,0,-0.02805171405,0,0.1240340731,0,12.09706357,-0.6854041152,0,0,0.6140593696,0
15.93,193.0839184,0,-799.6684684,0,0.1598304565,0,12.00042066,0,1.497162608,0,0.01417991404,0,-0.3708400679,0,0.05594714882,0,-0.02810304021,0,0.1241178697,0,12.09345244,-0.6854041152,0,0,0.6140593696,0
15.94,193.2047576,0,-799.6727891,0,0.1599708497,0,11.99671275,0,1.497722693,0,0.0138986359,0,-0.3707369267,0,0.05606904085,0,-0.02815223109,0,0.124201809,0,12.08984244,-0.6854041152,0,0,0.6140593696,0
15.95,193.3255606,0,-799.6771153,0,0.1601084276,0,11.99300602,0,1.498283975,0,0.01361687654,0,-0.370605092,0,0.05618676012,0,-0.02819928538,0,0.1242858848,0,12.08623383,-0.6854041152,0,0,0.6140593696,0
15.96,193.4463272,0,-799.6814464,0,0.1602431857,0,11.98930075,0,1.498846414,0,0.01333465732,0,-0.3704446292,0,0.05630029771,0,-0.02824420187,0,0.1243700907,0,12.08262691,-0.6854041152,0,0,0.6140593696,0
15.97,193.5670577,0,-799.6857821,0,0.1603751193,0,11.98559722,0,1.499409967,0,0.01305199964,0,-0.3702556056,0,0.05640964493,0,-0.02828697949,0,0.1244544205,0,12.07902194,-0.6854041152,0,0,0.6140593696,0
15.98,193.6877519,0,-799.6901221,0,0.1605042243,0,11.98189573,0,1.499974593,0,0.01276892487,0,-0.3700380907,0,0.0565147933,0,-0.02832761727,0,0.1245388679,0,12.07541921,-0.6854041152,0,0,0.6140593696,0
15.99,193.8084099,0,-799.694466,0,0.1606304965,0,11.97819656,0,1.500540249,0,0.01248545443,0,-0.3697921559,0,0.05661573457,0,-0.02836611438,0,0.1246234265,0,12.07181899,-0.6854041152,0,0,0.6140593696,0
16,193.9290318,0,-799.6988135,0,0.1607539321,0,11.97449998,0,1.501106894,0,0.01220160972,0,-0.3695178747,0,0.05671246072,0,-0.02840247008,0,0.12470809,0,12.06822156,-0.6854041152,0,0,0.6140593696,0
16.01,194.0496175,0,-799.7031642,0,0.1608745275,0,11.97080629,0,1.501674484,0,0.01191741217,0,-0.3692153225,0,0.05680496395,0,-0.0284366838,0,0.124792852,0,12.0646272,-0.6854041152,0,0,0.6140593696,0
16.02,194.1701673,0,-799.7075178,0,0.1609922792,0,11.96711577,0,1.502242979,0,0.01163288319,0,-0.3688845769,0,0.0568932367,0,-0.02846875505,0,0.1248777063,0,12.06103618,-0.6854041152,0,0,0.6140593696,0
16.03,194.290681,0,-799.7118738,0,0.1611071841,0,11.9634287,0,1.502812335,0,0.01134804421,0,-0.3685257173,0,0.05697727164,0,-0.02849868348,0,0.1249626463,0,12.05744878,-0.6854041152,0,0,0.6140593696,0
16.04,194.4111588,0,-799.716232,0,0.1612192392,0,11.95974535,0,1.50338251,0,0.01106291666,0,-0.3681388253,0,0.05705706169,0,-0.02852646887,0,0.1250476658,0,12.05386526,-0.6854041152,0,0,0.6140593696,0
16.05,194.5316006,0,-799.7205919,0,0.1613284416,0,11.95606601,0,1.503953462,0,0.01077752198,0,-0.3677239843,0,0.0571326,0,-0.02855211111,0,0.1251327582,0,12.05028591,-0.6854041152,0,0,0.6140593696,0
16.06,194.6520066,0,-799.7249533,0,0.1614347888,0,11.95239096,0,1.504525148,0,0.01049188159,0,-0.3672812799,0,0.05720387999,0,-0.02857561024,0,0.1252179172,0,12.04671099,-0.6854041152,0,0,0.6140593696,0
16.07,194.7723769,0,-799.7293158,0,0.1615382785,0,11.94872048,0,1.505097525,0,0.01020601692,0,-0.3668107994,0,0.0572708953,0,-0.0285969664,0,0.1253031363,0,12.04314077,-0.6854041152,0,0,0.6140593696,0
16.08,194.8927114,0,-799.733679,0,0.1616389084,0,11.94505484,0,1.505670551,0,0.009919949401,0,-0.3663126322,0,0.05733363985,0,-0.02861617987,0,0.1253884092,0,12.03957553,-0.6854041152,0,0,0.6140593696,0
16.09,195.0130102,0,-799.7380426,0,0.1617366768,0,11.94139432,0,1.506244184,0,0.009633700462,0,-0.3657868699,0,0.05739210779,0,-0.02863325105,0,0.1254737293,0,12.03601553,-0.6854041152,0,0,0.6140593696,0
16.1,195.1332734,0,-799.7424062,0,0.1618315819,0,11.93773919,0,1.506818379,0,0.009347291521,0,-0.3652336056,0,0.05744629356,0,-0.02864818048,0,0.1255590901,0,12.03246104,-0.6854041152,0,0,0.6140593696,0
16.11,195.2535012,0,-799.7467695,0,0.1619236222,0,11.93408974,0,1.507393095,0,0.009060743991,0,-0.3646529348,0,0.05749619183,0,-0.02866096882,0,0.1256444853,0,12.02891233,-0.6854041152,0,0,0.6140593696,0
16.12,195.3736934,0,-799.7511321,0,0.1620127964,0,11.93044623,0,1.507968289,0,0.00877407928,0,-0.3640449545,0,0.05754179756,0,-0.02867161686,0,0.1257299083,0,12.02536966,-0.6854041152,0,0,0.6140593696,0
16.13,195.4938503,0,-799.7554938,0,0.1620991035,0,11.92680893,0,1.508543917,0,0.008487318786,0,-0.3634097642,0,0.05758310597,0,-0.02868012553,0,0.1258153526,0,12.0218333,-0.6854041152,0,0,0.6140593696,0
16.14,195.6139718,0,-799.759854,0,0.1621825425,0,11.92317812,0,1.509119937,0,0.008200483898,0,-0.3627474647,0,0.05762011255,0,-0.02868649586,0,0.1259008117,0,12.01830352,-0.6854041152,0,0,0.6140593696,0
16.15,195.7340582,0,-799.7642126,0,0.162263113,0,11.91955407,0,1.509696305,0,0.007913595994,0,-0.3620581591,0,0.05765281307,0,-0.02869072906,0,0.1259862792,0,12.01478057,-0.6854041152,0,0,0.6140593696,0
16.16,195.8541094,0,-799.7685692,0,0.1623408144,0,11.91593705,0,1.510272979,0,0.007626676438,0,-0.3613419524,0,0.05768120359,0,-0.02869282643,0,0.1260717484,0,12.01126472,-0.6854041152,0,0,0.6140593696,0
16.17,195.9741255,0,-799.7729234,0,0.1624156465,0,11.91232732,0,1.510849915,0,0.007339746582,0,-0.3605989514,0,0.05770528042,0,-0.02869278942,0,0.126157213,0,12.00775623,-0.6854041152,0,0,0.6140593696,0
16.18,196.0941067,0,-799.7772748,0,0.1624876093,0,11.90872516,0,1.51142707,0,0.00705282776,0,-0.3598292648,0,0.0577250402,0,-0.02869061962,0,0.1262426662,0,12.00425536,-0.6854041152,0,0,0.6140593696,0
16.19,196.214053,0,-799.7816232,0,0.1625567031,0,11.90513082,0,1.512004401,0,0.006765941294,0,-0.3590330033,0,0.05774047981,0,-0.02868631874,0,0.1263281017,0,12.00076236,-0.6854041152,0,0,0.6140593696,0
16.2,196.3339645,0,-799.7859682,0,0.1626229283,0,11.90154459,0,1.512581865,0,0.006479108485,0,-0.3582102792,0,0.05775159647,0,-0.02867988863,0,0.1264135128,0,11.9972775,-0.6854041152,0,0,0.6140593696,0
16.21,196.4538413,0,-799.7903095,0,0.1626862855,0,11.89796671,0,1.513159418,0,0.006192350614,0,-0.3573612071,0,0.05775838765,0,-0.02867133127,0,0.1264988931,0,11.99380103,-0.6854041152,0,0,0.6140593696,0
16.22,196.5736835,0,-799.7946467,0,0.1627467757,0,11.89439745,0,1.513737018,0,0.005905688944,0,-0.356485903,0,0.05776085115,0,-0.0286606488,0,0.1265842358,0,11.99033321,-0.6854041152,0,0,0.6140593696,0
16.23,196.6934912,0,-799.7989795,0,0.1628043997,0,11.89083707,0,1.514314621,0,0.005619144715,0,-0.3555844851,0,0.05775898506,0,-0.02864784347,0,0.1266695346,0,11.98687428,-0.6854041152,0,0,0.6140593696,0
16.24,196.8132645,0,-799.8033076,0,0.162859159,0,11.88728585,0,1.514892184,0,0.005332739144,0,-0.3546570733,0,0.05775278777,0,-0.02863291767,0,0.1267547829,0,11.98342451,-0.6854041152,0,0,0.6140593696,0
16.25,196.9330035,0,-799.8076306,0,0.162911055,0,11.88374402,0,1.515469662,0,0.005046493423,0,-0.3537037894,0,0.05774225799,0,-0.02861587394,0,0.126839974,0,11.97998415,-0.6854041152,0,0,0.6140593696,0
16.26,197.0527084,0,-799.8119482,0,0.1629600895,0,11.88021186,0,1.516047014,0,0.004760428718,0,-0.3527247568,0,0.05772739473,0,-0.02859671496,0,0.1269251014,0,11.97655344,-0.6854041152,0,0,0.6140593696,0
16.27,197.1723791,0,-799.8162601,0,0.1630062643,0,11.87668961,0,1.516624196,0,0.004474566167,0,-0.351720101,0,0.05770819732,0,-0.02857544352,0,0.1270101585,0,11.97313263,-0.6854041152,0,0,0.6140593696,0
16.28,197.2920159,0,-799.820566,0,0.1630495816,0,11.87317754,0,1.517201164,0,0.00418892688,0,-0.3506899492,0,0.05768466539,0,-0.02855206259,0,0.1270951389,0,11.96972198,-0.6854041152,0,0,0.6140593696,0
16.29,197.4116189,0,-799.8248654,0,0.1630900436,0,11.8696759,0,1.517777875,0,0.003903531938,0,-0.3496344303,0,0.05765679892,0,-0.02852657525,0,0.1271800358,0,11.96632172,-0.6854041152,0,0,0.6140593696,0
16.3,197.5311881,0,-799.8291582,0,0.1631276531,0,11.86618493,0,1.518354285,0,0.003618402388,0,-0.3485536751,0,0.05762459818,0,-0.02849898474,0,0.1272648428,0,11.96293211,-0.6854041152,0,0,0.6140593696,0
16.31,197.6507237,0,-799.833444,0,0.1631624126,0,11.86270491,0,1.518930352,0,0.003333559244,0,-0.3474478162,0,0.05758806379,0,-0.02846929442,0,0.1273495532,0,11.95955338,-0.6854041152,0,0,0.6140593696,0
16.32,197.7702259,0,-799.8377224,0,0.1631943253,0,11.85923606,0,1.519506032,0,0.003049023488,0,-0.3463169878,0,0.05754719669,0,-0.02843750783,0,0.1274341605,0,11.95618578,-0.6854041152,0,0,0.6140593696,0
16.33,197.8896946,0,-799.8419932,0,0.1632233942,0,11.85577865,0,1.520081282,0,0.002764816064,0,-0.345161326,0,0.05750199815,0,-0.0284036286,0,0.1275186581,0,11.95282956,-0.6854041152,0,0,0.6140593696,0
16.34,198.0091301,0,-799.8462559,0,0.1632496228,0,11.85233292,0,1.520656058,0,0.00248095788,0,-0.3439809685,0,0.05745246978,0,-0.02836766055,0,0.1276030395,0,11.94948494,-0.6854041152,0,0,0.6140593696,0
16.35,198.1285325,0,-799.8505104,0,0.1632730146,0,11.84889911,0,1.521230317,0,0.002197469804,0,-0.342776055,0,0.05739861351,0,-0.02832960762,0,0.1276872981,0,11.94615218,-0.6854041152,0,0,0.6140593696,0
16.36,198.247902,0,-799.8547563,0,0.1632935735,0,11.84547748,0,1.521804015,0,0.001914372665,0,-0.3415467267,0,0.05734043163,0,-0.0282894739,0,0.1277714274,0,11.94283149,-0.6854041152,0,0,0.6140593696,0
16.37,198.3672385,0,-799.8589932,0,0.1633113034,0,11.84206826,0,1.522377111,0,0.00163168725,0,-0.3402931264,0,0.05727792678,0,-0.02824726361,0,0.1278554207,0,11.93952313,-0.6854041152,0,0,0.6140593696,0
16.38,198.4865424,0,-799.8632209,0,0.1633262087,0,11.83867169,0,1.52294956,0,0.001349434301,0,-0.3390153989,0,0.05721110191,0,-0.02820298115,0,0.1279392716,0,11.93622733,-0.6854041152,0,0,0.6140593696,0
16.39,198.6058137,0,-799.8674391,0,0.1633382936,0,11.83528803,0,1.523521319,0,0.00106763452,0,-0.3377136904,0,0.05713996034,0,-0.02815663103,0,0.1280229734,0,11.93294431,-0.6854041152,0,0,0.6140593696,0
16.4,198.7250525,0,-799.8716474,0,0.1633475629,0,11.8319175,0,1.524092344,0,0.0007863085588,0,-0.3363881491,0,0.05706450576,0,-0.02810821793,0,0.1281065197,0,11.92967431,-0.6854041152,0,0,0.6140593696,0
16.41,198.8442591,0,-799.8758455,0,0.1633540214,0,11.82856035,0,1.524662594,0,0.0005054770235,0,-0.3350389245,0,0.05698474217,0,-0.02805774666,0,0.128189904,0,11.92641756,-0.6854041152,0,0,0.6140593696,0
16.42,198.9634335,0,-799.8800332,0,0.1633576742,0,11.8252168,0,1.525232025,0,0.0002251604711,0,-0.333666168,0,0.05690067397,0,-0.02800522218,0,0.1282731196,0,11.92317429,-0.6854041152,0,0,0.6140593696,0
16.43,199.0825758,0,-799.8842101,0,0.1633585264,0,11.8218871,0,1.525800593,0,-5.462059183e-05,0,-0.3322700325,0,0.0568123059,0,-0.02795064962,0,0.1283561601,0,11.91994472,-0.6854041152,0,0,0.6140593696,0
16.44,199.2016864,0,-799.8883759,0,0.1633565836,0,11.81857148,0,1.526368257,0,-0.0003338457105,0,-0.3308506726,0,0.05671964304,0,-0.02789403422,0,0.1284390189,0,11.91672907,-0.6854041152,0,0,0.6140593696,0
16.45,199.3207652,0,-799.8925304,0,0.1633518514,0,11.81527016,0,1.526934972,0,-0.0006124944836,0,-0.3294082446,0,0.05662269087,0,-0.02783538141,0,0.1285216896,0,11.91352758,-0.6854041152,0,0,0.6140593696,0
16.46,199.4398125,0,-799.8966731,0,0.1633443357,0,11.81198339,0,1.527500696,0,-0.0008905465645,0,-0.3279429063,0,0.05652145521,0,-0.02777469673,0,0.1286041657,0,11.91034046,-0.6854041152,0,0,0.6140593696,0
16.47,199.5588283,0,-799.900804,0,0.1633340426,0,11.80871138,0,1.528065387,0,-0.001167981663,0,-0.3264548169,0,0.05641594227,0,-0.0277119859,0,0.1286864407,0,11.90716794,-0.6854041152,0,0,0.6140593696,0
16.48,199.6778129,0,-799.9049225,0,0.1633209782,0,11.80545437,0,1.528629001,0,-0.001444779547,0,-0.3249441375,0,0.05630615862,0,-0.02764725477,0,0.1287685081,0,11.90401023,-0.6854041152,0,0,0.6140593696,0
16.49,199.7967665,0,-799.9090285,0,0.1633051492,0,11.80221257,0,1.529191496,0,-0.001720920043,0,-0.3234110307,0,0.05619211119,0,-0.02758050934,0,0.1288503615,0,11.90086754,-0.6854041152,0,0,0.6140593696,0
16.5,199.9156891,0,-799.9131216,0,0.1632865621,0,11.79898622,0,1.529752829,0,-0.001996383039,0,-0.3218556604,0,0.0560738073,0,-0.02751175579,0,0.1289319944,0,11.8977401,-0.6854041152,0,0,0.6140593696,0
16.51,200.0345809,0,-799.9172016,0,0.1632652238,0,11.79577553,0,1.530312958,0,-0.002271148484,0,-0.3202781923,0,0.05595125466,0,-0.02744100041,0,0.1290134004,0,11.89462812,-0.6854041152,0,0,0.6140593696,0
16.52,200.1534422,0,-799.9212682,0,0.1632411415,0,11.79258073,0,1.53087184,0,-0.002545196394,0,-0.3186787936,0,0.05582446133,0,-0.02736824966,0,0.1290945731,0,11.89153181,-0.6854041152,0,0,0.6140593696,0
16.53,200.272273,0,-799.925321,0,0.1632143224,0,11.78940203,0,1.531429433,0,-0.002818506847,0,-0.3170576329,0,0.05569343577,0,-0.02729351016,0,0.129175506,0,11.88845139,-0.6854041152,0,0,0.6140593696,0
16.54,200.3910735,0,-799.9293599,0,0.1631847739,0,11.78623965,0,1.531985695,0,-0.003091059989,0,-0.3154148803,0,0.05555818683,0,-0.02721678868,0,0.1292561928,0,11.88538705,-0.6854041152,0,0,0.6140593696,0
16.55,200.509844,0,-799.9333845,0,0.1631525037,0,11.7830938,0,1.532540583,0,-0.003362836036,0,-0.3137507074,0,0.05541872372,0,-0.02713809211,0,0.1293366272,0,11.882339,-0.6854041152,0,0,0.6140593696,0
16.56,200.6285845,0,-799.9373945,0,0.1631175198,0,11.77996471,0,1.533094055,0,-0.00363381527,0,-0.3120652874,0,0.05527505607,0,-0.02705742755,0,0.1294168026,0,11.87930747,-0.6854041152,0,0,0.6140593696,0
16.57,200.7472953,0,-799.9413897,0,0.1630798302,0,11.77685257,0,1.53364607,0,-0.00390397805,0,-0.3103587948,0,0.05512719387,0,-0.0269748022,0,0.1294967129,0,11.87629263,-0.6854041152,0,0,0.6140593696,0
16.58,200.8659765,0,-799.9453698,0,0.163039443,0,11.7737576,0,1.534196585,0,-0.004173304802,0,-0.3086314056,0,0.05497514752,0,-0.02689022344,0,0.1295763517,0,11.87329471,-0.6854041152,0,0,0.6140593696,0
16.59,200.9846283,0,-799.9493345,0,0.1629963669,0,11.77068001,0,1.534745559,0,-0.004441776031,0,-0.3068832971,0,0.05481892781,0,-0.0268036988,0,0.1296557127,0,11.87031389,-0.6854041152,0,0,0.6140593696,0
16.6,201.1032509,0,-799.9532835,0,0.1629506104,0,11.76762,0,1.53529295,0,-0.004709372316,0,-0.3051146482,0,0.05465854592,0,-0.02671523595,0,0.1297347896,0,11.86735038,-0.6854041152,0,0,0.6140593696,0
16.61,201.2218444,0,-799.9572166,0,0.1629021825,0,11.76457778,0,1.535838716,0,-0.004976074314,0,-0.3033256391,0,0.05449401342,0,-0.02662484274,0,0.1298135761,0,11.86440437,-0.6854041152,0,0,0.6140593696,0
16.62,201.3404091,0,-799.9611335,0,0.162851092,0,11.76155356,0,1.536382816,0,-0.005241862761,0,-0.3015164515,0,0.0543253423,0,-0.02653252714,0,0.129892066,0,11.86147606,-0.6854041152,0,0,0.6140593696,0
16.63,201.4589452,0,-799.965034,0,0.1627973483,0,11.75854752,0,1.536925209,0,-0.005506718475,0,-0.2996872681,0,0.05415254492,0,-0.02643829731,0,0.1299702531,0,11.85856564,-0.6854041152,0,0,0.6140593696,0
16.64,201.5774527,0,-799.9689177,0,0.1627409608,0,11.75555988,0,1.537465853,0,-0.005770622353,0,-0.2978382735,0,0.05397563407,0,-0.02634216154,0,0.1300481312,0,11.8556733,-0.6854041152,0,0,0.6140593696,0
16.65,201.695932,0,-799.9727844,0,0.1626819391,0,11.75259082,0,1.538004708,0,-0.00603355538,0,-0.2959696531,0,0.05379462291,0,-0.02624412827,0,0.130125694,0,11.85279923,-0.6854041152,0,0,0.6140593696,0
16.66,201.8143832,0,-799.9766339,0,0.162620293,0,11.74964055,0,1.538541732,0,-0.006295498621,0,-0.294081594,0,0.05360952504,0,-0.02614420612,0,0.1302029355,0,11.84994362,-0.6854041152,0,0,0.6140593696,0
16.67,201.9328064,0,-799.9804658,0,0.1625560325,0,11.74670925,0,1.539076885,0,-0.006556433234,0,-0.2921742844,0,0.05342035443,0,-0.02604240384,0,0.1302798496,0,11.84710665,-0.6854041152,0,0,0.6140593696,0
16.68,202.051202,0,-799.98428,0,0.1624891678,0,11.74379713,0,1.539610126,0,-0.00681634046,0,-0.2902479138,0,0.05322712547,0,-0.02593873034,0,0.13035643,0,11.84428851,-0.6854041152,0,0,0.6140593696,0
16.69,202.16957,0,-799.9880762,0,0.1624197092,0,11.74090436,0,1.540141414,0,-0.007075201632,0,-0.2883026732,0,0.05302985296,0,-0.0258331947,0,0.1304326708,0,11.84148938,-0.6854041152,0,0,0.6140593696,0
16.7,202.2879107,0,-799.9918542,0,0.1623476673,0,11.73803114,0,1.540670709,0,-0.007332998176,0,-0.2863387545,0,0.05282855211,0,-0.02572580613,0,0.1305085659,0,11.83870944,-0.6854041152,0,0,0.6140593696,0
16.71,202.4062242,0,-799.9956136,0,0.1622730528,0,11.73517765,0,1.541197972,0,-0.007589711609,0,-0.284356351,0,0.05262323851,0,-0.02561657402,0,0.1305841092,0,11.83594887,-0.6854041152,0,0,0.6140593696,0
16.72,202.5245109,0,-799.9993542,0,0.1621958767,0,11.73234407,0,1.541723161,0,-0.007845323542,0,-0.2823556574,0,0.05241392821,0,-0.02550550789,0,0.1306592948,0,11.83320784,-0.6854041152,0,0,0.6140593696,0
16.73,202.6427708,0,-800.0030758,0,0.1621161501,0,11.72953059,0,1.542246237,0,-0.008099815684,0,-0.2803368693,0,0.05220063762,0,-0.02539261743,0,0.1307341167,0,11.83048652,-0.6854041152,0,0,0.6140593696,0
16.74,202.7610042,0,-800.0067782,0,0.1620338842,0,11.72673739,0,1.54276716,0,-0.008353169841,0,-0.2783001837,0,0.05198338359,0,-0.02527791248,0,0.130808569,0,11.8277851,-0.6854041152,0,0,0.6140593696,0
16.75,202.8792112,0,-800.0104611,0,0.1619490905,0,11.72396465,0,1.543285891,0,-0.008605367918,0,-0.2762457987,0,0.05176218336,0,-0.02516140303,0,0.1308826457,0,11.82510374,-0.6854041152,0,0,0.6140593696,0
16.76,202.9973922,0,-800.0141242,0,0.1618617808,0,11.72121239,0,1.543802573,0,-0.008856368859,0,-0.274210662,0,0.05158250342,0,-0.02503757164,0,0.1309563579,0,11.82244248,-0.6854041152,0,0,0.6140593696,0
16.77,203.1155472,0,-800.0177674,0,0.1617719673,0,11.71848048,0,1.54431755,0,-0.009106119257,0,-0.2721686978,0,0.05141213384,0,-0.02491263966,0,0.1310297353,0,11.81980124,-0.6854041152,0,0,0.6140593696,0
16.78,203.2336766,0,-800.0213903,0,0.1616796626,0,11.71576907,0,1.5448308,0,-0.009354623793,0,-0.2701089695,0,0.05123714123,0,-0.02478835232,0,0.1311027739,0,11.81718017,-0.6854041152,0,0,0.6140593696,0
16.79,203.3517804,0,-800.0249928,0,0.161584879,0,11.71307836,0,1.545342276,0,-0.00960188755,0,-0.2680316519,0,0.05105730412,0,-0.02466444117,0,0.1311754669,0,11.81457944,-0.6854041152,0,0,0.6140593696,0
16.8,203.469859,0,-800.0285746,0,0.161487629,0,11.7104085,0,1.545851929,0,-0.009847913045,0,-0.2659369245,0,0.05087243608,0,-0.02454066061,0,0.1312478078,0,11.81199921,-0.6854041152,0,0,0.6140593696,0
16.81,203.5879125,0,-800.0321355,0,0.1613879249,0,11.70775967,0,1.546359708,0,-0.01009270044,0,-0.2638249703,0,0.0506823825,0,-0.0244167864,0,0.1313197897,0,11.80943965,-0.6854041152,0,0,0.6140593696,0
16.82,203.7059411,0,-800.0356752,0,0.1612857791,0,11.70513206,0,1.546865559,0,-0.01033624777,0,-0.2616959764,0,0.05048701763,0,-0.02429261437,0,0.1313914058,0,11.80690093,-0.6854041152,0,0,0.6140593696,0
16.83,203.8239451,0,-800.0391936,0,0.161181204,0,11.70252581,0,1.54736943,0,-0.01057855111,0,-0.2595501331,0,0.0502862418,0,-0.02416795906,0,0.1314626489,0,11.80438319,-0.6854041152,0,0,0.6140593696,0
16.84,203.9419246,0,-800.0426903,0,0.1610742122,0,11.69994111,0,1.547871266,0,-0.01081960478,0,-0.2573876342,0,0.05007997884,0,-0.02404265255,0,0.1315335121,0,11.8018866,-0.6854041152,0,0,0.6140593696,0
16.85,204.0598799,0,-800.0461652,0,0.1609648161,0,11.69737811,0,1.548371011,0,-0.01105940148,0,-0.2552086762,0,0.04986817375,0,-0.02391654323,0,0.1316039883,0,11.79941132,-0.6854041152,0,0,0.6140593696,0
16.86,204.1778112,0,-800.0496181,0,0.1608530284,0,11.69483699,0,1.548868611,0,-0.01129793251,0,-0.2530134586,0,0.04965079052,0,-0.0237894947,0,0.1316740703,0,11.7969575,-0.6854041152,0,0,0.6140593696,0
16.87,204.2957187,0,-800.0530486,0,0.1607388617,0,11.6923179,0,1.549364008,0,-0.01153518784,0,-0.2508021837,0,0.04942781008,0,-0.0236613847,0,0.131743751,0,11.79452528,-0.6854041152,0,0,0.6140593696,0
16.88,204.4136026,0,-800.0564567,0,0.1606223289,0,11.689821,0,1.549857148,0,-0.0117711563,0,-0.2485750559,0,0.04919922847,0,-0.02353210411,0,0.1318130232,0,11.79211483,-0.6854041152,0,0,0.6140593696,0
16.89,204.5314632,0,-800.0598421,0,0.1605034429,0,11.68734645,0,1.550347974,0,-0.01200582569,0,-0.2463322822,0,0.04896505515,0,-0.02340155597,0,0.13188188,0,11.78972628,-0.6854041152,0,0,0.6140593696,0
16.9,204.6493006,0,-800.0632045,0,0.1603822168,0,11.6848944,0,1.550836431,0,-0.0122391829,0,-0.2440740715,0,0.04872531141,0,-0.02326965462,0,0.1319503142,0,11.78735979,-0.6854041152,0,0,0.6140593696,0
16.91,204.7671152,0,-800.0665438,0,0.1602586637,0,11.68246502,0,1.551322462,0,-0.01247121402,0,-0.2418006349,0,0.04848002897,0,-0.02313632479,0,0.1320183188,0,11.7850155,-0.6854041152,0,0,0.6140593696,0
16.92,204.884907,0,-800.0698598,0,0.160132797,0,11.68005844,0,1.551806013,0,-0.01270190441,0,-0.2395121853,0,0.04822924867,0,-0.02300150086,0,0.1320858868,0,11.78269354,-0.6854041152,0,0,0.6140593696,0
16.93,205.0026764,0,-800.0731523,0,0.1600046301,0,11.67767482,0,1.552287029,0,-0.01293123886,0,-0.2372089371,0,0.04797301927,0,-0.02286512607,0,0.1321530113,0,11.78039406,-0.6854041152,0,0,0.6140593696,0
16.94,205.1204236,0,-800.076421,0,0.1598741768,0,11.67531431,0,1.552765455,0,-0.0131592016,0,-0.2348911068,0,0.0477113964,0,-0.0227271518,0,0.1322196855,0,11.7781172,-0.6854041152,0,0,0.6140593696,0
16.95,205.2381488,0,-800.0796657,0,0.1597414507,0,11.67297705,0,1.553241239,0,-0.01338577643,0,-0.232558912,0,0.04744444152,0,-0.02258753697,0,0.1322859026,0,11.77586309,-0.6854041152,0,0,0.6140593696,0
16.96,205.3558522,0,-800.0828863,0,0.1596064659,0,11.67066318,0,1.553714327,0,-0.01361094675,0,-0.2302125718,0,0.04717222112,0,-0.02244624734,0,0.1323516559,0,11.77363186,-0.6854041152,0,0,0.6140593696,0
16.97,205.473534,0,-800.0860826,0,0.1594692365,0,11.66837284,0,1.554184666,0,-0.01383469569,0,-0.2278523068,0,0.04689480584,0,-0.02230325496,0,0.1324169387,0,11.77142365,-0.6854041152,0,0,0.6140593696,0
16.98,205.5911946,0,-800.0892544,0,0.1593297768,0,11.66610618,0,1.554652206,0,-0.0140570061,0,-0.2254783387,0,0.04661226977,0,-0.02215853767,0,0.1324817445,0,11.76923858,-0.6854041152,0,0,0.6140593696,0
16.99,205.7088341,0,-800.0924014,0,0.1591881013,0,11.66386332,0,1.555116895,0,-0.01427786064,0,-0.2230908903,0,0.04632468983,0,-0.02201207851,0,0.1325460668,0,11.76707679,-0.6854041152,0,0,0.6140593696,0
17,205.8264527,0,-800.0955236,0,0.1590442245,0,11.66164441,0,1.555578683,0,-0.01449724182,0,-0.2206901856,0,0.04603214516,0,-0.02186386534,0,0.1326098994,0,11.76493839,-0.6854041152,0,0,0.6140593696,0
17.01,205.9440507,0,-800.0986206,0,0.1588981614,0,11.65944956,0,1.556037521,0,-0.01471513207,0,-0.2182764496,0,0.04573471661,0,-0.02171389033,0,0.1326732358,0,11.76282351,-0.6854041152,0,0,0.6140593696,0
17.02,206.0616283,0,-800.1016924,0,0.1587499269,0,11.65727892,0,1.556493361,0,-0.01493151374,0,-0.2158499082,0,0.04543248628,0,-0.0215621496,0,0.13273607,0,11.76073226,-0.6854041152,0,0,0.6140593696,0
17.03,206.1791859,0,-800.1047387,0,0.1585995362,0,11.65513261,0,1.556946155,0,-0.01514636918,0,-0.2134107881,0,0.04512553713,0,-0.02140864281,0,0.1327983958,0,11.75866478,-0.6854041152,0,0,0.6140593696,0
17.04,206.2967235,0,-800.1077594,0,0.1584470047,0,11.65301074,0,1.557395857,0,-0.01535968072,0,-0.210959317,0,0.04481395259,0,-0.02125337284,0,0.1328602073,0,11.75662117,-0.6854041152,0,0,0.6140593696,0
17.05,206.4142414,0,-800.1107543,0,0.1582923478,0,11.65091346,0,1.557842419,0,-0.01557143077,0,-0.2084957233,0,0.04449781625,0,-0.02109634546,0,0.1329214985,0,11.75460154,-0.6854041152,0,0,0.6140593696,0
17.06,206.5317399,0,-800.1137232,0,0.1581355813,0,11.64884087,0,1.558285798,0,-0.0157816018,0,-0.2060202362,0,0.04417721164,0,-0.02093756902,0,0.1329822637,0,11.75260602,-0.6854041152,0,0,0.6140593696,0
17.07,206.6492192,0,-800.1166659,0,0.1579767211,0,11.64679309,0,1.558725949,0,-0.01599017636,0,-0.2035330854,0,0.0438522219,0,-0.02077705422,0,0.1330424971,0,11.7506347,-0.6854041152,0,0,0.6140593696,0
17.08,206.7666796,0,-800.1195824,0,0.1578157832,0,11.64477025,0,1.559162828,0,-0.01619713713,0,-0.2010345015,0,0.04352292966,0,-0.02061481378,0,0.1331021931,0,11.74868771,-0.6854041152,0,0,0.6140593696,0
17.09,206.8841213,0,-800.1224723,0,0.1576527838,0,11.64277244,0,1.559596393,0,-0.01640246693,0,-0.1985247155,0,0.04318941683,0,-0.02045086229,0,0.1331613463,0,11.74676513,-0.6854041152,0,0,0.6140593696,0
17.1,207.0015446,0,-800.1253356,0,0.1574877393,0,11.64079979,0,1.560026603,0,-0.01660614872,0,-0.196003959,0,0.04285176446,0,-0.02028521596,0,0.1332199511,0,11.74486708,-0.6854041152,0,0,0.6140593696,0
17.11,207.1189496,0,-800.1281721,0,0.1573206664,0,11.6388524,0,1.560453415,0,-0.01680816566,0,-0.1934724641,0,0.04251005261,0,-0.02011789243,0,0.1332780023,0,11.74299366,-0.6854041152,0,0,0.6140593696,0
17.12,207.2363366,0,-800.1309817,0,0.1571515816,0,11.63693037,0,1.56087679,0,-0.01700850105,0,-0.1909304636,0,0.04216436026,0,-0.01994891059,0,0.1333354947,0,11.74114496,-0.6854041152,0,0,0.6140593696,0
17.13,207.353706,0,-800.1337641,0,0.156980502,0,11.63503382,0,1.561296689,0,-0.01720713841,0,-0.1883781906,0,0.04181476526,0,-0.01977829046,0,0.1333924231,0,11.73932108,-0.6854041152,0,0,0.6140593696,0
17.14,207.4710578,0,-800.1365193,0,0.1568074446,0,11.63316284,0,1.561713073,0,-0.01740406146,0,-0.1858158786,0,0.04146134421,0,-0.01960605296,0,0.1334487825,0,11.73752212,-0.6854041152,0,0,0.6140593696,0
17.15,207.5883924,0,-800.139247,0,0.1566324265,0,11.63131754,0,1.562125904,0,-0.01759925415,0,-0.1832437616,0,0.04110417246,0,-0.01943221987,0,0.1335045679,0,11.73574817,-0.6854041152,0,0,0.6140593696,0
17.16,207.7057101,0,-800.1419472,0,0.1564554653,0,11.629498,0,1.562535144,0,-0.01779270062,0,-0.180662074,0,0.04074332409,0,-0.01925681365,0,0.1335597746,0,11.73399931,-0.6854041152,0,0,0.6140593696,0
17.17,207.823011,0,-800.1446197,0,0.1562765784,0,11.62770433,0,1.562940758,0,-0.01798438525,0,-0.1780710504,0,0.04037887184,0,-0.01907985736,0,0.1336143976,0,11.73227564,-0.6854041152,0,0,0.6140593696,0
17.18,207.9402954,0,-800.1472643,0,0.1560957835,0,11.62593661,0,1.56334271,0,-0.01817429267,0,-0.1754709258,0,0.04001088716,0,-0.01890137456,0,0.1336684324,0,11.73057724,-0.6854041152,0,0,0.6140593696,0
17.19,208.0575636,0,-800.1498809,0,0.1559130985,0,11.62419494,0,1.563740964,0,-0.01836240773,0,-0.1728619357,0,0.03963944018,0,-0.01872138919,0,0.1337218744,0,11.7289042,-0.6854041152,0,0,0.6140593696,0
17.2,208.1748159,0,-800.1524694,0,0.1557285414,0,11.6224794,0,1.564135487,0,-0.01854871553,0,-0.1702443156,0,0.03926459973,0,-0.01853992556,0,0.133774719,0,11.72725659,-0.6854041152,0,0,0.6140593696,0
17.21,208.2920523,0,-800.1550296,0,0.1555421303,0,11.62079008,0,1.564526245,0,-0.0187332014,0,-0.1676183015,0,0.03888643337,0,-0.01835700822,0,0.133826962,0,11.7256345,-0.6854041152,0,0,0.6140593696,0
17.22,208.4092733,0,-800.1575614,0,0.1553538835,0,11.61912706,0,1.564913205,0,-0.01891585093,0,-0.1649841293,0,0.03850500739,0,-0.0181726619,0,0.1338785989,0,11.724038,-0.6854041152,0,0,0.6140593696,0
17.23,208.5264791,0,-800.1600647,0,0.1551638194,0,11.61749042,0,1.565296335,0,-0.01909664996,0,-0.1623420356,0,0.03812038687,0,-0.01798691152,0,0.1339296255,0,11.72246716,-0.6854041152,0,0,0.6140593696,0
17.24,208.6436699,0,-800.1625394,0,0.1549719567,0,11.61588025,0,1.565675602,0,-0.01927558456,0,-0.1596922568,0,0.03773263571,0,-0.01779978205,0,0.1339800377,0,11.72092206,-0.6854041152,0,0,0.6140593696,0
17.25,208.760846,0,-800.1649852,0,0.154778314,0,11.6142966,0,1.566050977,0,-0.01945264108,0,-0.1570350296,0,0.03734181663,0,-0.01761129854,0,0.1340298315,0,11.71940277,-0.6854041152,0,0,0.6140593696,0
17.26,208.8780076,0,-800.1674022,0,0.1545829102,0,11.61273957,0,1.566422429,0,-0.0196278061,0,-0.154370591,0,0.03694799127,0,-0.01742148606,0,0.1340790028,0,11.71790935,-0.6854041152,0,0,0.6140593696,0
17.27,208.995155,0,-800.1697901,0,0.1543857642,0,11.61120922,0,1.566789927,0,-0.01980106646,0,-0.151699178,0,0.0365512202,0,-0.01723036965,0,0.1341275477,0,11.71644187,-0.6854041152,0,0,0.6140593696,0
17.28,209.1122884,0,-800.1721489,0,0.1541868952,0,11.60970561,0,1.567153444,0,-0.01997240923,0,-0.1490210276,0,0.03615156295,0,-0.01703797432,0,0.1341754626,0,11.71500039,-0.6854041152,0,0,0.6140593696,0
17.29,209.2294082,0,-800.1744784,0,0.1539863225,0,11.60822882,0,1.567512949,0,-0.02014182177,0,-0.1463363771,0,0.03574907811,0,-0.01684432502,0,0.1342227435,0,11.71358498,-0.6854041152,0,0,0.6140593696,0
17.3,209.3465145,0,-800.1767786,0,0.1537840653,0,11.6067789,0,1.567868416,0,-0.02030929164,0,-0.143645464,0,0.03534382331,0,-0.01664944661,0,0.134269387,0,11.71219569,-0.6854041152,0,0,0.6140593696,0
17.31,209.4636076,0,-800.1790493,0,0.1535801432,0,11.60535593,0,1.568219816,0,-0.02047480668,0,-0.1409485254,0,0.03493585533,0,-0.01645336384,0,0.1343153894,0,11.71083257,-0.6854041152,0,0,0.6140593696,0
17.32,209.5806877,0,-800.1812904,0,0.1533745757,0,11.60395995,0,1.568567124,0,-0.02063835498,0,-0.138245799,0,0.03452523012,0,-0.01625610137,0,0.1343607472,0,11.70949569,-0.6854041152,0,0,0.6140593696,0
17.33,209.6977552,0,-800.1835018,0,0.1531673827,0,11.60259103,0,1.568910312,0,-0.02079992486,0,-0.135537522,0,0.03411200282,0,-0.01605768371,0,0.1344054571,0,11.70818509,-0.6854041152,0,0,0.6140593696,0
17.34,209.8148103,0,-800.1856835,0,0.1529585838,0,11.60124922,0,1.569249356,0,-0.02095950489,0,-0.1328239321,0,0.03369622786,0,-0.01585813528,0,0.1344495157,0,11.70690083,-0.6854041152,0,0,0.6140593696,0
17.35,209.9318532,0,-800.1878352,0,0.1527481992,0,11.59993457,0,1.569584229,0,-0.02111708388,0,-0.1301052667,0,0.03327795897,0,-0.01565748032,0,0.1344929198,0,11.70564294,-0.6854041152,0,0,0.6140593696,0
17.36,210.0488843,0,-800.189957,0,0.1525362489,0,11.59864713,0,1.569914907,0,-0.02127265089,0,-0.1273817631,0,0.03285724925,0,-0.01545574294,0,0.1345356662,0,11.70441148,-0.6854041152,0,0,0.6140593696,0
17.37,210.1659036,0,-800.1920487,0,0.1523227529,0,11.59738695,0,1.570241366,0,-0.02142619521,0,-0.1246536588,0,0.03243415118,0,-0.01525294713,0,0.1345777519,0,11.70320648,-0.6854041152,0,0,0.6140593696,0
17.38,210.2829116,0,-800.1941102,0,0.1521077317,0,11.59615407,0,1.570563582,0,-0.02157770638,0,-0.121921191,0,0.03200871671,0,-0.0150491167,0,0.1346191738,0,11.70202799,-0.6854041152,0,0,0.6140593696,0
17.39,210.3999085,0,-800.1961415,0,0.1518912056,0,11.59494854,0,1.570881532,0,-0.02172717417,0,-0.119184597,0,0.03158099724,0,-0.01484427534,0,0.134659929,0,11.70087605,-0.6854041152,0,0,0.6140593696,0
17.4,210.5168945,0,-800.1981424,0,0.1516731951,0,11.59377039,0,1.571195194,0,-0.0218745886,0,-0.116444114,0,0.03115104372,0,-0.01463844659,0,0.1347000147,0,11.69975069,-0.6854041152,0,0,0.6140593696,0
17.41,210.6338699,0,-800.2001129,0,0.1514537207,0,11.59261967,0,1.571504546,0,-0.02201993989,0,-0.1136999788,0,0.03071890665,0,-0.01443165385,0,0.1347394281,0,11.69865194,-0.6854041152,0,0,0.6140593696,0
17.42,210.7508349,0,-800.2020529,0,0.1512328032,0,11.5914964,0,1.571809565,0,-0.02216321854,0,-0.1109524284,0,0.03028463615,0,-0.01422392038,0,0.1347781665,0,11.69757984,-0.6854041152,0,0,0.6140593696,0
17.43,210.8677899,0,-800.2039623,0,0.1510104633,0,11.59040063,0,1.572110232,0,-0.02230441524,0,-0.1082016994,0,0.02984828194,0,-0.01401526929,0,0.1348162273,0,11.69653442,-0.6854041152,0,0,0.6140593696,0
17.44,210.984735,0,-800.205841,0,0.1507867219,0,11.58933238,0,1.572406524,0,-0.02244352094,0,-0.1054480284,0,0.02940989345,0,-0.01380572359,0,0.1348536079,0,11.69551569,-0.6854041152,0,0,0.6140593696,0
17.45,211.1016706,0,-800.207689,0,0.1505615999,0,11.58829168,0,1.572698423,0,-0.02258052681,0,-0.1026916517,0,0.02896951977,0,-0.01359530614,0,0.1348903059,0,11.69452369,-0.6854041152,0,0,0.6140593696,0
17.46,211.2185969,0,-800.2095062,0,0.1503351184,0,11.58727855,0,1.572985908,0,-0.02271542423,0,-0.09993280531,0,0.02852720975,0,-0.0133840397,0,0.1349263189,0,11.69355844,-0.6854041152,0,0,0.6140593696,0
17.47,211.3355141,0,-800.2112925,0,0.1501072985,0,11.58629303,0,1.573268961,0,-0.02284820485,0,-0.09717172512,0,0.02808301199,0,-0.01317194689,0,0.1349616446,0,11.69261995,-0.6854041152,0,0,0.6140593696,0
17.48,211.4524225,0,-800.2130479,0,0.1498781614,0,11.58533513,0,1.573547562,0,-0.02297886049,0,-0.09440864672,0,0.02763697486,0,-0.01295905022,0,0.1349962808,0,11.69170825,-0.6854041152,0,0,0.6140593696,0
17.49,211.5693225,0,-800.2147723,0,0.1496477284,0,11.58440486,0,1.573821694,0,-0.02310738325,0,-0.09164380543,0,0.02718914655,0,-0.01274537213,0,0.1350302253,0,11.69082336,-0.6854041152,0,0,0.6140593696,0
17.5,211.6862141,0,-800.2164656,0,0.1494160208,0,11.58350226,0,1.574091339,0,-0.02323376541,0,-0.08887743625,0,0.0267395751,0,-0.01253093492,0,0.135063476,0,11.68996527,-0.6854041152,0,0,0.6140593696,0
17.51,211.8030978,0,-800.2181278,0,0.1491830602,0,11.58262732,0,1.57435648,0,-0.02335799949,0,-0.08610977388,0,0.02628830838,0,-0.01231576082,0,0.135096031,0,11.68913401,-0.6854041152,0,0,0.6140593696,0
17.52,211.9199737,0,-800.2197588,0,0.148948868,0,11.58178006,0,1.5746171,0,-0.02348007824,0,-0.08334105269,0,0.02583539415,0,-0.01209987196,0,0.1351278882,0,11.68832958,-0.6854041152,0,0,0.6140593696,0
17.53,212.0368421,0,-800.2213585,0,0.1487134659,0,11.5809605,0,1.574873183,0,-0.02359999462,0,-0.08057150667,0,0.02538088006,0,-0.01188329039,0,0.135159046,0,11.687552,-0.6854041152,0,0,0.6140593696,0
17.54,212.1537033,0,-800.222927,0,0.1484768754,0,11.58016863,0,1.575124713,0,-0.02371774181,0,-0.07780136944,0,0.02492481367,0,-0.01166603808,0,0.1351895024,0,11.68680125,-0.6854041152,0,0,0.6140593696,0
17.55,212.2705576,0,-800.2244642,0,0.1482391183,0,11.57940447,0,1.575371674,0,-0.02383331322,0,-0.07503087424,0,0.02446724247,0,-0.01144813694,0,0.1352192558,0,11.68607735,-0.6854041152,0,0,0.6140593696,0
17.56,212.3874052,0,-800.2259699,0,0.1480002164,0,11.57866802,0,1.575614053,0,-0.02394670246,0,-0.07226025387,0,0.0240082139,0,-0.01122960879,0,0.1352483045,0,11.6853803,-0.6854041152,0,0,0.6140593696,0
17.57,212.5042463,0,-800.2274443,0,0.1477601915,0,11.57795927,0,1.575851834,0,-0.02405790338,0,-0.06948974069,0,0.02354777534,0,-0.01101047541,0,0.1352766471,0,11.68471009,-0.6854041152,0,0,0.6140593696,0
17.58,212.6210812,0,-800.2288872,0,0.1475190656,0,11.57727822,0,1.576085004,0,-0.02416691002,0,-0.06671956663,0,0.02308597414,0,-0.0107907585,0,0.135304282,0,11.68406671,-0.6854041152,0,0,0.6140593696,0
17.59,212.7379103,0,-800.2302986,0,0.1472768606,0,11.57662487,0,1.576313549,0,-0.02427371667,0,-0.06394996311,0,0.02262285764,0,-0.01057047973,0,0.135331208,0,11.68345017,-0.6854041152,0,0,0.6140593696,0
17.6,212.8547337,0,-800.2316784,0,0.1470335986,0,11.57599922,0,1.576537456,0,-0.02437831782,0,-0.06118116106,0,0.02215847315,0,-0.0103496607,0,0.1353574235,0,11.68286045,-0.6854041152,0,0,0.6140593696,0
17.61,212.9715517,0,-800.2330267,0,0.1467893017,0,11.57540125,0,1.576756714,0,-0.02448070816,0,-0.05841339092,0,0.02169286798,0,-0.01012832296,0,0.1353829275,0,11.68229754,-0.6854041152,0,0,0.6140593696,0
17.62,213.0883645,0,-800.2343434,0,0.1465439919,0,11.57483095,0,1.57697131,0,-0.02458088262,0,-0.05564688255,0,0.02122608946,0,-0.00990648805,0,0.1354077188,0,11.68176142,-0.6854041152,0,0,0.6140593696,0
17.63,213.2051725,0,-800.2356285,0,0.1462976914,0,11.57428831,0,1.577181232,0,-0.02467883634,0,-0.05288186527,0,0.02075818491,0,-0.009684177436,0,0.1354317962,0,11.68125209,-0.6854041152,0,0,0.6140593696,0
17.64,213.3219758,0,-800.2368819,0,0.1460504226,0,11.5737733,0,1.57738647,0,-0.02477456466,0,-0.05011856783,0,0.02028920167,0,-0.009461412563,0,0.1354551588,0,11.68076952,-0.6854041152,0,0,0.6140593696,0
17.65,213.4387748,0,-800.2381036,0,0.1458022076,0,11.57328593,0,1.577587013,0,-0.02486806314,0,-0.04735721835,0,0.0198191871,0,-0.009238214843,0,0.1354778056,0,11.68031369,-0.6854041152,0,0,0.6140593696,0
17.66,213.5555697,0,-800.2392937,0,0.1455530687,0,11.57282615,0,1.57778285,0,-0.02495932758,0,-0.04459804437,0,0.01934818857,0,-0.009014605656,0,0.1354997358,0,11.67988458,-0.6854041152,0,0,0.6140593696,0
17.67,213.6723608,0,-800.240452,0,0.1453030285,0,11.57239396,0,1.577973973,0,-0.02504835396,0,-0.04184127275,0,0.0188762535,0,-0.008790606352,0,0.1355209485,0,11.67948217,-0.6854041152,0,0,0.6140593696,0
17.68,213.7891483,0,-800.2415787,0,0.1450521091,0,11.57198932,0,1.578160373,0,-0.02513513848,0,-0.03908712973,0,0.01840342932,0,-0.008566238257,0,0.1355414432,0,11.67910643,-0.6854041152,0,0,0.6140593696,0
17.69,213.9059325,0,-800.2426735,0,0.1448003332,0,11.57161221,0,1.578342039,0,-0.02521967756,0,-0.03633584084,0,0.01792976349,0,-0.008341522672,0,0.1355612192,0,11.67875732,-0.6854041152,0,0,0.6140593696,0
17.7,214.0227136,0,-800.2437366,0,0.1445477231,0,11.57126259,0,1.578518965,0,-0.02530196785,0,-0.03358763091,0,0.0174553035,0,-0.008116480877,0,0.1355802758,0,11.67843483,-0.6854041152,0,0,0.6140593696,0
17.71,214.1394919,0,-800.244768,0,0.1442943013,0,11.57094044,0,1.578691143,0,-0.02538200617,0,-0.03084272408,0,0.01698009687,0,-0.007891134128,0,0.1355986127,0,11.67813891,-0.6854041152,0,0,0.6140593696,0
17.72,214.2562676,0,-800.2457676,0,0.1440400905,0,11.57064573,0,1.578858565,0,-0.02545978958,0,-0.02810134371,0,0.01650419115,0,-0.007665503663,0,0.1356162295,0,11.67786954,-0.6854041152,0,0,0.6140593696,0
17.73,214.373041,0,-800.2467354,0,0.1437851131,0,11.5703784,0,1.579021224,0,-0.02553531537,0,-0.02536371242,0,0.01602763391,0,-0.007439610699,0,0.1356331257,0,11.67762666,-0.6854041152,0,0,0.6140593696,0
17.74,214.4898125,0,-800.2476715,0,0.1435293917,0,11.57013844,0,1.579179116,0,-0.02560858099,0,-0.02263005206,0,0.01555047275,0,-0.007213476436,0,0.1356493013,0,11.67741025,-0.6854041152,0,0,0.6140593696,0
17.75,214.6065821,0,-800.2485758,0,0.143272949,0,11.56992579,0,1.579332232,0,-0.02567958416,0,-0.01990058366,0,0.0150727553,0,-0.006987122056,0,0.1356647559,0,11.67722026,-0.6854041152,0,0,0.6140593696,0
17.76,214.7233502,0,-800.2494483,0,0.1430158076,0,11.56974041,0,1.579480569,0,-0.02574832277,0,-0.01717552744,0,0.01459452919,0,-0.006760568723,0,0.1356794896,0,11.67705665,-0.6854041152,0,0,0.6140593696,0
17.77,214.840117,0,-800.2502891,0,0.1427579901,0,11.56958226,0,1.579624121,0,-0.02581479494,0,-0.01445510277,0,0.01411584208,0,-0.006533837583,0,0.1356935023,0,11.67691938,-0.6854041152,0,0,0.6140593696,0
17.78,214.9568828,0,-800.2510982,0,0.1424995192,0,11.56945129,0,1.579762884,0,-0.025878999,0,-0.01173952819,0,0.01363674164,0,-0.006306949763,0,0.135706794,0,11.67680838,-0.6854041152,0,0,0.6140593696,0
17.79,215.0736479,0,-800.2518755,0,0.1422404177,0,11.56934746,0,1.579896855,0,-0.02594093349,0,-0.009029021334,0,0.01315727556,0,-0.006079926376,0,0.1357193649,0,11.67672362,-0.6854041152,0,0,0.6140593696,0
17.8,215.1904124,0,-800.252621,0,0.1419807081,0,11.5692707,0,1.580026029,0,-0.02600059715,0,-0.006323798946,0,0.01267749152,0,-0.005852788513,0,0.1357312152,0,11.67666505,-0.6854041152,0,0,0.6140593696,0
17.81,215.3071767,0,-800.2533349,0,0.1417204133,0,11.56922096,0,1.580150404,0,-0.02605798895,0,-0.003624076858,0,0.0121974372,0,-0.005625557248,0,0.1357423452,0,11.6766326,-0.6854041152,0,0,0.6140593696,0
17.82,215.423941,0,-800.2540171,0,0.1414595559,0,11.5691982,0,1.580269977,0,-0.02611310805,0,-0.0009300699629,0,0.01171716028,0,-0.005398253635,0,0.1357527552,0,11.67662623,-0.6854041152,0,0,0.6140593696,0
17.83,215.5407055,0,-800.2546676,0,0.1411981587,0,11.56920234,0,1.580384746,0,-0.02616595385,0,0.0017580078,0,0.01123670844,0,-0.005170898706,0,0.1357624457,0,11.67664587,-0.6854041152,0,0,0.6140593696,0
17.84,215.6574705,0,-800.2552865,0,0.1409362444,0,11.56923333,0,1.580494711,0,-0.02621652593,0,0.004439943465,0,0.01075612933,0,-0.004943513474,0,0.1357714172,0,11.67669146,-0.6854041152,0,0,0.6140593696,0
17.85,215.7742363,0,-800.2558738,0,0.1406738358,0,11.56929112,0,1.580599869,0,-0.02626482409,0,0.007115525059,0,0.01027547058,0,-0.004716118927,0,0.1357796703,0,11.67676295,-0.6854041152,0,0,0.6140593696,0
17.86,215.8910031,0,-800.2564295,0,0.1404109555,0,11.56937562,0,1.58070022,0,-0.02631084834,0,0.009784541619,0,0.009794779804,0,-0.00448873603,0,0.1357872056,0,11.67686026,-0.6854041152,0,0,0.6140593696,0
17.87,216.0077711,0,-800.2569536,0,0.1401476264,0,11.56948679,0,1.580795764,0,-0.02635459892,0,0.01244678321,0,0.009314104567,0,-0.004261385724,0,0.1357940239,0,11.67698333,-0.6854041152,0,0,0.6140593696,0
17.88,216.1245406,0,-800.2574462,0,0.1398838711,0,11.56962454,0,1.580886502,0,-0.02639607624,0,0.01510204095,0,0.008833492406,0,-0.004034088921,0,0.1358001259,0,11.6771321,-0.6854041152,0,0,0.6140593696,0
17.89,216.2413119,0,-800.2579074,0,0.1396197124,0,11.5697888,0,1.580972434,0,-0.02643528094,0,0.01775010702,0,0.00835299081,0,-0.003806866505,0,0.1358055126,0,11.67730649,-0.6854041152,0,0,0.6140593696,0
17.9,216.3580851,0,-800.2583371,0,0.1393551731,0,11.56997951,0,1.581053563,0,-0.02647221389,0,0.02039077468,0,0.007872647214,0,-0.003579739331,0,0.1358101849,0,11.67750642,-0.6854041152,0,0,0.6140593696,0
17.91,216.4748606,0,-800.2587353,0,0.1390902757,0,11.57019659,0,1.581129888,0,-0.02650687612,0,0.0230238383,0,0.007392508997,0,-0.003352728221,0,0.1358141439,0,11.67773184,-0.6854041152,0,0,0.6140593696,0
17.92,216.5916386,0,-800.2591022,0,0.1388250431,0,11.57043996,0,1.581201414,0,-0.02653926891,0,0.02564909336,0,0.006912623469,0,-0.003125853965,0,0.1358173906,0,11.67798265,-0.6854041152,0,0,0.6140593696,0
17.93,216.7084193,0,-800.2594378,0,0.1385594979,0,11.57070955,0,1.581268142,0,-0.02656939372,0,0.02826633648,0,0.006433037871,0,-0.002899137315,0,0.1358199263,0,11.67825879,-0.6854041152,0,0,0.6140593696,0
17.94,216.825203,0,-800.2597421,0,0.1382936628,0,11.57100526,0,1.581330075,0,-0.02659725225,0,0.03087536545,0,0.005953799362,0,-0.002672598987,0,0.1358217521,0,11.67856017,-0.6854041152,0,0,0.6140593696,0
17.95,216.9419899,0,-800.2600152,0,0.1380275604,0,11.57132703,0,1.581387219,0,-0.02662284637,0,0.03347597921,0,0.005474955015,0,-0.002446259657,0,0.1358228694,0,11.67888671,-0.6854041152,0,0,0.6140593696,0
17.96,217.0587802,0,-800.2602571,0,0.1377612134,0,11.57167475,0,1.581439576,0,-0.02664617817,0,0.03606797789,0,0.00499655181,0,-0.002220139958,0,0.1358232796,0,11.67923832,-0.6854041152,0,0,0.6140593696,0
17.97,217.1755743,0,-800.2604679,0,0.1374946444,0,11.57204836,0,1.581487152,0,-0.02666724997,0,0.03865116286,0,0.004518636628,0,-0.001994260481,0,0.1358229841,0,11.67961492,-0.6854041152,0,0,0.6140593696,0
17.98,217.2923723,0,-800.2606476,0,0.1372278759,0,11.57244775,0,1.581529951,0,-0.02668606425,0,0.04122533666,0,0.00404125624,0,-0.001768641769,0,0.1358219845,0,11.68001643,-0.6854041152,0,0,0.6140593696,0
17.99,217.4091745,0,-800.2607963,0,0.1369609306,0,11.57287283,0,1.581567979,0,-0.02670262374,0,0.04379030311,0,0.003564457305,0,-0.001543304318,0,0.1358202825,0,11.68044275,-0.6854041152,0,0,0.6140593696,0
18,217.5259811,0,-800.2609141,0,0.136693831,0,11.57332352,0,1.581601242,0,-0.02671693135,0,0.04634586727,0,0.003088286356,0,-0.001318268572,0,0.1358178796,0,11.68089379,-0.6854041152,0,0,0.6140593696,0
18.01,217.6427923,0,-800.261001,0,0.1364265995,0,11.57379972,0,1.581629747,0,-0.02672899019,0,0.04889183547,0,0.002612789802,0,-0.001093554922,0,0.1358147776,0,11.68136947,-0.6854041152,0,0,0.6140593696,0
18.02,217.7596085,0,-800.261057,0,0.1361592586,0,11.57430133,0,1.5816535,0,-0.02673880359,0,0.05142801533,0,0.002138013911,0,-0.000869183704,0,0.1358109784,0,11.68186967,-0.6854041152,0,0,0.6140593696,0
18.03,217.8764298,0,-800.2610824,0,0.1358918309,0,11.57482825,0,1.581672509,0,-0.02674637507,0,0.05395421579,0,0.00166400481,0,-0.0006451751953,0,0.1358064839,0,11.68239431,-0.6854041152,0,0,0.6140593696,0
18.04,217.9932565,0,-800.261077,0,0.1356243386,0,11.57538038,0,1.581686783,0,-0.02675170837,0,0.05647024708,0,0.001190808477,0,-0.0004215496133,0,0.1358012959,0,11.68294329,-0.6854041152,0,0,0.6140593696,0
18.05,218.1100887,0,-800.261041,0,0.1353568042,0,11.57595762,0,1.581696328,0,-0.02675480741,0,0.05897592078,0,0.0007184707276,0,-0.0001983271123,0,0.1357954166,0,11.68351651,-0.6854041152,0,0,0.6140593696,0
18.06,218.2269268,0,-800.2609745,0,0.1350892499,0,11.57655986,0,1.581701155,0,-0.02675567632,0,0.06147104983,0,0.0002470372165,0,2.44722186e-05,0,0.135788848,0,11.68411386,-0.6854041152,0,0,0.6140593696,0
18.07,218.343771,0,-800.2608776,0,0.1348216981,0,11.577187,0,1.581701272,0,-0.02675431944,0,0.06395544853,0,-0.0002234465755,0,0.0002468283584,0,0.1357815922,0,11.68473525,-0.6854041152,0,0,0.6140593696,0
18.08,218.4606215,0,-800.2607502,0,0.1345541709,0,11.57783893,0,1.58169669,0,-0.0267507413,0,0.06642893255,0,-0.0006929353464,0,0.0004687213564,0,0.1357736516,0,11.68538056,-0.6854041152,0,0,0.6140593696,0
18.09,218.5774785,0,-800.2605926,0,0.1342866906,0,11.57851554,0,1.581687417,0,-0.02674494662,0,0.06889131896,0,-0.00116138398,0,0.0006901313346,0,0.1357650284,0,11.68604969,-0.6854041152,0,0,0.6140593696,0
18.1,218.6943423,0,-800.2604048,0,0.1340192793,0,11.57921672,0,1.581673466,0,-0.02673694035,0,0.07134242624,0,-0.001628747555,0,0.0009110384906,0,0.135755725,0,11.68674252,-0.6854041152,0,0,0.6140593696,0
18.11,218.8112131,0,-800.2601868,0,0.1337519592,0,11.57994235,0,1.581654846,0,-0.0267267276,0,0.07378207431,0,-0.002094981347,0,0.0011314231,0,0.1357457438,0,11.68745896,-0.6854041152,0,0,0.6140593696,0
18.12,218.9280911,0,-800.2599387,0,0.1334847521,0,11.58069232,0,1.58163157,0,-0.02671431369,0,0.0762100845,0,-0.002560040842,0,0.001351265519,0,0.1357350874,0,11.68819888,-0.6854041152,0,0,0.6140593696,0
18.13,219.0449766,0,-800.2596608,0,0.1332176802,0,11.58146652,0,1.581603649,0,-0.02669970416,0,0.07862627962,0,-0.003023881739,0,0.001570546186,0,0.1357237582,0,11.68896218,-0.6854041152,0,0,0.6140593696,0
18.14,219.1618697,0,-800.2593529,0,0.1329507653,0,11.58226481,0,1.581571096,0,-0.02668290471,0,0.08103048392,0,-0.003486459956,0,0.001789245626,0,0.1357117589,0,11.68974872,-0.6854041152,0,0,0.6140593696,0
18.15,219.2787707,0,-800.2590153,0,0.1326840294,0,11.58308708,0,1.581533924,0,-0.02666392125,0,0.08342252315,0,-0.003947731641,0,0.002007344451,0,0.1356990922,0,11.69055841,-0.6854041152,0,0,0.6140593696,0
18.16,219.3956799,0,-800.258648,0,0.1324174942,0,11.58393322,0,1.581492146,0,-0.02664275989,0,0.08580222453,0,-0.004407653175,0,0.002224823365,0,0.1356857609,0,11.69139112,-0.6854041152,0,0,0.6140593696,0
18.17,219.5125974,0,-800.2582511,0,0.1321511814,0,11.58480309,0,1.581445776,0,-0.02661942691,0,0.08816941682,0,-0.00486618118,0,0.002441663165,0,0.1356717678,0,11.69224672,-0.6854041152,0,0,0.6140593696,0
18.18,219.6295234,0,-800.2578247,0,0.1318851129,0,11.58569656,0,1.581394827,0,-0.02659392882,0,0.09052393026,0,-0.005323272526,0,0.002657844741,0,0.1356571157,0,11.6931251,-0.6854041152,0,0,0.6140593696,0
18.19,219.7464583,0,-800.257369,0,0.1316193101,0,11.58661352,0,1.581339315,0,-0.02656627228,0,0.09286559666,0,-0.005778884335,0,0.002873349084,0,0.1356418077,0,11.69402612,-0.6854041152,0,0,0.6140593696,0
18.2,219.8634021,0,-800.256884,0,0.1313537946,0,11.58755383,0,1.581279255,0,-0.02653646416,0,0.09519424933,0,-0.006232973991,0,0.003088157285,0,0.1356258466,0,11.69494968,-0.6854041152,0,0,0.6140593696,0
18.21,219.9803552,0,-800.2563698,0,0.1310885879,0,11.58851736,0,1.581214661,0,-0.02650451152,0,0.09750972318,0,-0.006685499145,0,0.003302250538,0,0.1356092357,0,11.69589563,-0.6854041152,0,0,0.6140593696,0
18.22,220.0973177,0,-800.2558266,0,0.1308237115,0,11.58950398,0,1.58114555,0,-0.02647042159,0,0.09981185465,0,-0.007136417719,0,0.003515610141,0,0.1355919779,0,11.69686385,-0.6854041152,0,0,0.6140593696,0
18.23,220.2142899,0,-800.2552544,0,0.1305591866,0,11.59051356,0,1.581071938,0,-0.02643420182,0,0.1021004818,0,-0.007585687917,0,0.003728217503,0,0.1355740766,0,11.6978542,-0.6854041152,0,0,0.6140593696,0
18.24,220.3312719,0,-800.2546533,0,0.1302950345,0,11.59154595,0,1.580993842,0,-0.02639585981,0,0.1043754442,0,-0.008033268226,0,0.00394005414,0,0.1355555349,0,11.69886657,-0.6854041152,0,0,0.6140593696,0
18.25,220.4482641,0,-800.2540236,0,0.1300312764,0,11.59260102,0,1.580911279,0,-0.02635540337,0,0.1066365832,0,-0.008479117425,0,0.004151101682,0,0.1355363562,0,11.69990081,-0.6854041152,0,0,0.6140593696,0
18.26,220.5652665,0,-800.2533652,0,0.1297679335,0,11.59367863,0,1.580824266,0,-0.02631284047,0,0.1088837415,0,-0.008923194589,0,0.004361341876,0,0.1355165438,0,11.70095678,-0.6854041152,0,0,0.6140593696,0
18.27,220.6822794,0,-800.2526783,0,0.1295050266,0,11.59477865,0,1.580732821,0,-0.02626817928,0,0.1111167636,0,-0.009365459099,0,0.004570756584,0,0.1354961011,0,11.70203436,-0.6854041152,0,0,0.6140593696,0
18.28,220.799303,0,-800.2519631,0,0.1292425769,0,11.59590092,0,1.580636963,0,-0.02622142815,0,0.1133354957,0,-0.009805870641,0,0.004779327789,0,0.1354750317,0,11.7031334,-0.6854041152,0,0,0.6140593696,0
18.29,220.9163376,0,-800.2512196,0,0.128980605,0,11.59704531,0,1.58053671,0,-0.0261725956,0,0.1155397855,0,-0.01024438922,0,0.004987037595,0,0.135453339,0,11.70425376,-0.6854041152,0,0,0.6140593696,0
18.3,221.0333833,0,-800.250448,0,0.1287191319,0,11.59821167,0,1.580432081,0,-0.02612169033,0,0.1177294823,0,-0.01068097516,0,0.005193868233,0,0.1354310267,0,11.70539531,-0.6854041152,0,0,0.6140593696,0
18.31,221.1504403,0,-800.2496484,0,0.1284581781,0,11.59939985,0,1.580323097,0,-0.02606872122,0,0.1199044374,0,-0.0111155891,0,0.005399802059,0,0.1354080984,0,11.7065579,-0.6854041152,0,0,0.6140593696,0
18.32,221.2675089,0,-800.2488209,0,0.1281977643,0,11.60060971,0,1.580209776,0,-0.02601369734,0,0.1220645033,0,-0.01154819203,0,0.005604821556,0,0.1353845577,0,11.70774139,-0.6854041152,0,0,0.6140593696,0
18.33,221.3845892,0,-800.2479656,0,0.1279379109,0,11.60184109,0,1.58009214,0,-0.0259566279,0,0.1242095346,0,-0.01197874527,0,0.005808909342,0,0.1353604086,0,11.70894563,-0.6854041152,0,0,0.6140593696,0
18.34,221.5016814,0,-800.2470827,0,0.1276786385,0,11.60309385,0,1.579970208,0,-0.02589752231,0,0.1263393873,0,-0.01240721046,0,0.006012048165,0,0.1353356547,0,11.71017048,-0.6854041152,0,0,0.6140593696,0
18.35,221.6187858,0,-800.2461724,0,0.1274199673,0,11.60436783,0,1.579844003,0,-0.02583639016,0,0.1284539194,0,-0.01283354963,0,0.006214220911,0,0.1353102999,0,11.71141579,-0.6854041152,0,0,0.6140593696,0
18.36,221.7359025,0,-800.2452346,0,0.1271619174,0,11.60566287,0,1.579713544,0,-0.02577324117,0,0.1305529903,0,-0.01325772511,0,0.006415410602,0,0.1352843481,0,11.7126814,-0.6854041152,0,0,0.6140593696,0
18.37,221.8530317,0,-800.2442697,0,0.1269045091,0,11.60697883,0,1.579578856,0,-0.02570808528,0,0.1326364613,0,-0.01367969962,0,0.0066156004,0,0.1352578033,0,11.71396718,-0.6854041152,0,0,0.6140593696,0
18.38,221.9701737,0,-800.2432777,0,0.1266477624,0,11.60831555,0,1.579439958,0,-0.02564093256,0,0.1347041954,0,-0.01409943625,0,0.00681477361,0,0.1352306696,0,11.71527296,-0.6854041152,0,0,0.6140593696,0
18.39,222.0873286,0,-800.2422588,0,0.1263916971,0,11.60967286,0,1.579296874,0,-0.02557179325,0,0.1367560573,0,-0.01451689843,0,0.007012913677,0,0.1352029509,0,11.7165986,-0.6854041152,0,0,0.6140593696,0
18.4,222.2044967,0,-800.241213,0,0.1261363331,0,11.61105062,0,1.579149628,0,-0.02550067778,0,0.1387919136,0,-0.01493204997,0,0.007210004197,0,0.1351746513,0,11.71794393,-0.6854041152,0,0,0.6140593696,0
18.41,222.321678,0,-800.2401406,0,0.1258816901,0,11.61244865,0,1.578998241,0,-0.02542759672,0,0.1408116323,0,-0.01534485506,0,0.007406028911,0,0.1351457751,0,11.71930881,-0.6854041152,0,0,0.6140593696,0
18.42,222.4388728,0,-800.2390417,0,0.1256277877,0,11.6138668,0,1.578842739,0,-0.02535256081,0,0.1428150837,0,-0.01575527828,0,0.007600971708,0,0.1351163265,0,11.72069308,-0.6854041152,0,0,0.6140593696,0
18.43,222.5560814,0,-800.2379165,0,0.1253746454,0,11.6153049,0,1.578683144,0,-0.02527558095,0,0.1448021393,0,-0.01616328456,0,0.007794816633,0,0.1350863097,0,11.72209658,-0.6854041152,0,0,0.6140593696,0
18.44,222.6733038,0,-800.236765,0,0.1251222825,0,11.61676278,0,1.578519481,0,-0.02519666819,0,0.1467726727,0,-0.01656883926,0,0.00798754788,0,0.1350557289,0,11.72351915,-0.6854041152,0,0,0.6140593696,0
18.45,222.7905402,0,-800.2355875,0,0.1248707184,0,11.61824029,0,1.578351775,0,-0.02511583375,0,0.1487265592,0,-0.0169719081,0,0.008179149801,0,0.1350245886,0,11.72496063,-0.6854041152,0,0,0.6140593696,0
18.46,222.907791,0,-800.234384,0,0.1246199722,0,11.61973726,0,1.578180051,0,-0.02503308901,0,0.1506636761,0,-0.01737245723,0,0.008369606905,0,0.1349928932,0,11.72642086,-0.6854041152,0,0,0.6140593696,0
18.47,223.0250561,0,-800.2331548,0,0.1243700629,0,11.62125351,0,1.578004335,0,-0.02494844548,0,0.152583902,0,-0.01777045316,0,0.008558903859,0,0.1349606469,0,11.72789968,-0.6854041152,0,0,0.6140593696,0
18.48,223.1423359,0,-800.2319,0,0.1241210096,0,11.62278888,0,1.577824651,0,-0.02486191485,0,0.1544871178,0,-0.01816586284,0,0.00874702549,0,0.1349278545,0,11.72939692,-0.6854041152,0,0,0.6140593696,0
18.49,223.2596304,0,-800.2306198,0,0.1238728309,0,11.6243432,0,1.577641026,0,-0.02477350894,0,0.156373206,0,-0.01855865362,0,0.008933956789,0,0.1348945203,0,11.73091241,-0.6854041152,0,0,0.6140593696,0
18.5,223.3769399,0,-800.2293142,0,0.1236255456,0,11.62591629,0,1.577453487,0,-0.02468323973,0,0.1582420509,0,-0.01894879324,0,0.009119682911,0,0.1348606489,0,11.73244599,-0.6854041152,0,0,0.6140593696,0
18.51,223.4942646,0,-800.2279836,0,0.1233791723,0,11.62750798,0,1.577262059,0,-0.02459111935,0,0.1600935385,0,-0.01933624988,0,0.009304189175,0,0.134826245,0,11.7339975,-0.6854041152,0,0,0.6140593696,0
18.52,223.6116045,0,-800.2266279,0,0.1231337294,0,11.6291181,0,1.577066771,0,-0.02449716006,0,0.161927557,0,-0.01972099214,0,0.009487461068,0,0.1347913131,0,11.73556677,-0.6854041152,0,0,0.6140593696,0
18.53,223.72896,0,-800.2252475,0,0.1228892352,0,11.63074647,0,1.576867648,0,-0.02440137429,0,0.163743996,0,-0.02010298902,0,0.009669484246,0,0.1347558579,0,11.73715362,-0.6854041152,0,0,0.6140593696,0
18.54,223.8463311,0,-800.2238424,0,0.1226457079,0,11.63239292,0,1.57666472,0,-0.02430377459,0,0.1655427473,0,-0.02048220997,0,0.009850244536,0,0.1347198842,0,11.73875789,-0.6854041152,0,0,0.6140593696,0
18.55,223.9637181,0,-800.2224129,0,0.1224031657,0,11.63405727,0,1.576458014,0,-0.02420437366,0,0.1673237042,0,-0.02085862485,0,0.01002972794,0,0.1346833968,0,11.7403794,-0.6854041152,0,0,0.6140593696,0
18.56,224.0811211,0,-800.2209591,0,0.1221616264,0,11.63573934,0,1.576247557,0,-0.02410318433,0,0.169086762,0,-0.02123220397,0,0.01020792062,0,0.1346464004,0,11.74201798,-0.6854041152,0,0,0.6140593696,0
18.57,224.1985402,0,-800.2194811,0,0.1219211079,0,11.63743894,0,1.576033379,0,-0.02400021959,0,0.170831818,0,-0.02160291806,0,0.01038480892,0,0.1346088998,0,11.74367346,-0.6854041152,0,0,0.6140593696,0
18.58,224.3159757,0,-800.2179792,0,0.1216816279,0,11.63915591,0,1.575815508,0,-0.02389549255,0,0.1725587711,0,-0.02197073829,0,0.01056037938,0,0.1345708999,0,11.74534567,-0.6854041152,0,0,0.6140593696,0
18.59,224.4334277,0,-800.2164535,0,0.1214432039,0,11.64089006,0,1.575593974,0,-0.02378901644,0,0.1742675222,0,-0.02233563627,0,0.01073461868,0,0.1345324056,0,11.74703442,-0.6854041152,0,0,0.6140593696,0
18.6,224.5508963,0,-800.2149042,0,0.1212058533,0,11.6426412,0,1.575368805,0,-0.02368080466,0,0.1759579739,0,-0.02269758406,0,0.01090751371,0,0.1344934219,0,11.74873955,-0.6854041152,0,0,0.6140593696,0
18.61,224.6683818,0,-800.2133314,0,0.1209695935,0,11.64440916,0,1.575140032,0,-0.02357087069,0,0.1776300309,0,-0.02305655416,0,0.01107905152,0,0.1344539537,0,11.75046087,-0.6854041152,0,0,0.6140593696,0
18.62,224.7858842,0,-800.2117354,0,0.1207344416,0,11.64619374,0,1.574907684,0,-0.02345922819,0,0.1792835996,0,-0.02341251951,0,0.01124921936,0,0.1344140061,0,11.75219821,-0.6854041152,0,0,0.6140593696,0
18.63,224.9034038,0,-800.2101163,0,0.1205004146,0,11.64799477,0,1.574671792,0,-0.02334589092,0,0.1809185883,0,-0.02376545351,0,0.01141800464,0,0.134373584,0,11.75395139,-0.6854041152,0,0,0.6140593696,0
18.64,225.0209407,0,-800.2084742,0,0.1202675294,0,11.64981205,0,1.574432386,0,-0.02323087275,0,0.1825349072,0,-0.02411533001,0,0.01158539497,0,0.1343326925,0,11.75572023,-0.6854041152,0,0,0.6140593696,0
18.65,225.138495,0,-800.2068095,0,0.1200358027,0,11.6516454,0,1.574189496,0,-0.02311418771,0,0.1841324683,0,-0.0244621233,0,0.01175137814,0,0.1342913367,0,11.75750455,-0.6854041152,0,0,0.6140593696,0
18.66,225.2560669,0,-800.2051222,0,0.1198052512,0,11.65349464,0,1.573943153,0,-0.02299584992,0,0.1857111855,0,-0.02480580816,0,0.01191594212,0,0.1342495217,0,11.75930416,-0.6854041152,0,0,0.6140593696,0
18.67,225.3736566,0,-800.2034126,0,0.1195758912,0,11.65535956,0,1.57369339,0,-0.02287587363,0,0.1872709745,0,-0.02514635979,0,0.01207907508,0,0.1342072528,0,11.76111888,-0.6854041152,0,0,0.6140593696,0
18.68,225.4912642,0,-800.2016808,0,0.1193477391,0,11.65723999,0,1.573440237,0,-0.02275427323,0,0.1888117532,0,-0.02548375388,0,0.01224076536,0,0.134164535,0,11.76294854,-0.6854041152,0,0,0.6140593696,0
18.69,225.6088898,0,-800.199927,0,0.1191208111,0,11.65913573,0,1.573183725,0,-0.02263106317,0,0.190333441,0,-0.02581796654,0,0.0124010015,0,0.1341213736,0,11.76479295,-0.6854041152,0,0,0.6140593696,0
18.7,225.7265336,0,-800.1981514,0,0.1188951232,0,11.6610466,0,1.572923888,0,-0.02250625808,0,0.1918359593,0,-0.0261489744,0,0.01255977224,0,0.1340777738,0,11.76665192,-0.6854041152,0,0,0.6140593696,0
18.71,225.8441958,0,-800.1963542,0,0.1186706912,0,11.66297239,0,1.572660757,0,-0.02237987265,0,0.1933192315,0,-0.0264767545,0,0.01271706648,0,0.1340337408,0,11.76852526,-0.6854041152,0,0,0.6140593696,0
18.72,225.9618764,0,-800.1945356,0,0.1184475309,0,11.66491292,0,1.572394364,0,-0.02225192171,0,0.1947831827,0,-0.02680128437,0,0.01287287335,0,0.13398928,0,11.7704128,-0.6854041152,0,0,0.6140593696,0
18.73,226.0795756,0,-800.1926958,0,0.1182256579,0,11.66686799,0,1.572124742,0,-0.02212242018,0,0.19622774,0,-0.02712254202,0,0.01302718213,0,0.1339443967,0,11.77231434,-0.6854041152,0,0,0.6140593696,0
18.74,226.1972936,0,-800.1908349,0,0.1180050876,0,11.66883741,0,1.571851924,0,-0.0219913831,0,0.1976528324,0,-0.02744050589,0,0.01317998233,0,0.1338990962,0,11.77422969,-0.6854041152,0,0,0.6140593696,0
18.75,226.3150305,0,-800.1889532,0,0.1177858353,0,11.67082098,0,1.571575943,0,-0.0218588256,0,0.1990583907,0,-0.02775515493,0,0.01333126363,0,0.1338533838,0,11.77615868,-0.6854041152,0,0,0.6140593696,0
18.76,226.4327865,0,-800.1870509,0,0.1175679161,0,11.67281851,0,1.571296832,0,-0.02172476292,0,0.2004443475,0,-0.02806646853,0,0.01348101591,0,0.1338072649,0,11.77810111,-0.6854041152,0,0,0.6140593696,0
18.77,226.5505615,0,-800.1851281,0,0.117351345,0,11.6748298,0,1.571014625,0,-0.02158921041,0,0.2018106376,0,-0.02837442656,0,0.01362922926,0,0.133760745,0,11.78005678,-0.6854041152,0,0,0.6140593696,0
18.78,226.6683559,0,-800.183185,0,0.1171361368,0,11.67685466,0,1.570729355,0,-0.0214521835,0,0.2031571974,0,-0.02867900936,0,0.01377589394,0,0.1337138293,0,11.78202552,-0.6854041152,0,0,0.6140593696,0
18.79,226.7861697,0,-800.1812219,0,0.1169223062,0,11.67889288,0,1.570441056,0,-0.02131369772,0,0.2044839652,0,-0.02898019775,0,0.01392100042,0,0.1336665235,0,11.78400713,-0.6854041152,0,0,0.6140593696,0
18.8,226.9040031,0,-800.179239,0,0.1167098677,0,11.68094427,0,1.570149762,0,-0.02117376871,0,0.2057908813,0,-0.029277973,0,0.01406453937,0,0.1336188329,0,11.78600141,-0.6854041152,0,0,0.6140593696,0
18.81,227.0218561,0,-800.1772364,0,0.1164988356,0,11.68300863,0,1.569855508,0,-0.02103241219,0,0.2070778878,0,-0.02957231689,0,0.01420650165,0,0.1335707629,0,11.78800818,-0.6854041152,0,0,0.6140593696,0
18.82,227.1397289,0,-800.1752144,0,0.1162892242,0,11.68508576,0,1.569558327,0,-0.02088964397,0,0.2083449288,0,-0.02986321162,0,0.01434687833,0,0.1335223192,0,11.79002725,-0.6854041152,0,0,0.6140593696,0
18.83,227.2576217,0,-800.1731731,0,0.1160810474,0,11.68717546,0,1.569258255,0,-0.02074547994,0,0.20959195,0,-0.03015063992,0,0.01448566065,0,0.1334735071,0,11.79205842,-0.6854041152,0,0,0.6140593696,0
18.84,227.3755345,0,-800.1711128,0,0.1158743192,0,11.68927753,0,1.568955326,0,-0.0205999361,0,0.2108188994,0,-0.03043458495,0,0.01462284007,0,0.1334243323,0,11.79410149,-0.6854041152,0,0,0.6140593696,0
18.85,227.4934674,0,-800.1690336,0,0.1156690532,0,11.69139177,0,1.568649575,0,-0.02045302851,0,0.2120257264,0,-0.03071503035,0,0.01475840826,0,0.1333748002,0,11.79615628,-0.6854041152,0,0,0.6140593696,0
18.86,227.6114206,0,-800.1669359,0,0.1154652631,0,11.69351798,0,1.568341037,0,-0.02030477333,0,0.2132123826,0,-0.03099196026,0,0.01489235705,0,0.1333249164,0,11.79822259,-0.6854041152,0,0,0.6140593696,0
18.87,227.7293943,0,-800.1648197,0,0.1152629622,0,11.69565595,0,1.568029748,0,-0.02015518679,0,0.2143788214,0,-0.03126535927,0,0.01502467852,0,0.1332746864,0,11.80030023,-0.6854041152,0,0,0.6140593696,0
18.88,227.8473884,0,-800.1626853,0,0.1150621637,0,11.69780549,0,1.567715742,0,-0.02000428521,0,0.215524998,0,-0.03153521243,0,0.0151553649,0,0.133224116,0,11.80238899,-0.6854041152,0,0,0.6140593696,0
18.89,227.9654032,0,-800.1605329,0,0.1148628808,0,11.69996639,0,1.567399055,0,-0.01985208497,0,0.2166508695,0,-0.0318015053,0,0.01528440866,0,0.1331732105,0,11.80448869,-0.6854041152,0,0,0.6140593696,0
18.9,228.0834386,0,-800.1583627,0,0.1146651263,0,11.70213844,0,1.567079724,0,-0.01969860254,0,0.2177563949,0,-0.03206422387,0,0.01541180244,0,0.1331219756,0,11.80659912,-0.6854041152,0,0,0.6140593696,0
18.91,228.201495,0,-800.156175,0,0.114468913,0,11.70432145,0,1.566757783,0,-0.01954385444,0,0.2188415351,0,-0.03232335462,0,0.0155375391,0,0.133070417,0,11.8087201,-0.6854041152,0,0,0.6140593696,0
18.92,228.3195722,0,-800.1539699,0,0.1142742534,0,11.7065152,0,1.566433269,0,-0.0193878573,0,0.2199062527,0,-0.03257888452,0,0.01566161169,0,0.1330185403,0,11.81085142,-0.6854041152,0,0,0.6140593696,0
18.93,228.4376705,0,-800.1517476,0,0.1140811599,0,11.7087195,0,1.566106217,0,-0.01923062778,0,0.2209505122,0,-0.03283080098,0,0.01578401346,0,0.1329663511,0,11.81299289,-0.6854041152,0,0,0.6140593696,0
18.94,228.55579,0,-800.1495084,0,0.1138896449,0,11.71093414,0,1.565776665,0,-0.01907218262,0,0.2219742801,0,-0.03307909188,0,0.01590473786,0,0.1329138549,0,11.81514431,-0.6854041152,0,0,0.6140593696,0
18.95,228.6739307,0,-800.1472525,0,0.1136997203,0,11.71315892,0,1.565444647,0,-0.01891253863,0,0.2229775245,0,-0.03332374558,0,0.01602377856,0,0.1328610576,0,11.81730548,-0.6854041152,0,0,0.6140593696,0
18.96,228.7920927,0,-800.14498,0,0.1135113981,0,11.71539363,0,1.565110202,0,-0.01875171268,0,0.2239602157,0,-0.03356475091,0,0.01614112939,0,0.1328079646,0,11.8194762,-0.6854041152,0,0,0.6140593696,0
18.97,228.9102762,0,-800.1426913,0,0.1133246899,0,11.71763806,0,1.564773365,0,-0.0185897217,0,0.2249223254,0,-0.03380209715,0,0.01625678441,0,0.1327545818,0,11.82165628,-0.6854041152,0,0,0.6140593696,0
18.98,229.0284813,0,-800.1403865,0,0.1131396074,0,11.719892,0,1.564434172,0,-0.01842658267,0,0.2258638275,0,-0.03403577406,0,0.01637073788,0,0.1327009147,0,11.82384552,-0.6854041152,0,0,0.6140593696,0
18.99,229.1467079,0,-800.1380659,0,0.112956162,0,11.72215526,0,1.564092661,0,-0.01826231263,0,0.2267846975,0,-0.03426577185,0,0.01648298425,0,0.132646969,0,11.82604371,-0.6854041152,0,0,0.6140593696,0
19,229.2649563,0,-800.1357296,0,0.1127743649,0,11.72442763,0,1.563748869,0,-0.01809692869,0,0.2276849129,0,-0.0344920812,0,0.01659351817,0,0.1325927503,0,11.82825066,-0.6854041152,0,0,0.6140593696,0
19.01,229.3832265,0,-800.1333779,0,0.1125942271,0,11.72670889,0,1.563402832,0,-0.01793044799,0,0.2285644528,0,-0.03471469325,0,0.01670233449,0,0.1325382645,0,11.83046617,-0.6854041152,0,0,0.6140593696,0
19.02,229.5015186,0,-800.131011,0,0.1124157595,0,11.72899885,0,1.563054588,0,-0.01776288774,0,0.2294232984,0,-0.03493359959,0,0.01680942825,0,0.1324835171,0,11.83269004,-0.6854041152,0,0,0.6140593696,0
19.03,229.6198327,0,-800.1286292,0,0.1122389729,0,11.73129729,0,1.562704172,0,-0.01759426519,0,0.2302614325,0,-0.03514879228,0,0.01691479472,0,0.1324285137,0,11.83492207,-0.6854041152,0,0,0.6140593696,0
19.04,229.7381688,0,-800.1262326,0,0.1120638777,0,11.73360401,0,1.562351624,0,-0.01742459762,0,0.2310788398,0,-0.03536026383,0,0.01701842933,0,0.1323732602,0,11.83716206,-0.6854041152,0,0,0.6140593696,0
19.05,229.8565271,0,-800.1238215,0,0.1118904844,0,11.7359188,0,1.56199698,0,-0.01725390239,0,0.2318755068,0,-0.0355680072,0,0.01712032774,0,0.1323177622,0,11.83940981,-0.6854041152,0,0,0.6140593696,0
19.06,229.9749077,0,-800.1213961,0,0.111718803,0,11.73824145,0,1.561640276,0,-0.01708219687,0,0.2326514217,0,-0.03577201581,0,0.01722048578,0,0.1322620253,0,11.84166511,-0.6854041152,0,0,0.6140593696,0
19.07,230.0933105,0,-800.1189566,0,0.1115488437,0,11.74057176,0,1.561281552,0,-0.01690949849,0,0.2334065746,0,-0.03597228351,0,0.01731889949,0,0.1322060553,0,11.84392778,-0.6854041152,0,0,0.6140593696,0
19.08,230.2117357,0,-800.1165033,0,0.1113806163,0,11.74290951,0,1.560920843,0,-0.0167358247,0,0.2341409573,0,-0.03616880463,0,0.01741556511,0,0.1321498578,0,11.8461976,-0.6854041152,0,0,0.6140593696,0
19.09,230.3301834,0,-800.1140363,0,0.1112141304,0,11.74525451,0,1.560558188,0,-0.01656119302,0,0.2348545635,0,-0.03636157393,0,0.01751047908,0,0.1320934385,0,11.84847439,-0.6854041152,0,0,0.6140593696,0
19.1,230.4486536,0,-800.1115559,0,0.1110493956,0,11.74760653,0,1.560193624,0,-0.01638562097,0,0.2355473886,0,-0.0365505866,0,0.01760363802,0,0.1320368031,0,11.85075793,-0.6854041152,0,0,0.6140593696,0
19.11,230.5671463,0,-800.1090624,0,0.1108864211,0,11.74996538,0,1.559827189,0,-0.01620912612,0,0.2362194297,0,-0.03673583829,0,0.01769503875,0,0.1319799572,0,11.85304802,-0.6854041152,0,0,0.6140593696,0
19.12,230.6856618,0,-800.1065559,0,0.1107252161,0,11.75233085,0,1.55945892,0,-0.01603172607,0,0.2368706858,0,-0.03691732509,0,0.0177846783,0,0.1319229066,0,11.85534447,-0.6854041152,0,0,0.6140593696,0
19.13,230.8042,0,-800.1040367,0,0.1105657895,0,11.75470273,0,1.559088855,0,-0.01585343844,0,0.2375011576,0,-0.03709504352,0,0.01787255387,0,0.1318656568,0,11.85764708,-0.6854041152,0,0,0.6140593696,0
19.14,230.922761,0,-800.1015051,0,0.1104081502,0,11.75708081,0,1.558717032,0,-0.01567428088,0,0.2381108476,0,-0.03726899052,0,0.01795866287,0,0.1318082136,0,11.85995564,-0.6854041152,0,0,0.6140593696,0
19.15,231.0413448,0,-800.0989611,0,0.1102523068,0,11.75946488,0,1.558343488,0,-0.01549427107,0,0.2386997598,0,-0.0374391635,0,0.0180430029,0,0.1317505826,0,11.86226996,-0.6854041152,0,0,0.6140593696,0
19.16,231.1599516,0,-800.0964052,0,0.1100982676,0,11.76185473,0,1.557968261,0,-0.01531342672,0,0.2392679002,0,-0.03760556027,0,0.01812557175,0,0.1316927694,0,11.86458983,-0.6854041152,0,0,0.6140593696,0
19.17,231.2785813,0,-800.0938374,0,0.1099460409,0,11.76425017,0,1.557591389,0,-0.01513176555,0,0.2398152765,0,-0.03776817906,0,0.01820636741,0,0.1316347797,0,11.86691505,-0.6854041152,0,0,0.6140593696,0
19.18,231.3972341,0,-800.0912581,0,0.1097956349,0,11.76665097,0,1.55721291,0,-0.01494930529,0,0.2403418979,0,-0.03792701857,0,0.01828538803,0,0.1315766192,0,11.86924543,-0.6854041152,0,0,0.6140593696,0
19.19,231.5159099,0,-800.0886674,0,0.1096470574,0,11.76905693,0,1.556832861,0,-0.01476606371,0,0.2408477757,0,-0.03808207786,0,0.01836263199,0,0.1315182933,0,11.87158076,-0.6854041152,0,0,0.6140593696,0
19.2,231.6346089,0,-800.0860656,0,0.1095003162,0,11.77146785,0,1.556451281,0,-0.01458205858,0,0.2413329226,0,-0.03823335646,0,0.01843809784,0,0.1314598079,0,11.87392084,-0.6854041152,0,0,0.6140593696,0
19.21,231.7533311,0,-800.083453,0,0.1093554188,0,11.77388352,0,1.556068207,0,-0.01439730769,0,0.241797353,0,-0.03838085429,0,0.01851178431,0,0.1314011684,0,11.87626547,-0.6854041152,0,0,0.6140593696,0
19.22,231.8720765,0,-800.0808297,0,0.1092123725,0,11.77630373,0,1.555683677,0,-0.01421182883,0,0.2422410832,0,-0.03852457169,0,0.01858369033,0,0.1313423804,0,11.87861445,-0.6854041152,0,0,0.6140593696,0
19.23,231.9908452,0,-800.078196,0,0.1090711846,0,11.77872828,0,1.555297728,0,-0.01402563982,0,0.242664131,0,-0.03866450941,0,0.01865381502,0,0.1312834496,0,11.88096759,-0.6854041152,0,0,0.6140593696,0
19.24,232.1096373,0,-800.0755522,0,0.108931862,0,11.78115695,0,1.554910399,0,-0.01383875847,0,0.2430665159,0,-0.03880066861,0,0.01872215766,0,0.1312243816,0,11.88332468,-0.6854041152,0,0,0.6140593696,0
19.25,232.2284527,0,-800.0728984,0,0.1087944116,0,11.78358954,0,1.554521727,0,-0.0136512026,0,0.2434482592,0,-0.03893305085,0,0.01878871775,0,0.1311651818,0,11.88568552,-0.6854041152,0,0,0.6140593696,0
19.26,232.3472915,0,-800.0702349,0,0.1086588401,0,11.78602584,0,1.554131751,0,-0.01346299006,0,0.2438093837,0,-0.03906165809,0,0.01885349495,0,0.1311058558,0,11.88804991,-0.6854041152,0,0,0.6140593696,0
19.27,232.4661538,0,-800.0675619,0,0.108525154,0,11.78846566,0,1.553740507,0,-0.01327413865,0,0.2441499139,0,-0.03918649269,0,0.0189164891,0,0.1310464093,0,11.89041766,-0.6854041152,0,0,0.6140593696,0
19.28,232.5850396,0,-800.0648796,0,0.1083933594,0,11.79090877,0,1.553348033,0,-0.01308466622,0,0.2444698761,0,-0.03930755742,0,0.01897770024,0,0.1309868476,0,11.89278856,-0.6854041152,0,0,0.6140593696,0
19.29,232.7039489,0,-800.0621884,0,0.1082634626,0,11.79335499,0,1.552954368,0,-0.01289459059,0,0.2447692979,0,-0.03942485541,0,0.01903712858,0,0.1309271764,0,11.89516242,-0.6854041152,0,0,0.6140593696,0
19.3,232.8228817,0,-800.0594884,0,0.1081354696,0,11.79580404,0,1.552559605,0,-0.01270392205,0,0.2450269716,0,-0.03951215841,0,0.01909813006,0,0.1308674063,0,11.89753901,-0.6854041152,0,0,0.6140593696,0
19.31,232.9418382,0,-800.0567799,0,0.1080093863,0,11.79825543,0,1.552164175,0,-0.01251263619,0,0.2452462691,0,-0.03957333275,0,0.01915839326,0,0.1308075789,0,11.89991785,-0.6854041152,0,0,0.6140593696,0
19.32,233.0608183,0,-800.054063,0,0.1078852188,0,11.8007089,0,1.551768151,0,-0.01232076676,0,0.2454453725,0,-0.03963092398,0,0.01921488319,0,0.1307477031,0,11.90229873,-0.6854041152,0,0,0.6140593696,0
19.33,233.179822,0,-800.0513381,0,0.1077629728,0,11.80316427,0,1.551371568,0,-0.01212835038,0,0.2456243417,0,-0.03968514522,0,0.0192678163,0,0.130687784,0,11.90468145,-0.6854041152,0,0,0.6140593696,0
19.34,233.2988493,0,-800.0486053,0,0.1076426535,0,11.80562132,0,1.550974458,0,-0.01193542162,0,0.2457832355,0,-0.03973618283,0,0.01931739261,0,0.1306278267,0,11.90706583,-0.6854041152,0,0,0.6140593696,0
19.35,233.4179004,0,-800.0458649,0,0.1075242659,0,11.80807987,0,1.550576854,0,-0.0117420131,0,0.2459221118,0,-0.03978419869,0,0.01936379667,0,0.1305678358,0,11.90945165,-0.6854041152,0,0,0.6140593696,0
19.36,233.5369751,0,-800.0431172,0,0.1074078147,0,11.8105397,0,1.550178784,0,-0.01154815569,0,0.2460410281,0,-0.03982933243,0,0.01940719852,0,0.1305078161,0,11.91183874,-0.6854041152,0,0,0.6140593696,0
19.37,233.6560736,0,-800.0403622,0,0.1072933042,0,11.81300062,0,1.549780277,0,-0.01135387861,0,0.2461400414,0,-0.03987170349,0,0.01944775449,0,0.1304477721,0,11.9142269,-0.6854041152,0,0,0.6140593696,0
19.38,233.7751958,0,-800.0376004,0,0.1071807385,0,11.81546243,0,1.549381359,0,-0.0111592096,0,0.2462192081,0,-0.03991141306,0,0.01948560815,0,0.1303877084,0,11.91661592,-0.6854041152,0,0,0.6140593696,0
19.39,233.8943417,0,-800.0348318,0,0.1070701212,0,11.81792494,0,1.548982057,0,-0.01096417501,0,0.2462785851,0,-0.0399485458,0,0.01952089106,0,0.1303276292,0,11.91900563,-0.6854041152,0,0,0.6140593696,0
19.4,234.0135114,0,-800.0320568,0,0.1069614561,0,11.82038794,0,1.548582396,0,-0.01076879994,0,0.2463182288,0,-0.03998317156,0,0.01955372359,0,0.1302675389,0,11.92139583,-0.6854041152,0,0,0.6140593696,0
19.41,234.1327049,0,-800.0292756,0,0.1068547463,0,11.82285124,0,1.548182402,0,-0.01057310834,0,0.2463381961,0,-0.04001534689,0,0.01958421565,0,0.1302074417,0,11.92378632,-0.6854041152,0,0,0.6140593696,0
19.42,234.2519222,0,-800.0264884,0,0.1067499949,0,11.82531464,0,1.547782097,0,-0.0103771231,0,0.2463385441,0,-0.04004511644,0,0.01961246743,0,0.1301473417,0,11.92617691,-0.6854041152,0,0,0.6140593696,0
19.43,234.3711632,0,-800.0236954,0,0.1066472047,0,11.82777794,0,1.547381507,0,-0.01018086615,0,0.2463193303,0,-0.04007251431,0,0.01963857006,0,0.1300872431,0,11.92856742,-0.6854041152,0,0,0.6140593696,0
19.44,234.490428,0,-800.0208968,0,0.1065463784,0,11.83024096,0,1.546980655,0,-0.009984358579,0,0.2462806126,0,-0.04009756521,0,0.01966260629,0,0.1300271499,0,11.93095764,-0.6854041152,0,0,0.6140593696,0
19.45,234.6097165,0,-800.018093,0,0.1064475183,0,11.83270349,0,1.546579564,0,-0.009787620661,0,0.2462224498,0,-0.04012028562,0,0.01968465107,0,0.1299670662,0,11.9333474,-0.6854041152,0,0,0.6140593696,0
19.46,234.7290289,0,-800.0152841,0,0.1063506267,0,11.83516534,0,1.546178257,0,-0.009590671968,0,0.2461449012,0,-0.0401406848,0,0.01970477215,0,0.129906996,0,11.9357365,-0.6854041152,0,0,0.6140593696,0
19.47,234.848365,0,-800.0124703,0,0.1062557055,0,11.83762632,0,1.545776758,0,-0.009393531424,0,0.2460480269,0,-0.0401587657,0,0.01972303064,0,0.1298469433,0,11.93812476,-0.6854041152,0,0,0.6140593696,0
19.48,234.967725,0,-800.009652,0,0.1061627567,0,11.84008624,0,1.545375089,0,-0.009196217378,0,0.2459318878,0,-0.04017452585,0,0.01973948153,0,0.1297869121,0,11.94051198,-0.6854041152,0,0,0.6140593696,0
19.49,235.0871086,0,-800.0068293,0,0.1060717817,0,11.8425449,0,1.544973275,0,-0.008998747653,0,0.2457965459,0,-0.04018795811,0,0.01975417417,0,0.1297269065,0,11.94289798,-0.6854041152,0,0,0.6140593696,0
19.5,235.2065161,0,-800.0040024,0,0.1059827822,0,11.84500211,0,1.544571338,0,-0.008801139606,0,0.2456420639,0,-0.04019905143,0,0.01976715275,0,0.1296669303,0,11.94528256,-0.6854041152,0,0,0.6140593696,0
19.51,235.3259473,0,-800.0011716,0,0.1058957593,0,11.84745768,0,1.544169302,0,-0.008603410178,0,0.2454685056,0,-0.04020779145,0,0.01977845672,0,0.1296069876,0,11.94766555,-0.6854041152,0,0,0.6140593696,0
19.52,235.4454022,0,-799.9983371,0,0.1058107143,0,11.84991141,0,1.54376719,0,-0.008405575935,0,0.2452759361,0,-0.04021416112,0,0.0197881212,0,0.1295470823,0,11.95004676,-0.6854041152,0,0,0.6140593696,0
19.53,235.5648809,0,-799.9954992,0,0.1057276481,0,11.85236313,0,1.543365026,0,-0.008207653113,0,0.2450644213,0,-0.04021814119,0,0.01979617738,0,0.1294872184,0,11.952426,-0.6854041152,0,0,0.6140593696,0
19.54,235.6843833,0,-799.992658,0,0.1056465615,0,11.85481264,0,1.542962835,0,-0.008009657655,0,0.2448340284,0,-0.04021971074,0,0.01980265286,0,0.1294273999,0,11.95480309,-0.6854041152,0,0,0.6140593696,0
19.55,235.8039093,0,-799.9898139,0,0.1055674551,0,11.85725975,0,1.54256064,0,-0.007811605242,0,0.2445848256,0,-0.04021884758,0,0.01980757196,0,0.1293676307,0,11.95717785,-0.6854041152,0,0,0.6140593696,0
19.56,235.9234591,0,-799.986967,0,0.1054903295,0,11.85970427,0,1.542158466,0,-0.007613511331,0,0.2443168825,0,-0.04021552863,0,0.01981095611,0,0.1293079149,0,11.95955008,-0.6854041152,0,0,0.6140593696,0
19.57,236.0430325,0,-799.9841175,0,0.105415185,0,11.86214602,0,1.541756338,0,-0.007415391173,0,0.2440302697,0,-0.04020973027,0,0.01981282405,0,0.1292482564,0,11.96191962,-0.6854041152,0,0,0.6140593696,0
19.58,236.1626295,0,-799.9812658,0,0.1053420217,0,11.86458482,0,1.54135428,0,-0.007217259848,0,0.2437250592,0,-0.04020142864,0,0.01981319215,0,0.1291886593,0,11.96428627,-0.6854041152,0,0,0.6140593696,0
19.59,236.2822502,0,-799.978412,0,0.1052708398,0,11.86702046,0,1.540952318,0,-0.007019132281,0,0.2434013242,0,-0.04019059991,0,0.01981207465,0,0.1291291275,0,11.96664985,-0.6854041152,0,0,0.6140593696,0
19.6,236.4018944,0,-799.9755564,0,0.105201639,0,11.86945278,0,1.540550477,0,-0.006821023265,0,0.243059139,0,-0.04017722054,0,0.01980948388,0,0.1290696651,0,11.9690102,-0.6854041152,0,0,0.6140593696,0
19.61,236.5215622,0,-799.9726991,0,0.1051344192,0,11.87188159,0,1.540148782,0,-0.006622947478,0,0.2426985795,0,-0.04016126743,0,0.0198054305,0,0.129010276,0,11.97136712,-0.6854041152,0,0,0.6140593696,0
19.62,236.6412535,0,-799.9698404,0,0.1050691799,0,11.87430669,0,1.53974726,0,-0.006424919499,0,0.2423197224,0,-0.04014271816,0,0.01979992365,0,0.1289509643,0,11.97372043,-0.6854041152,0,0,0.6140593696,0
19.63,236.7609683,0,-799.9669806,0,0.1050059206,0,11.87672792,0,1.539345936,0,-0.006226953822,0,0.2419226462,0,-0.0401215511,0,0.0197929712,0,0.1288917339,0,11.97606997,-0.6854041152,0,0,0.6140593696,0
19.64,236.8807066,0,-799.9641199,0,0.1049446406,0,11.87914508,0,1.538944838,0,-0.00602906487,0,0.2415074302,0,-0.04009774556,0,0.01978457984,0,0.128832589,0,11.97841555,-0.6854041152,0,0,0.6140593696,0
19.65,237.0004683,0,-799.9612585,0,0.104885339,0,11.88155801,0,1.53854399,0,-0.005831267002,0,0.2410741552,0,-0.0400712819,0,0.01977475529,0,0.1287735336,0,11.980757,-0.6854041152,0,0,0.6140593696,0
19.66,237.1202533,0,-799.9583965,0,0.1048280149,0,11.88396651,0,1.538143421,0,-0.005633574525,0,0.2406229033,0,-0.04004214163,0,0.01976350242,0,0.1287145716,0,11.98309414,-0.6854041152,0,0,0.6140593696,0
19.67,237.2400618,0,-799.9555344,0,0.1047726671,0,11.88637041,0,1.537743157,0,-0.0054360017,0,0.2401537579,0,-0.04001030746,0,0.01975082538,0,0.128655707,0,11.98542679,-0.6854041152,0,0,0.6140593696,0
19.68,237.3598935,0,-799.9526722,0,0.1047192944,0,11.88876952,0,1.537343224,0,-0.005238562752,0,0.2396668034,0,-0.03997576337,0,0.0197367277,0,0.128596944,0,11.98775479,-0.6854041152,0,0,0.6140593696,0
19.69,237.4797485,0,-799.9498102,0,0.1046678954,0,11.89116368,0,1.53694365,0,-0.005041271871,0,0.2391621257,0,-0.03993849467,0,0.01972121242,0,0.1285382865,0,11.99007796,-0.6854041152,0,0,0.6140593696,0
19.7,237.5996267,0,-799.9469487,0,0.1046184684,0,11.89355271,0,1.536544463,0,-0.004844143219,0,0.2386398119,0,-0.03989848802,0,0.01970428219,0,0.1284797386,0,11.99239613,-0.6854041152,0,0,0.6140593696,0
19.71,237.7195281,0,-799.9440878,0,0.1045710119,0,11.89593642,0,1.53614569,0,-0.004647190935,0,0.2380999502,0,-0.03985573146,0,0.01968593933,0,0.1284213042,0,11.99470912,-0.6854041152,0,0,0.6140593696,0
19.72,237.8394527,0,-799.9412277,0,0.104525524,0,11.89831465,0,1.535747358,0,-0.004450429134,0,0.2375426303,0,-0.0398102144,0,0.01966618592,0,0.1283629873,0,11.99701677,-0.6854041152,0,0,0.6140593696,0
19.73,237.9594003,0,-799.9383688,0,0.1044820027,0,11.90068722,0,1.535349495,0,-0.004253871911,0,0.2369679428,0,-0.03976192766,0,0.01964502388,0,0.128304792,0,11.99931891,-0.6854041152,0,0,0.6140593696,0
19.74,238.0793709,0,-799.9355112,0,0.1044404458,0,11.90305395,0,1.534952128,0,-0.004057533345,0,0.2363759798,0,-0.03971086344,0,0.01962245503,0,0.1282467223,0,12.00161536,-0.6854041152,0,0,0.6140593696,0
19.75,238.1993646,0,-799.9326551,0,0.1044008512,0,11.90541468,0,1.534555287,0,-0.003861427494,0,0.2357668343,0,-0.03965701532,0,0.01959848111,0,0.128188782,0,12.00390597,-0.6854041152,0,0,0.6140593696,0
19.76,238.3193811,0,-799.9298008,0,0.1043632164,0,11.90776923,0,1.534158997,0,-0.003665568399,0,0.2351406007,0,-0.03960037824,0,0.01957310391,0,0.1281309753,0,12.00619056,-0.6854041152,0,0,0.6140593696,0
19.77,238.4394205,0,-799.9269485,0,0.104327539,0,11.91011743,0,1.533763288,0,-0.003469970086,0,0.2344973744,0,-0.03954094847,0,0.01954632524,0,0.128073306,0,12.00846897,-0.6854041152,0,0,0.6140593696,0
19.78,238.5594828,0,-799.9240985,0,0.1042938161,0,11.91245912,0,1.533368188,0,-0.003274646559,0,0.2338372522,0,-0.0394787236,0,0.01951814698,0,0.128015778,0,12.01074104,-0.6854041152,0,0,0.6140593696,0
19.79,238.6795677,0,-799.9212508,0,0.1042620451,0,11.91479412,0,1.532973723,0,-0.003079611805,0,0.2331603318,0,-0.03941370253,0,0.01948857115,0,0.1279583954,0,12.01300659,-0.6854041152,0,0,0.6140593696,0
19.8,238.7996754,0,-799.9184058,0,0.1042322229,0,11.91712227,0,1.532579923,0,-0.002884879787,0,0.232466712,0,-0.03934588536,0,0.01945759991,0,0.127901162,0,12.01526548,-0.6854041152,0,0,0.6140593696,0
19.81,238.9198057,0,-799.9155636,0,0.1042043464,0,11.9194434,0,1.532186815,0,-0.002690464449,0,0.231756493,0,-0.03927527346,0,0.0194252356,0,0.1278440817,0,12.01751752,-0.6854041152,0,0,0.6140593696,0
19.82,239.0399586,0,-799.9127246,0,0.1041784125,0,11.92175735,0,1.531794427,0,-0.00249637971,0,0.2310297758,0,-0.03920186935,0,0.01939148073,0,0.1277871584,0,12.01976258,-0.6854041152,0,0,0.6140593696,0
19.83,239.160134,0,-799.9098888,0,0.1041544177,0,11.92406394,0,1.531402787,0,-0.00230263946,0,0.2302866626,0,-0.03912567671,0,0.01935633805,0,0.1277303959,0,12.02200047,-0.6854041152,0,0,0.6140593696,0
19.84,239.2803318,0,-799.9070565,0,0.1041323585,0,11.92636302,0,1.531011923,0,-0.002109257564,0,0.2295272566,0,-0.0390467003,0,0.01931981053,0,0.1276737981,0,12.02423106,-0.6854041152,0,0,0.6140593696,0
19.85,239.4005519,0,-799.904228,0,0.1041122313,0,11.92865443,0,1.530621862,0,-0.001916247855,0,0.2287516622,0,-0.03896494597,0,0.01928190137,0,0.1276173688,0,12.02645417,-0.6854041152,0,0,0.6140593696,0
19.86,239.5207944,0,-799.9014035,0,0.1040940323,0,11.930938,0,1.530232633,0,-0.00172362413,0,0.2279599847,0,-0.03888042058,0,0.01924261402,0,0.1275611118,0,12.02866965,-0.6854041152,0,0,0.6140593696,0
19.87,239.6410591,0,-799.8985831,0,0.1040777575,0,11.93321358,0,1.529844263,0,-0.001531400155,0,0.2271523304,0,-0.03879313198,0,0.01920195219,0,0.1275050309,0,12.03087735,-0.6854041152,0,0,0.6140593696,0
19.88,239.7613459,0,-799.895767,0,0.1040634029,0,11.935481,0,1.529456779,0,-0.001339589654,0,0.2263288067,0,-0.03870308893,0,0.01915991985,0,0.1274491297,0,12.03307711,-0.6854041152,0,0,0.6140593696,0
19.89,239.8816548,0,-799.8929556,0,0.1040509643,0,11.9377401,0,1.52907021,0,-0.001148206312,0,0.2254895218,0,-0.03861030112,0,0.01911652124,0,0.1273934122,0,12.03526877,-0.6854041152,0,0,0.6140593696,0
19.9,240.0019856,0,-799.890149,0,0.1040404373,0,11.93999074,0,1.528684583,0,-0.0009572637683,0,0.2246345852,0,-0.0385147791,0,0.01907176087,0,0.1273378818,0,12.03745219,-0.6854041152,0,0,0.6140593696,0
19.91,240.1223384,0,-799.8873473,0,0.1040318175,0,11.94223274,0,1.528299924,0,-0.0007667756174,0,0.2237641071,0,-0.03841653421,0,0.01902564349,0,0.1272825424,0,12.03962722,-0.6854041152,0,0,0.6140593696,0
19.92,240.2427131,0,-799.8845509,0,0.1040251002,0,11.94446597,0,1.527916261,0,-0.0005767554044,0,0.2228781986,0,-0.0383155786,0,0.01897817416,0,0.1272273976,0,12.04179369,-0.6854041152,0,0,0.6140593696,0
19.93,240.3631095,0,-799.88176,0,0.1040202808,0,11.94669026,0,1.527533621,0,-0.0003872166225,0,0.221976972,0,-0.03821192514,0,0.01892935817,0,0.1271724509,0,12.04395147,-0.6854041152,0,0,0.6140593696,0
19.94,240.4835275,0,-799.8789746,0,0.1040173542,0,11.94890546,0,1.527152031,0,-0.0001981727107,0,0.2210605403,0,-0.03810558741,0,0.01887920109,0,0.1271177061,0,12.0461004,-0.6854041152,0,0,0.6140593696,0
19.95,240.6039672,0,-799.8761951,0,0.1040163156,0,11.95111142,0,1.526771518,0,-9.637051192e-06,0,0.2201290173,0,-0.03799657967,0,0.01882770872,0,0.1270631666,0,12.04824034,-0.6854041152,0,0,0.6140593696,0
19.96,240.7244283,0,-799.8734217,0,0.1040171598,0,11.95330799,0,1.526392109,0,0.0001783770336,0,0.2191825179,0,-0.03788491678,0,0.01877488716,0,0.127008836,0,12.05037114,-0.6854041152,0,0,0.6140593696,0
19.97,240.8449109,0,-799.8706545,0,0.1040198814,0,11.95549502,0,1.526013829,0,0.0003658562829,0,0.2182211579,0,-0.03777061424,0,0.01872074272,0,0.1269547178,0,12.05249266,-0.6854041152,0,0,0.6140593696,0
19.98,240.9654147,0,-799.8678938,0,0.1040244751,0,11.95767236,0,1.525636705,0,0.0005527875008,0,0.2172450536,0,-0.03765368808,0,0.01866528196,0,0.1269008156,0,12.05460475,-0.6854041152,0,0,0.6140593696,0
19.99,241.0859398,0,-799.8651398,0,0.1040309353,0,11.95983987,0,1.525260764,0,0.0007391575577,0,0.2162543226,0,-0.03753415487,0,0.01860851169,0,0.1268471326,0,12.05670727,-0.6854041152,0,0,0.6140593696,0
20,241.2064861,0,-799.8623926,0,0.1040392563,0,11.9619974,0,1.524886031,0,0.0009249533935,0,0.2152490829,0,-0.03741203168,0,0.01855043894,0,0.1267936725,0,12.05880007,-0.6854041152,0,0,0.6140593696,0
20.01,241.3270534,0,-799.8596525,0,0.1040494324,0,11.9641448,0,1.524512532,0,0.00111016202,0,0.2142294537,0,-0.03728733607,0,0.01849107096,0,0.1267404385,0,12.06088302,-0.6854041152,0,0,0.6140593696,0
20.02,241.4476416,0,-799.8569197,0,0.1040614575,0,11.96628194,0,1.524140292,0,0.001294770521,0,0.2131955546,0,-0.03716008603,0,0.01843041522,0,0.126687434,0,12.06295599,-0.6854041152,0,0,0.6140593696,0
20.03,241.5682507,0,-799.8541943,0,0.1040753257,0,11.96840867,0,1.523769338,0,0.001478766057,0,0.2121475062,0,-0.03703029995,0,0.0183684794,0,0.1266346624,0,12.06501882,-0.6854041152,0,0,0.6140593696,0
20.04,241.6888806,0,-799.8514766,0,0.1040910308,0,11.97052484,0,1.523399695,0,0.001662135869,0,0.2110854299,0,-0.03689799664,0,0.01830527139,0,0.1265821269,0,12.06707138,-0.6854041152,0,0,0.6140593696,0
20.05,241.8095311,0,-799.8487668,0,0.1041085663,0,11.97263033,0,1.523031387,0,0.001844867272,0,0.2100094478,0,-0.03676319526,0,0.01824079925,0,0.1265298308,0,12.06911354,-0.6854041152,0,0,0.6140593696,0
20.06,241.9302021,0,-799.846065,0,0.1041279259,0,11.97472499,0,1.522664439,0,0.002026947668,0,0.2089196826,0,-0.0366259153,0,0.01817507126,0,0.1264777774,0,12.07114516,-0.6854041152,0,0,0.6140593696,0
20.07,242.0508937,0,-799.8433716,0,0.1041491031,0,11.97680868,0,1.522298877,0,0.00220836454,0,0.207816258,0,-0.03648617661,0,0.01810809586,0,0.1264259699,0,12.07316611,-0.6854041152,0,0,0.6140593696,0
20.08,242.1716055,0,-799.8406865,0,0.104172091,0,11.97888127,0,1.521934724,0,0.002389105456,0,0.2066992981,0,-0.03634399929,0,0.01803988167,0,0.1263744114,0,12.07517626,-0.6854041152,0,0,0.6140593696,0
20.09,242.2923376,0,-799.8380101,0,0.1041968829,0,11.98094262,0,1.521572005,0,0.002569158074,0,0.2055689279,0,-0.03619940374,0,0.01797043747,0,0.126323105,0,12.07717547,-0.6854041152,0,0,0.6140593696,0
20.1,242.4130899,0,-799.8353426,0,0.1042234718,0,11.9829926,0,1.521210744,0,0.002748510136,0,0.204425273,0,-0.03605241063,0,0.0178997722,0,0.1262720539,0,12.07916362,-0.6854041152,0,0,0.6140593696,0
20.11,242.5338621,0,-799.832684,0,0.1042518507,0,11.98503108,0,1.520850964,0,0.002927149478,0,0.2032684598,0,-0.03590304085,0,0.01782789496,0,0.1262212612,0,12.08114058,-0.6854041152,0,0,0.6140593696,0
20.12,242.6546543,0,-799.8300347,0,0.1042820124,0,11.98705793,0,1.520492691,0,0.003105064027,0,0.2020986151,0,-0.03575131553,0,0.017754815,0,0.1261707298,0,12.08310621,-0.6854041152,0,0,0.6140593696,0
20.13,242.7754663,0,-799.8273949,0,0.1043139495,0,11.98907301,0,1.520135946,0,0.003282241801,0,0.2009158666,0,-0.03559725599,0,0.01768054169,0,0.1261204629,0,12.0850604,-0.6854041152,0,0,0.6140593696,0
20.14,242.896298,0,-799.8247646,0,0.1043476547,0,11.9910762,0,1.519780753,0,0.003458670915,0,0.1997203424,0,-0.03544088375,0,0.01760508454,0,0.1260704632,0,12.08700302,-0.6854041152,0,0,0.6140593696,0
20.15,243.0171493,0,-799.8221441,0,0.1043831204,0,11.99306737,0,1.519427136,0,0.003634339578,0,0.1985121714,0,-0.03528222052,0,0.01752845319,0,0.1260207339,0,12.08893394,-0.6854041152,0,0,0.6140593696,0
20.16,243.1380201,0,-799.8195335,0,0.1044203389,0,11.9950464,0,1.519075116,0,0.003809236098,0,0.1972914831,0,-0.03512128814,0,0.01745065741,0,0.1259712777,0,12.09085305,-0.6854041152,0,0,0.6140593696,0
20.17,243.2589102,0,-799.8169331,0,0.1044593025,0,11.99701316,0,1.518724718,0,0.003983348878,0,0.1960584074,0,-0.03495810864,0,0.01737170706,0,0.1259220977,0,12.09276021,-0.6854041152,0,0,0.6140593696,0
20.18,243.3798195,0,-799.8143431,0,0.1045000033,0,11.99896753,0,1.518375962,0,0.004156666424,0,0.1948130749,0,-0.03479270416,0,0.01729161213,0,0.1258731965,0,12.09465532,-0.6854041152,0,0,0.6140593696,0
20.19,243.500748,0,-799.8117636,0,0.1045424332,0,12.00090938,0,1.518028871,0,0.00432917734,0,0.1935556169,0,-0.03462509697,0,0.01721038271,0,0.125824577,0,12.09653825,-0.6854041152,0,0,0.6140593696,0
20.2,243.6216955,0,-799.8091947,0,0.1045865841,0,12.0028386,0,1.517683467,0,0.004500870331,0,0.192286165,0,-0.03445530946,0,0.01712802898,0,0.1257762421,0,12.09840889,-0.6854041152,0,0,0.6140593696,0
20.21,243.7426618,0,-799.8066368,0,0.1046324478,0,12.00475507,0,1.517339772,0,0.004671734206,0,0.1910048514,0,-0.03428336414,0,0.01704456122,0,0.1257281943,0,12.10026711,-0.6854041152,0,0,0.6140593696,0
20.22,243.8636469,0,-799.8040899,0,0.104680016,0,12.00665866,0,1.516997807,0,0.004841757877,0,0.189711809,0,-0.03410928359,0,0.01695998979,0,0.1256804364,0,12.10211281,-0.6854041152,0,0,0.6140593696,0
20.23,243.9846507,0,-799.8015542,0,0.1047292801,0,12.00854927,0,1.516657593,0,0.005010930358,0,0.188407171,0,-0.0339330905,0,0.01687432514,0,0.1256329712,0,12.10394587,-0.6854041152,0,0,0.6140593696,0
20.24,244.1056729,0,-799.79903,0,0.1047802317,0,12.01042677,0,1.516319152,0,0.005179240771,0,0.1870910712,0,-0.03375480762,0,0.0167875778,0,0.1255858011,0,12.10576618,-0.6854041152,0,0,0.6140593696,0
20.25,244.2267136,0,-799.7965173,0,0.104832862,0,12.01229105,0,1.515982504,0,0.005346678341,0,0.1857636439,0,-0.03357445778,0,0.01669975837,0,0.1255389288,0,12.10757363,-0.6854041152,0,0,0.6140593696,0
20.26,244.3477724,0,-799.7940164,0,0.1048871623,0,12.014142,0,1.51564767,0,0.005513232401,0,0.1844250238,0,-0.03339206388,0,0.01661087753,0,0.125492357,0,12.1093681,-0.6854041152,0,0,0.6140593696,0
20.27,244.4688495,0,-799.7915274,0,0.1049431237,0,12.01597951,0,1.515314669,0,0.00567889239,0,0.1830753462,0,-0.03320764886,0,0.016520946,0,0.125446088,0,12.1111495,-0.6854041152,0,0,0.6140593696,0
20.28,244.5899445,0,-799.7890505,0,0.1050007372,0,12.01780347,0,1.514983523,0,0.005843647855,0,0.1817147467,0,-0.03302123573,0,0.0164299746,0,0.1254001244,0,12.11291771,-0.6854041152,0,0,0.6140593696,0
20.29,244.7110574,0,-799.7865859,0,0.1050599936,0,12.01961377,0,1.514654251,0,0.006007488452,0,0.1803433614,0,-0.03283284752,0,0.01633797419,0,0.1253544687,0,12.11467262,-0.6854041152,0,0,0.6140593696,0
20.3,244.832188,0,-799.7841337,0,0.1051208838,0,12.0214103,0,1.514326873,0,0.006170403946,0,0.1789613269,0,-0.03264250733,0,0.01624495567,0,0.1253091233,0,12.11641414,-0.6854041152,0,0,0.6140593696,0
20.31,244.9533362,0,-799.7816941,0,0.1051833986,0,12.02319296,0,1.514001408,0,0.006332384209,0,0.17756878,0,-0.03245023826,0,0.01615093003,0,0.1252640906,0,12.11814215,-0.6854041152,0,0,0.6140593696,0
20.32,245.0745019,0,-799.7792672,0,0.1052475284,0,12.02496164,0,1.513677874,0,0.006493419226,0,0.1761658582,0,-0.03225606346,0,0.01605590827,0,0.125219373,0,12.11985657,-0.6854041152,0,0,0.6140593696,0
20.33,245.195685,0,-799.7768533,0,0.1053132638,0,12.02671625,0,1.513356293,0,0.006653499091,0,0.1747526992,0,-0.03206000609,0,0.01595990145,0,0.1251749727,0,12.12155728,-0.6854041152,0,0,0.6140593696,0
20.34,245.3168852,0,-799.7744525,0,0.1053805951,0,12.02845666,0,1.513036681,0,0.006812614009,0,0.1733294411,0,-0.03186208934,0,0.0158629207,0,0.1251308921,0,12.12324419,-0.6854041152,0,0,0.6140593696,0
20.35,245.4381025,0,-799.7720649,0,0.1054495128,0,12.0301828,0,1.512719057,0,0.006970754296,0,0.1718962224,0,-0.0316623364,0,0.01576497714,0,0.1250871335,0,12.1249172,-0.6854041152,0,0,0.6140593696,0
20.36,245.5593368,0,-799.7696908,0,0.1055200069,0,12.03189456,0,1.51240344,0,0.00712791038,0,0.1704531819,0,-0.03146077049,0,0.01566608196,0,0.125043699,0,12.12657622,-0.6854041152,0,0,0.6140593696,0
20.37,245.6805878,0,-799.7673302,0,0.1055920677,0,12.03359183,0,1.512089847,0,0.007284072801,0,0.1690004588,0,-0.03125741482,0,0.0155662464,0,0.1250005908,0,12.12822114,-0.6854041152,0,0,0.6140593696,0
20.38,245.8018554,0,-799.7649833,0,0.1056656851,0,12.03527453,0,1.511778297,0,0.007439232211,0,0.1675381926,0,-0.03105229261,0,0.01546548168,0,0.1249578112,0,12.12985188,-0.6854041152,0,0,0.6140593696,0
20.39,245.9231396,0,-799.7626503,0,0.105740849,0,12.03694257,0,1.511468807,0,0.007593379376,0,0.1660665233,0,-0.03084542708,0,0.0153637991,0,0.1249153622,0,12.13146835,-0.6854041152,0,0,0.6140593696,0
20.4,246.0444402,0,-799.7603313,0,0.1058175492,0,12.03859583,0,1.511161395,0,0.007746505172,0,0.1645855908,0,-0.03063684145,0,0.01526120997,0,0.124873246,0,12.13307044,-0.6854041152,0,0,0.6140593696,0
20.41,246.1657569,0,-799.7580266,0,0.1058957756,0,12.04023425,0,1.510856076,0,0.007898600591,0,0.1630955357,0,-0.03042655892,0,0.01515772562,0,0.1248314645,0,12.13465808,-0.6854041152,0,0,0.6140593696,0
20.42,246.2870898,0,-799.7557361,0,0.1059755178,0,12.04185771,0,1.510552869,0,0.008049656738,0,0.1615964987,0,-0.0302146027,0,0.01505335742,0,0.1247900199,0,12.13623118,-0.6854041152,0,0,0.6140593696,0
20.43,246.4084385,0,-799.7534601,0,0.1060567653,0,12.04346615,0,1.51025179,0,0.008199664832,0,0.1600886208,0,-0.03000099598,0,0.01494811673,0,0.1247489141,0,12.13778964,-0.6854041152,0,0,0.6140593696,0
20.44,246.5298031,0,-799.7511988,0,0.1061395076,0,12.04505946,0,1.509952855,0,0.008348616203,0,0.1585720432,0,-0.02978576194,0,0.01484201498,0,0.124708149,0,12.13933338,-0.6854041152,0,0,0.6140593696,0
20.45,246.6511833,0,-799.7489522,0,0.106223734,0,12.04663756,0,1.50965608,0,0.008496502299,0,0.1570469076,0,-0.02956892373,0,0.01473506357,0,0.1246677266,0,12.14086232,-0.6854041152,0,0,0.6140593696,0
20.46,246.772579,0,-799.7467206,0,0.106309434,0,12.04820037,0,1.509361481,0,0.008643314681,0,0.1555133555,0,-0.02935050451,0,0.01462727395,0,0.1246276488,0,12.14237638,-0.6854041152,0,0,0.6140593696,0
20.47,246.89399,0,-799.744504,0,0.1063965967,0,12.0497478,0,1.509069075,0,0.008789045023,0,0.1539715291,0,-0.02913052738,0,0.01451865757,0,0.1245879175,0,12.14387547,-0.6854041152,0,0,0.6140593696,0
20.48,247.0154163,0,-799.7423026,0,0.1064852113,0,12.05127977,0,1.508778876,0,0.008933685115,0,0.1524215705,0,-0.02890901546,0,0.01440922589,0,0.1245485344,0,12.14535952,-0.6854041152,0,0,0.6140593696,0
20.49,247.1368576,0,-799.7401166,0,0.1065752668,0,12.0527962,0,1.5084909,0,0.009077226862,0,0.1508636221,0,-0.02868599182,0,0.0142989904,0,0.1245095014,0,12.14682844,-0.6854041152,0,0,0.6140593696,0
20.5,247.2583137,0,-799.737946,0,0.1066667521,0,12.05429702,0,1.508205161,0,0.009219662282,0,0.1492978266,0,-0.02846147951,0,0.01418796257,0,0.1244708203,0,12.14828216,-0.6854041152,0,0,0.6140593696,0
20.51,247.3797846,0,-799.7357911,0,0.1067596563,0,12.05578213,0,1.507921675,0,0.009360983511,0,0.1477243267,0,-0.02823550154,0,0.01407615392,0,0.1244324927,0,12.1497206,-0.6854041152,0,0,0.6140593696,0
20.52,247.5012701,0,-799.7336519,0,0.1068539681,0,12.05725148,0,1.507640456,0,0.009501182796,0,0.1461432653,0,-0.02800808092,0,0.01396357594,0,0.1243945203,0,12.15114369,-0.6854041152,0,0,0.6140593696,0
20.53,247.6227701,0,-799.7315286,0,0.1069496762,0,12.05870498,0,1.507361518,0,0.009640252504,0,0.1445547857,0,-0.0277792406,0,0.01385024015,0,0.1243569049,0,12.15255135,-0.6854041152,0,0,0.6140593696,0
20.54,247.7442843,0,-799.7294213,0,0.1070467693,0,12.06014255,0,1.507084876,0,0.009778185112,0,0.142959031,0,-0.02754900351,0,0.01373615807,0,0.124319648,0,12.15394352,-0.6854041152,0,0,0.6140593696,0
20.55,247.8658126,0,-799.7273302,0,0.1071452361,0,12.06156413,0,1.506810543,0,0.009914973216,0,0.1413561447,0,-0.02731739254,0,0.01362134122,0,0.1242827513,0,12.15532012,-0.6854041152,0,0,0.6140593696,0
20.56,247.9873549,0,-799.7252553,0,0.107245065,0,12.06296965,0,1.506538532,0,0.01005060953,0,0.1397462703,0,-0.02708443057,0,0.01350580112,0,0.1242462163,0,12.15668109,-0.6854041152,0,0,0.6140593696,0
20.57,248.1089111,0,-799.7231968,0,0.1073462444,0,12.06435903,0,1.506268858,0,0.01018508687,0,0.1381295515,0,-0.0268501404,0,0.01338954931,0,0.1242100445,0,12.15802635,-0.6854041152,0,0,0.6140593696,0
20.58,248.2304808,0,-799.7211549,0,0.1074487628,0,12.06573222,0,1.506001534,0,0.01031839818,0,0.136506132,0,-0.02661454482,0,0.01327259731,0,0.1241742375,0,12.15935585,-0.6854041152,0,0,0.6140593696,0
20.59,248.3520641,0,-799.7191297,0,0.1075526085,0,12.06708914,0,1.505736572,0,0.01045053652,0,0.1348761557,0,-0.02637766657,0,0.01315495665,0,0.1241387968,0,12.16066951,-0.6854041152,0,0,0.6140593696,0
20.6,248.4736607,0,-799.7171212,0,0.1076577696,0,12.06842972,0,1.505473985,0,0.01058149505,0,0.1332397665,0,-0.02613952837,0,0.01303663885,0,0.1241037237,0,12.16196727,-0.6854041152,0,0,0.6140593696,0
20.61,248.5952705,0,-799.7151296,0,0.1077642344,0,12.06975391,0,1.505213785,0,0.01071126708,0,0.1315971084,0,-0.02590015287,0,0.01291765545,0,0.1240690196,0,12.16324907,-0.6854041152,0,0,0.6140593696,0
20.62,248.7168933,0,-799.713155,0,0.107871991,0,12.07106164,0,1.504955986,0,0.01083984598,0,0.1299483256,0,-0.02565956268,0,0.01279801796,0,0.1240346861,0,12.16451486,-0.6854041152,0,0,0.6140593696,0
20.63,248.838529,0,-799.7111976,0,0.1079810273,0,12.07235286,0,1.504700598,0,0.01096722529,0,0.1282935621,0,-0.02541778039,0,0.0126777379,0,0.1240007243,0,12.16576456,-0.6854041152,0,0,0.6140593696,0
20.64,248.9601773,0,-799.7092574,0,0.1080913315,0,12.07362749,0,1.504447634,0,0.01109339864,0,0.1266329621,0,-0.02517482852,0,0.01255682678,0,0.1239671357,0,12.16699813,-0.6854041152,0,0,0.6140593696,0
20.65,249.0818382,0,-799.7073345,0,0.1082028913,0,12.0748855,0,1.504197105,0,0.01121835976,0,0.1249666699,0,-0.02493072956,0,0.01243529611,0,0.1239339215,0,12.16821551,-0.6854041152,0,0,0.6140593696,0
20.66,249.2035115,0,-799.7054292,0,0.1083156946,0,12.07612681,0,1.503949023,0,0.01134210253,0,0.1232948296,0,-0.02468550593,0,0.01231315739,0,0.1239010829,0,12.16941664,-0.6854041152,0,0,0.6140593696,0
20.67,249.3251969,0,-799.7035414,0,0.1084297292,0,12.07735138,0,1.503703399,0,0.01146462092,0,0.1216175854,0,-0.02443918003,0,0.01219042211,0,0.1238686211,0,12.17060147,-0.6854041152,0,0,0.6140593696,0
20.68,249.4468944,0,-799.7016714,0,0.1085449829,0,12.07855914,0,1.503460243,0,0.01158590903,0,0.1199350817,0,-0.02419177419,0,0.01206710176,0,0.1238365375,0,12.17176995,-0.6854041152,0,0,0.6140593696,0
20.69,249.5686038,0,-799.6998191,0,0.1086614433,0,12.07975006,0,1.503219567,0,0.01170596105,0,0.1182474626,0,-0.0239433107,0,0.01194320781,0,0.1238048331,0,12.17292202,-0.6854041152,0,0,0.6140593696,0
20.7,249.6903249,0,-799.6979847,0,0.108779098,0,12.08092408,0,1.50298138,0,0.01182477131,0,0.1165548723,0,-0.02369381179,0,0.01181875172,0,0.123773509,0,12.17405765,-0.6854041152,0,0,0.6140593696,0
20.71,249.8120576,0,-799.6961684,0,0.1088979346,0,12.08208114,0,1.502745694,0,0.01194233425,0,0.114857455,0,-0.02344329964,0,0.01169374495,0,0.1237425663,0,12.17517677,-0.6854041152,0,0,0.6140593696,0
20.72,249.9338016,0,-799.6943702,0,0.1090179405,0,12.08322121,0,1.502512518,0,0.01205864441,0,0.1131553548,0,-0.02319179639,0,0.01156819894,0,0.1237120062,0,12.17627934,-0.6854041152,0,0,0.6140593696,0
20.73,250.0555568,0,-799.6925902,0,0.1091391033,0,12.08434423,0,1.502281861,0,0.01217369646,0,0.1114487157,0,-0.02293932411,0,0.01144212512,0,0.1236818297,0,12.17736533,-0.6854041152,0,0,0.6140593696,0
20.74,250.1773231,0,-799.6908285,0,0.1092614102,0,12.08545017,0,1.502053734,0,0.01228748519,0,0.1097376819,0,-0.02268590482,0,0.01131553491,0,0.1236520377,0,12.17843468,-0.6854041152,0,0,0.6140593696,0
20.75,250.2991002,0,-799.6890852,0,0.1093848487,0,12.08653897,0,1.501828146,0,0.01240000548,0,0.1080223972,0,-0.02243156048,0,0.01118843971,0,0.1236226312,0,12.17948735,-0.6854041152,0,0,0.6140593696,0
20.76,250.4208881,0,-799.6873605,0,0.1095094061,0,12.0876106,0,1.501605106,0,0.01251125234,0,0.1063030055,0,-0.022176313,0,0.0110608509,0,0.1235936112,0,12.18052331,-0.6854041152,0,0,0.6140593696,0
20.77,250.5426865,0,-799.6856543,0,0.1096350695,0,12.08866502,0,1.501384623,0,0.01262122089,0,0.1045796504,0,-0.02192018423,0,0.01093277987,0,0.1235649786,0,12.1815425,-0.6854041152,0,0,0.6140593696,0
20.78,250.6644952,0,-799.6839669,0,0.1097618262,0,12.08970218,0,1.501166705,0,0.01272990637,0,0.1028524758,0,-0.02166319595,0,0.01080423796,0,0.1235367343,0,12.1825449,-0.6854041152,0,0,0.6140593696,0
20.79,250.7863142,0,-799.6822982,0,0.1098896633,0,12.09072206,0,1.500951362,0,0.01283730412,0,0.1011216251,0,-0.02140536991,0,0.01067523652,0,0.1235088792,0,12.18353048,-0.6854041152,0,0,0.6140593696,0
20.8,250.9081432,0,-799.6806484,0,0.110018568,0,12.0917246,0,1.500738601,0,0.0129434096,0,0.09938724178,0,-0.02114672777,0,0.01054578687,0,0.123481414,0,12.18449918,-0.6854041152,0,0,0.6140593696,0
20.81,251.029982,0,-799.6790176,0,0.1101485272,0,12.09270979,0,1.50052843,0,0.0130482184,0,0.09764946906,0,-0.02088729114,0,0.01041590032,0,0.1234543396,0,12.18545098,-0.6854041152,0,0,0.6140593696,0
20.82,251.1518306,0,-799.6774058,0,0.110279528,0,12.09367758,0,1.500320857,0,0.01315172619,0,0.0959084501,0,-0.02062708158,0,0.01028558816,0,0.1234276568,0,12.18638585,-0.6854041152,0,0,0.6140593696,0
20.83,251.2736886,0,-799.6758131,0,0.1104115574,0,12.09462795,0,1.500115891,0,0.01325392878,0,0.09416432789,0,-0.02036612057,0,0.01015486165,0,0.1234013662,0,12.18730376,-0.6854041152,0,0,0.6140593696,0
20.84,251.395556,0,-799.6742397,0,0.1105446022,0,12.09556086,0,1.499913537,0,0.01335482208,0,0.09241724527,0,-0.02010442954,0,0.01002373204,0,0.1233754686,0,12.18820467,-0.6854041152,0,0,0.6140593696,0
20.85,251.5174326,0,-799.6726855,0,0.1106786495,0,12.09647628,0,1.499713805,0,0.01345440212,0,0.09066734487,0,-0.01984202984,0,0.009892210556,0,0.1233499647,0,12.18908856,-0.6854041152,0,0,0.6140593696,0
20.86,251.6393182,0,-799.6711507,0,0.1108136859,0,12.0973742,0,1.499516699,0,0.01355266502,0,0.08891476916,0,-0.01957894277,0,0.009760308408,0,0.1233248551,0,12.18995541,-0.6854041152,0,0,0.6140593696,0
20.87,251.7612126,0,-799.6696354,0,0.1109496984,0,12.09825457,0,1.499322228,0,0.01364960705,0,0.08715966043,0,-0.01931518958,0,0.00962803678,0,0.1233001405,0,12.19080518,-0.6854041152,0,0,0.6140593696,0
20.88,251.8831156,0,-799.6681396,0,0.1110866736,0,12.09911738,0,1.499130398,0,0.01374522456,0,0.08540216074,0,-0.01905079141,0,0.009495406834,0,0.1232758214,0,12.19163785,-0.6854041152,0,0,0.6140593696,0
20.89,252.0050271,0,-799.6666634,0,0.1112245984,0,12.09996261,0,1.498941214,0,0.01383951403,0,0.08364241196,0,-0.01878576938,0,0.009362429711,0,0.1232518984,0,12.1924534,-0.6854041152,0,0,0.6140593696,0
20.9,252.126947,0,-799.6652069,0,0.1113634595,0,12.10079022,0,1.498754684,0,0.01393247204,0,0.08188055572,0,-0.01852014451,0,0.009229116527,0,0.1232283721,0,12.19325181,-0.6854041152,0,0,0.6140593696,0
20.91,252.248875,0,-799.6637701,0,0.1115032434,0,12.10160021,0,1.498570813,0,0.01402409528,0,0.08011673345,0,-0.01825393778,0,0.009095478375,0,0.123205243,0,12.19403306,-0.6854041152,0,0,0.6140593696,0
20.92,252.3708109,0,-799.6623531,0,0.1116439369,0,12.10239255,0,1.498389607,0,0.01411438056,0,0.07835108631,0,-0.01798717007,0,0.008961526323,0,0.1231825115,0,12.19479712,-0.6854041152,0,0,0.6140593696,0
20.93,252.4927546,0,-799.6609559,0,0.1117855266,0,12.10316723,0,1.498211072,0,0.0142033248,0,0.07658375521,0,-0.01771986223,0,0.008827271413,0,0.123160178,0,12.195544,-0.6854041152,0,0,0.6140593696,0
20.94,252.6147059,0,-799.6595787,0,0.1119279989,0,12.10392422,0,1.498035212,0,0.01429092501,0,0.07481488083,0,-0.01745203501,0,0.008692724664,0,0.1231382432,0,12.19627366,-0.6854041152,0,0,0.6140593696,0
20.95,252.7366647,0,-799.6582215,0,0.1120713406,0,12.10466352,0,1.497862033,0,0.01437717835,0,0.07304460357,0,-0.0171837091,0,0.008557897066,0,0.1231167072,0,12.19698609,-0.6854041152,0,0,0.6140593696,0
20.96,252.8586307,0,-799.6568844,0,0.112215538,0,12.10538511,0,1.497691539,0,0.01446208206,0,0.07127306353,0,-0.01691490513,0,0.008422799585,0,0.1230955705,0,12.19768128,-0.6854041152,0,0,0.6140593696,0
20.97,252.9806038,0,-799.6555674,0,0.1123605777,0,12.10608898,0,1.497523736,0,0.01454563348,0,0.06950040054,0,-0.01664564363,0,0.008287443156,0,0.1230748335,0,12.19835922,-0.6854041152,0,0,0.6140593696,0
20.98,253.1025838,0,-799.6542705,0,0.1125064461,0,12.10677511,0,1.497358628,0,0.01462783009,0,0.06772675416,0,-0.0163759451,0,0.008151838691,0,0.1230544964,0,12.1990199,-0.6854041152,0,0,0.6140593696,0
20.99,253.2245706,0,-799.6529939,0,0.1126531298,0,12.10744351,0,1.497196219,0,0.01470866946,0,0.0659522636,0,-0.01610582994,0,0.008015997071,0,0.1230345596,0,12.19966331,-0.6854041152,0,0,0.6140593696,0
21,253.3465639,0,-799.6517376,0,0.112800615,0,12.10809416,0,1.497036512,0,0.01478814928,0,0.06417706778,0,-0.01583531849,0,0.007879929147,0,0.1230150232,0,12.20028944,-0.6854041152,0,0,0.6140593696,0
21.01,253.4685636,0,-799.6505016,0,0.1129488882,0,12.10872705,0,1.496879513,0,0.01486626733,0,0.06240130531,0,-0.015564431,0,0.007743645744,0,0.1229958876,0,12.20089829,-0.6854041152,0,0,0.6140593696,0
21.02,253.5905695,0,-799.649286,0,0.1130979358,0,12.10934218,0,1.496725225,0,0.01494302151,0,0.06062511444,0,-0.01529318767,0,0.007607157655,0,0.1229771529,0,12.20148985,-0.6854041152,0,0,0.6140593696,0
21.03,253.7125814,0,-799.6480909,0,0.1132477441,0,12.10993955,0,1.496573651,0,0.01501840984,0,0.0588486331,0,-0.01502160862,0,0.007470475643,0,0.1229588194,0,12.20206411,-0.6854041152,0,0,0.6140593696,0
21.04,253.8345992,0,-799.6469162,0,0.1133982994,0,12.11051915,0,1.496424794,0,0.01509243041,0,0.05707199887,0,-0.01474971388,0,0.007333610442,0,0.1229408871,0,12.20262109,-0.6854041152,0,0,0.6140593696,0
21.05,253.9566227,0,-799.645762,0,0.1135495881,0,12.11108099,0,1.496278658,0,0.01516508147,0,0.05529534895,0,-0.01447752342,0,0.007196572752,0,0.1229233562,0,12.20316076,-0.6854041152,0,0,0.6140593696,0
21.06,254.0786516,0,-799.6446284,0,0.1137015965,0,12.11162506,0,1.496135244,0,0.01523636133,0,0.05351882021,0,-0.01420505715,0,0.007059373244,0,0.1229062268,0,12.20368315,-0.6854041152,0,0,0.6140593696,0
21.07,254.2006859,0,-799.6435155,0,0.1138543108,0,12.11215137,0,1.495994557,0,0.01530626843,0,0.05174254911,0,-0.01393233487,0,0.006922022555,0,0.122889499,0,12.20418824,-0.6854041152,0,0,0.6140593696,0
21.08,254.3227254,0,-799.6424231,0,0.1140077173,0,12.11265991,0,1.495856598,0,0.01537480131,0,0.04996667175,0,-0.01365937632,0,0.00678453129,0,0.1228731728,0,12.20467604,-0.6854041152,0,0,0.6140593696,0
21.09,254.4447698,0,-799.6413515,0,0.1141618022,0,12.1131507,0,1.49572137,0,0.01544195862,0,0.04819132383,0,-0.01338620119,0,0.006646910022,0,0.1228572482,0,12.20514655,-0.6854041152,0,0,0.6140593696,0
21.1,254.566819,0,-799.6403006,0,0.1143165519,0,12.11362374,0,1.495588875,0,0.01550773911,0,0.04641664063,0,-0.01311282905,0,0.006509169289,0,0.1228417252,0,12.20559979,-0.6854041152,0,0,0.6140593696,0
21.11,254.6888729,0,-799.6392704,0,0.1144719524,0,12.11407904,0,1.495459114,0,0.01557214164,0,0.04464275706,0,-0.01283927942,0,0.006371319596,0,0.1228266039,0,12.20603576,-0.6854041152,0,0,0.6140593696,0
21.12,254.8109312,0,-799.6382611,0,0.1146279901,0,12.1145166,0,1.49533209,0,0.01563516518,0,0.04286980758,0,-0.01256557174,0,0.006233371413,0,0.1228118841,0,12.20645446,-0.6854041152,0,0,0.6140593696,0
21.13,254.9329937,0,-799.6372725,0,0.1147846511,0,12.11493644,0,1.495207803,0,0.01569680878,0,0.04109792624,0,-0.01229172538,0,0.006095335177,0,0.1227975657,0,12.20685591,-0.6854041152,0,0,0.6140593696,0
21.14,255.0550604,0,-799.6363049,0,0.1149419217,0,12.11533856,0,1.495086256,0,0.01575707162,0,0.03932724664,0,-0.0120177596,0,0.005957221287,0,0.1227836487,0,12.20724012,-0.6854041152,0,0,0.6140593696,0
21.15,255.177131,0,-799.635358,0,0.115099788,0,12.11572299,0,1.494967449,0,0.01581595298,0,0.03755790195,0,-0.01174369362,0,0.005819040109,0,0.122770133,0,12.2076071,-0.6854041152,0,0,0.6140593696,0
21.16,255.2992053,0,-799.6344321,0,0.1152582361,0,12.11608973,0,1.494851382,0,0.01587345223,0,0.03579002489,0,-0.01146954657,0,0.005680801972,0,0.1227570182,0,12.20795687,-0.6854041152,0,0,0.6140593696,0
21.17,255.4212832,0,-799.6335272,0,0.1154172524,0,12.11643879,0,1.494738058,0,0.01592956886,0,0.03402374772,0,-0.01119533749,0,0.005542517168,0,0.1227443043,0,12.20828943,-0.6854041152,0,0,0.6140593696,0
21.18,255.5433645,0,-799.6326432,0,0.1155768229,0,12.11677021,0,1.494627476,0,0.01598430246,0,0.03225920223,0,-0.01092108536,0,0.005404195953,0,0.1227319911,0,12.20860482,-0.6854041152,0,0,0.6140593696,0
21.19,255.665449,0,-799.6317801,0,0.1157369338,0,12.11708398,0,1.494519636,0,0.0160376527,0,0.03049651972,0,-0.01064680906,0,0.005265848546,0,0.1227200783,0,12.20890303,-0.6854041152,0,0,0.6140593696,0
21.2,255.7875365,0,-799.630938,0,0.1158975713,0,12.11738014,0,1.49441454,0,0.01608961937,0,0.02873583104,0,-0.01037252742,0,0.005127485128,0,0.1227085657,0,12.2091841,-0.6854041152,0,0,0.6140593696,0
21.21,255.9096269,0,-799.630117,0,0.1160587216,0,12.11765871,0,1.494312186,0,0.01614020238,0,0.02697726653,0,-0.01009825915,0,0.004989115842,0,0.1226974529,0,12.20944804,-0.6854041152,0,0,0.6140593696,0
21.22,256.03172,0,-799.629317,0,0.1162203708,0,12.1179197,0,1.494212574,0,0.0161894017,0,0.02522095602,0,-0.009824022925,0,0.004850750792,0,0.1226867397,0,12.20969488,-0.6854041152,0,0,0.6140593696,0
21.23,256.1538157,0,-799.628538,0,0.116382505,0,12.11816314,0,1.494115705,0,0.01623721744,0,0.02346702885,0,-0.009549837308,0,0.004712400046,0,0.1226764258,0,12.20992463,-0.6854041152,0,0,0.6140593696,0
21.24,256.2759136,0,-799.62778,0,0.1165451105,0,12.11838905,0,1.494021577,0,0.01628364979,0,0.02171561385,0,-0.009275720796,0,0.00457407363,0,0.1226665106,0,12.21013733,-0.6854041152,0,0,0.6140593696,0
21.25,256.3980138,0,-799.6270431,0,0.1167081734,0,12.11859746,0,1.49393019,0,0.01632869903,0,0.01996683932,0,-0.009001691803,0,0.004435781532,0,0.122656994,0,12.21033299,-0.6854041152,0,0,0.6140593696,0
21.26,256.5201159,0,-799.6263273,0,0.1168716799,0,12.11878839,0,1.493841543,0,0.01637236556,0,0.01822083302,0,-0.008727768663,0,0.0042975337,0,0.1226478755,0,12.21051165,-0.6854041152,0,0,0.6140593696,0
21.27,256.6422199,0,-799.6256325,0,0.1170356161,0,12.11896188,0,1.493755635,0,0.01641464988,0,0.01647772218,0,-0.00845396963,0,0.004159340041,0,0.1226391546,0,12.21067332,-0.6854041152,0,0,0.6140593696,0
21.28,256.7643255,0,-799.6249588,0,0.1171999683,0,12.11911796,0,1.493672463,0,0.01645555258,0,0.0147376335,0,-0.008180312875,0,0.004021210423,0,0.1226308308,0,12.21081805,-0.6854041152,0,0,0.6140593696,0
21.29,256.8864326,0,-799.6243062,0,0.1173647226,0,12.11925665,0,1.493592028,0,0.01649507434,0,0.01300069311,0,-0.00790681649,0,0.003883154674,0,0.1226229038,0,12.21094586,-0.6854041152,0,0,0.6140593696,0
21.3,257.008541,0,-799.6236747,0,0.1175298652,0,12.11937798,0,1.493514326,0,0.01653321595,0,0.01126702659,0,-0.007633498488,0,0.003745182577,0,0.122615373,0,12.21105678,-0.6854041152,0,0,0.6140593696,0
21.31,257.1306505,0,-799.6230642,0,0.1176953823,0,12.119482,0,1.493439357,0,0.0165699783,0,0.009536758942,0,-0.007360376796,0,0.003607303878,0,0.1226082379,0,12.21115085,-0.6854041152,0,0,0.6140593696,0
21.32,257.252761,0,-799.6224749,0,0.1178612601,0,12.11956873,0,1.493367118,0,0.01660536237,0,0.007810014607,0,-0.007087469263,0,0.003469528279,0,0.1226014978,0,12.21122809,-0.6854041152,0,0,0.6140593696,0
21.33,257.3748723,0,-799.6219065,0,0.1180274849,0,12.11963821,0,1.493297607,0,0.01663936924,0,0.006086917437,0,-0.006814793656,0,0.00333186544,0,0.1225951523,0,12.21128855,-0.6854041152,0,0,0.6140593696,0
21.34,257.4969842,0,-799.6213593,0,0.1181940429,0,12.11969048,0,1.493230821,0,0.01667200009,0,0.004367590698,0,-0.006542367661,0,0.003194324979,0,0.1225892008,0,12.21133226,-0.6854041152,0,0,0.6140593696,0
21.35,257.6190965,0,-799.6208331,0,0.1183609204,0,12.11972557,0,1.493166759,0,0.01670325618,0,0.002652157059,0,-0.006270208881,0,0.003056916471,0,0.1225836426,0,12.21135926,-0.6854041152,0,0,0.6140593696,0
21.36,257.7412091,0,-799.620328,0,0.1185281035,0,12.11974354,0,1.493105416,0,0.01673313889,0,0.0009407385871,0,-0.005998334837,0,0.002919649448,0,0.122578477,0,12.21136959,-0.6854041152,0,0,0.6140593696,0
21.37,257.8633218,0,-799.6198439,0,0.1186955786,0,12.1197444,0,1.493046791,0,0.01676164967,0,-0.0007665432608,0,-0.005726762969,0,0.002782533399,0,0.1225737035,0,12.21136328,-0.6854041152,0,0,0.6140593696,0
21.38,257.9854345,0,-799.6193809,0,0.1188633319,0,12.11972822,0,1.49299088,0,0.01678879009,0,-0.002469567644,0,-0.005455510634,0,0.002645577769,0,0.1225693213,0,12.21134038,-0.6854041152,0,0,0.6140593696,0
21.39,258.1075469,0,-799.6189388,0,0.1190313498,0,12.11969503,0,1.49293768,0,0.01681456179,0,-0.004168214346,0,-0.005184595109,0,0.00250879196,0,0.1225653296,0,12.21130093,-0.6854041152,0,0,0.6140593696,0
21.4,258.2296589,0,-799.6185178,0,0.1191996186,0,12.11964487,0,1.492887187,0,0.01683896653,0,-0.00586236378,0,-0.004914033585,0,0.002372185329,0,0.1225617279,0,12.21124498,-0.6854041152,0,0,0.6140593696,0
21.41,258.3517704,0,-799.6181177,0,0.1193681246,0,12.11957779,0,1.492839398,0,0.01686200613,0,-0.007551896997,0,-0.004643843174,0,0.002235767188,0,0.1225585152,0,12.21117256,-0.6854041152,0,0,0.6140593696,0
21.42,258.4738811,0,-799.6177386,0,0.1195368542,0,12.11949385,0,1.492794309,0,0.01688368253,0,-0.009236695691,0,-0.004374040904,0,0.002099546806,0,0.1225556909,0,12.21108373,-0.6854041152,0,0,0.6140593696,0
21.43,258.5959909,0,-799.6173804,0,0.1197057937,0,12.11939308,0,1.492751916,0,0.01690399775,0,-0.01091664221,0,-0.00410464372,0,0.001963533405,0,0.1225532541,0,12.21097854,-0.6854041152,0,0,0.6140593696,0
21.44,258.7180996,0,-799.6170432,0,0.1198749296,0,12.11927553,0,1.492712214,0,0.01692295392,0,-0.01259161955,0,-0.003835668486,0,0.001827736162,0,0.1225512039,0,12.21085702,-0.6854041152,0,0,0.6140593696,0
21.45,258.8402071,0,-799.6167268,0,0.1200442483,0,12.11914126,0,1.492675201,0,0.01694055323,0,-0.01426151138,0,-0.00356713198,0,0.001692164211,0,0.1225495396,0,12.21071923,-0.6854041152,0,0,0.6140593696,0
21.46,258.9623132,0,-799.6164313,0,0.1202137361,0,12.11899032,0,1.49264087,0,0.01695679798,0,-0.01592620203,0,-0.0032990509,0,0.001556826637,0,0.1225482603,0,12.21056522,-0.6854041152,0,0,0.6140593696,0
21.47,259.0844177,0,-799.6161567,0,0.1203833797,0,12.11882276,0,1.492609218,0,0.01697169057,0,-0.01758557652,0,-0.003031441861,0,0.00142173248,0,0.1225473651,0,12.21039505,-0.6854041152,0,0,0.6140593696,0
21.48,259.2065204,0,-799.6159029,0,0.1205531654,0,12.11863863,0,1.49258024,0,0.01698523347,0,-0.01923952055,0,-0.002764321393,0,0.001286890734,0,0.122546853,0,12.21020876,-0.6854041152,0,0,0.6140593696,0
21.49,259.3286213,0,-799.6156698,0,0.1207230799,0,12.11843798,0,1.49255393,0,0.01699742926,0,-0.02088792049,0,-0.002497705944,0,0.001152310347,0,0.1225467231,0,12.2100064,-0.6854041152,0,0,0.6140593696,0
21.5,259.4507201,0,-799.6154575,0,0.1208931096,0,12.11822089,0,1.492530284,0,0.01700828058,0,-0.02253066343,0,-0.00223161188,0,0.001018000218,0,0.1225469744,0,12.20978804,-0.6854041152,0,0,0.6140593696,0
21.51,259.5728167,0,-799.6152659,0,0.121063241,0,12.11798739,0,1.492509296,0,0.01701779019,0,-0.02416763714,0,-0.001966055481,0,0.0008839692017,0,0.1225476061,0,12.20955373,-0.6854041152,0,0,0.6140593696,0
21.52,259.6949108,0,-799.615095,0,0.1212334609,0,12.11773755,0,1.492490961,0,0.01702596093,0,-0.02579873012,0,-0.001701052947,0,0.0007502261028,0,0.122548617,0,12.20930353,-0.6854041152,0,0,0.6140593696,0
21.53,259.8170025,0,-799.6149448,0,0.1214037558,0,12.11747143,0,1.492475273,0,0.0170327957,0,-0.02742383156,0,-0.001436620391,0,0.00061677968,0,0.1225500062,0,12.20903749,-0.6854041152,0,0,0.6140593696,0
21.54,259.9390914,0,-799.6148151,0,0.1215741124,0,12.1171891,0,1.492462227,0,0.01703829754,0,-0.0290428314,0,-0.001172773846,0,0.000483638644,0,0.1225517726,0,12.20875567,-0.6854041152,0,0,0.6140593696,0
21.55,260.0611774,0,-799.6147061,0,0.1217445173,0,12.1168906,0,1.492451816,0,0.01704246952,0,-0.03065562027,0,-0.0009095292578,0,0.0003508116573,0,0.1225539151,0,12.20845814,-0.6854041152,0,0,0.6140593696,0
21.56,260.1832604,0,-799.6146175,0,0.1219149573,0,12.116576,0,1.492444034,0,0.01704531484,0,-0.03226208956,0,-0.0006469024922,0,0.000218307334,0,0.1225564327,0,12.20814496,-0.6854041152,0,0,0.6140593696,0
21.57,260.3053402,0,-799.6145494,0,0.1220854192,0,12.11624538,0,1.492438875,0,0.01704683677,0,-0.03386213137,0,-0.000384909329,0,8.613423983e-05,0,0.1225593242,0,12.20781618,-0.6854041152,0,0,0.6140593696,0
21.58,260.4274167,0,-799.6145018,0,0.1222558897,0,12.11589878,0,1.492436334,0,0.01704703866,0,-0.03545563858,0,-0.000123565465,0,-4.569910813e-05,0,0.1225625886,0,12.20747187,-0.6854041152,0,0,0.6140593696,0
21.59,260.5494896,0,-799.6144745,0,0.1224263556,0,12.11553629,0,1.492436402,0,0.01704592395,0,-0.03704250479,0,0.0001371134869,0,-0.0001771842419,0,0.1225662246,0,12.20711211,-0.6854041152,0,0,0.6140593696,0
21.6,260.6715588,0,-799.6144676,0,0.1225968038,0,12.11515796,0,1.492439074,0,0.01704349617,0,-0.03862262435,0,0.0003971119977,0,-0.0003083127425,0,0.1225702311,0,12.20673694,-0.6854041152,0,0,0.6140593696,0
21.61,260.7936243,0,-799.614481,0,0.1227672211,0,12.11476386,0,1.492444342,0,0.01703975891,0,-0.0401958924,0,0.0006564146223,0,-0.0004390762405,0,0.1225746069,0,12.20634644,-0.6854041152,0,0,0.6140593696,0
21.62,260.9156857,0,-799.6145146,0,0.1229375946,0,12.11435406,0,1.4924522,0,0.01703471588,0,-0.04176220482,0,0.0009150059997,0,-0.0005694664159,0,0.1225793508,0,12.20594068,-0.6854041152,0,0,0.6140593696,0
21.63,261.037743,0,-799.6145684,0,0.1231079111,0,12.11392864,0,1.49246264,0,0.01702837086,0,-0.04332145826,0,0.001172870853,0,-0.0006994749987,0,0.1225844615,0,12.20551973,-0.6854041152,0,0,0.6140593696,0
21.64,261.159796,0,-799.6146424,0,0.1232781577,0,12.11348766,0,1.492475654,0,0.01702072768,0,-0.04487355017,0,0.001429993989,0,-0.0008290937687,0,0.1225899379,0,12.20508365,-0.6854041152,0,0,0.6140593696,0
21.65,261.2818446,0,-799.6147364,0,0.1234483214,0,12.11303119,0,1.492491237,0,0.01701179031,0,-0.04641837876,0,0.0016863603,0,-0.000958314556,0,0.1225957786,0,12.20463251,-0.6854041152,0,0,0.6140593696,0
21.66,261.4038885,0,-799.6148505,0,0.1236183892,0,12.11255931,0,1.492509379,0,0.01700156275,0,-0.04795584302,0,0.001941954761,0,-0.001087129241,0,0.1226019823,0,12.20416639,-0.6854041152,0,0,0.6140593696,0
21.67,261.5259277,0,-799.6149845,0,0.1237883483,0,12.1120721,0,1.492530073,0,0.0169900491,0,-0.04948584277,0,0.002196762433,0,-0.001215529755,0,0.1226085478,0,12.20368537,-0.6854041152,0,0,0.6140593696,0
21.68,261.647962,0,-799.6151384,0,0.1239581859,0,12.11156962,0,1.492553312,0,0.01697725356,0,-0.05100827858,0,0.002450768459,0,-0.00134350808,0,0.1226154736,0,12.2031895,-0.6854041152,0,0,0.6140593696,0
21.69,261.7699913,0,-799.6153122,0,0.1241278891,0,12.11105196,0,1.492579086,0,0.01696318037,0,-0.05252305185,0,0.00270395807,0,-0.001471056249,0,0.1226227586,0,12.20267888,-0.6854041152,0,0,0.6140593696,0
21.7,261.8920153,0,-799.6155057,0,0.1242974453,0,12.11051919,0,1.492607388,0,0.01694783389,0,-0.05403006479,0,0.002956316577,0,-0.001598166346,0,0.1226304011,0,12.20215357,-0.6854041152,0,0,0.6140593696,0
21.71,262.0140339,0,-799.615719,0,0.1244668416,0,12.10997138,0,1.49263821,0,0.01693121853,0,-0.0555292204,0,0.003207829381,0,-0.001724830507,0,0.1226384,0,12.20161365,-0.6854041152,0,0,0.6140593696,0
21.72,262.1360471,0,-799.6159519,0,0.1246360654,0,12.10940863,0,1.492671542,0,0.0169133388,0,-0.05702042252,0,0.003458481964,0,-0.001851040918,0,0.1226467537,0,12.2010592,-0.6854041152,0,0,0.6140593696,0
21.73,262.2580546,0,-799.6162044,0,0.1248051042,0,12.108831,0,1.492707376,0,0.01689419925,0,-0.05850357581,0,0.003708259894,0,-0.001976789819,0,0.1226554609,0,12.2004903,-0.6854041152,0,0,0.6140593696,0
21.74,262.3800563,0,-799.6164764,0,0.1249739452,0,12.10823858,0,1.492745704,0,0.01687380456,0,-0.05997858573,0,0.003957148824,0,-0.0021020695,0,0.1226645201,0,12.19990702,-0.6854041152,0,0,0.6140593696,0
21.75,262.502052,0,-799.6167679,0,0.1251425761,0,12.10763146,0,1.492786516,0,0.01685215945,0,-0.0614453586,0,0.004205134492,0,-0.002226872305,0,0.1226739298,0,12.19930945,-0.6854041152,0,0,0.6140593696,0
21.76,262.6240417,0,-799.6170787,0,0.1253109843,0,12.10700971,0,1.492829804,0,0.01682926873,0,-0.06290380157,0,0.00445220272,0,-0.002351190628,0,0.1226836885,0,12.19869767,-0.6854041152,0,0,0.6140593696,0
21.77,262.7460251,0,-799.6174088,0,0.1254791573,0,12.10637341,0,1.492875557,0,0.01680513728,0,-0.06435382263,0,0.004698339417,0,-0.002475016918,0,0.1226937948,0,12.19807176,-0.6854041152,0,0,0.6140593696,0
21.78,262.8680021,0,-799.6177582,0,0.1256470829,0,12.10572266,0,1.492923767,0,0.01677977006,0,-0.0657953306,0,0.004943530577,0,-0.002598343675,0,0.1227042471,0,12.1974318,-0.6854041152,0,0,0.6140593696,0
21.79,262.9899726,0,-799.6181267,0,0.1258147486,0,12.10505753,0,1.492974425,0,0.0167531721,0,-0.06722823518,0,0.005187762278,0,-0.002721163452,0,0.1227150438,0,12.19677787,-0.6854041152,0,0,0.6140593696,0
21.8,263.1119365,0,-799.6185143,0,0.1259821422,0,12.10437812,0,1.493027519,0,0.0167253485,0,-0.06865244689,0,0.005431020685,0,-0.002843468856,0,0.1227261834,0,12.19611007,-0.6854041152,0,0,0.6140593696,0
21.81,263.2338935,0,-799.6189209,0,0.1261492515,0,12.10368451,0,1.493083042,0,0.01669630446,0,-0.07006787713,0,0.005673292048,0,-0.002965252545,0,0.1227376644,0,12.19542848,-0.6854041152,0,0,0.6140593696,0
21.82,263.3558436,0,-799.6193464,0,0.1263160643,0,12.10297679,0,1.493140982,0,0.01666604522,0,-0.07147443816,0,0.005914562701,0,-0.003086507234,0,0.1227494851,0,12.19473318,-0.6854041152,0,0,0.6140593696,0
21.83,263.4777866,0,-799.6197907,0,0.1264825684,0,12.10225505,0,1.49320133,0,0.0166345761,0,-0.0728720431,0,0.006154819068,0,-0.003207225688,0,0.1227616439,0,12.19402426,-0.6854041152,0,0,0.6140593696,0
21.84,263.5997223,0,-799.6202538,0,0.1266487518,0,12.10151938,0,1.493264075,0,0.01660190251,0,-0.07426060594,0,0.006394047656,0,-0.003327400727,0,0.1227741391,0,12.19330181,-0.6854041152,0,0,0.6140593696,0
21.85,263.7216507,0,-799.6207356,0,0.1268146024,0,12.10076987,0,1.493329207,0,0.01656802992,0,-0.07564004156,0,0.006632235057,0,-0.003447025225,0,0.1227869692,0,12.19256592,-0.6854041152,0,0,0.6140593696,0
21.86,263.8435716,0,-799.6212359,0,0.1269801084,0,12.10000661,0,1.493396716,0,0.01653296387,0,-0.07701026571,0,0.006869367953,0,-0.003566092111,0,0.1228001324,0,12.19181667,-0.6854041152,0,0,0.6140593696,0
21.87,263.9654849,0,-799.6217548,0,0.1271452578,0,12.0992297,0,1.493466591,0,0.01649670996,0,-0.07837119502,0,0.007105433108,0,-0.003684594366,0,0.1228136271,0,12.19105417,-0.6854041152,0,0,0.6140593696,0
21.88,264.0873904,0,-799.622292,0,0.1273100387,0,12.09843922,0,1.493538821,0,0.01645927388,0,-0.079722747,0,0.007340417377,0,-0.003802525028,0,0.1228274515,0,12.19027849,-0.6854041152,0,0,0.6140593696,0
21.89,264.2092879,0,-799.6228476,0,0.1274744393,0,12.09763527,0,1.493613396,0,0.01642066139,0,-0.08106484007,0,0.007574307697,0,-0.003919877186,0,0.122841604,0,12.18948974,-0.6854041152,0,0,0.6140593696,0
21.9,264.3311775,0,-799.6234214,0,0.127638448,0,12.09681795,0,1.493690303,0,0.01638087829,0,-0.08239739353,0,0.007807091094,0,-0.004036643986,0,0.1228560827,0,12.18868801,-0.6854041152,0,0,0.6140593696,0
21.91,264.4530589,0,-799.6240134,0,0.127802053,0,12.09598736,0,1.493769534,0,0.01633993048,0,-0.08372032758,0,0.008038754683,0,-0.00415281863,0,0.122870886,0,12.18787338,-0.6854041152,0,0,0.6140593696,0
21.92,264.574932,0,-799.6246234,0,0.1279652427,0,12.09514358,0,1.493851075,0,0.01629782392,0,-0.08503356333,0,0.008269285662,0,-0.004268394372,0,0.122886012,0,12.18704596,-0.6854041152,0,0,0.6140593696,0
21.93,264.6967966,0,-799.6252514,0,0.1281280056,0,12.09428672,0,1.493934916,0,0.01625456461,0,-0.08633702279,0,0.008498671319,0,-0.004383364524,0,0.122901459,0,12.18620584,-0.6854041152,0,0,0.6140593696,0
21.94,264.8186527,0,-799.6258972,0,0.1282903302,0,12.09341687,0,1.494021044,0,0.01621015867,0,-0.08763062887,0,0.008726899027,0,-0.00449772245,0,0.1229172251,0,12.18535312,-0.6854041152,0,0,0.6140593696,0
21.95,264.9405001,0,-799.6265608,0,0.128452205,0,12.09253414,0,1.49410945,0,0.01616461223,0,-0.08891430541,0,0.00895395625,0,-0.004611461572,0,0.1229333085,0,12.18448788,-0.6854041152,0,0,0.6140593696,0
21.96,265.0623387,0,-799.6272421,0,0.1286136187,0,12.09163862,0,1.49420012,0,0.01611793152,0,-0.09018797716,0,0.009179830537,0,-0.004724575368,0,0.1229497074,0,12.18361024,-0.6854041152,0,0,0.6140593696,0
21.97,265.1841684,0,-799.6279409,0,0.1287745599,0,12.09073041,0,1.494293042,0,0.01607012283,0,-0.09145156977,0,0.009404509525,0,-0.004837057369,0,0.1229664199,0,12.18272029,-0.6854041152,0,0,0.6140593696,0
21.98,265.305989,0,-799.6286572,0,0.1289350174,0,12.08980962,0,1.494388206,0,0.0160211925,0,-0.09270500984,0,0.00962798094,0,-0.004948901165,0,0.1229834442,0,12.18181812,-0.6854041152,0,0,0.6140593696,0
21.99,265.4278004,0,-799.6293909,0,0.12909498,0,12.08887635,0,1.494485598,0,0.01597114695,0,-0.09394822489,0,0.009850232597,0,-0.005060100399,0,0.1230007782,0,12.18090385,-0.6854041152,0,0,0.6140593696,0
22,265.5496025,0,-799.6301418,0,0.1292544366,0,12.08793069,0,1.494585206,0,0.01591999266,0,-0.09518114335,0,0.0100712524,0,-0.005170648773,0,0.1230184202,0,12.17997756,-0.6854041152,0,0,0.6140593696,0
22.01,265.6713951,0,-799.6309099,0,0.1294133762,0,12.08697276,0,1.494687019,0,0.01586773617,0,-0.0964036946,0,0.01029102833,0,-0.005280540043,0,0.1230363682,0,12.17903936,-0.6854041152,0,0,0.6140593696,0
22.02,265.7931783,0,-799.6316951,0,0.1295717877,0,12.08600265,0,1.494791023,0,0.01581438407,0,-0.09761580895,0,0.01050954848,0,-0.005389768023,0,0.1230546203,0,12.17808935,-0.6854041152,0,0,0.6140593696,0
22.03,265.9149517,0,-799.6324972,0,0.1297296602,0,12.08502048,0,1.494897205,0,0.01575994304,0,-0.09881741765,0,0.01072680101,0,-0.005498326584,0,0.1230731745,0,12.17712764,-0.6854041152,0,0,0.6140593696,0
22.04,266.0367154,0,-799.6333162,0,0.129886983,0,12.08402634,0,1.495005554,0,0.01570441979,0,-0.1000084529,0,0.01094277418,0,-0.005606209651,0,0.1230920287,0,12.17615433,-0.6854041152,0,0,0.6140593696,0
22.05,266.1584691,0,-799.6341519,0,0.1300437451,0,12.08302034,0,1.495116057,0,0.01564782111,0,-0.1011888478,0,0.01115745634,0,-0.005713411209,0,0.1231111811,0,12.17516951,-0.6854041152,0,0,0.6140593696,0
22.06,266.2802129,0,-799.6350042,0,0.1301999358,0,12.0820026,0,1.495228699,0,0.01559015386,0,-0.1023585364,0,0.01137083593,0,-0.005819925299,0,0.1231306296,0,12.17417331,-0.6854041152,0,0,0.6140593696,0
22.07,266.4019465,0,-799.6358731,0,0.1303555446,0,12.08097321,0,1.495343469,0,0.01553142492,0,-0.1035174538,0,0.01158290147,0,-0.005925746018,0,0.1231503723,0,12.17316581,-0.6854041152,0,0,0.6140593696,0
22.08,266.5236698,0,-799.6367584,0,0.1305105608,0,12.07993229,0,1.495460353,0,0.01547164127,0,-0.104665536,0,0.01179364158,0,-0.006030867522,0,0.1231704069,0,12.17214713,-0.6854041152,0,0,0.6140593696,0
22.09,266.6453828,0,-799.6376599,0,0.1306649739,0,12.07887994,0,1.495579337,0,0.01541080992,0,-0.1058027198,0,0.01200304497,0,-0.006135284023,0,0.1231907316,0,12.17111737,-0.6854041152,0,0,0.6140593696,0
22.1,266.7670854,0,-799.6385777,0,0.1308187735,0,12.07781627,0,1.495700409,0,0.01534893796,0,-0.1069289432,0,0.01221110044,0,-0.006238989793,0,0.1232113442,0,12.17007664,-0.6854041152,0,0,0.6140593696,0
22.11,266.8887773,0,-799.6395115,0,0.1309719492,0,12.07674139,0,1.495823555,0,0.01528603251,0,-0.108044145,0,0.01241779687,0,-0.006341979158,0,0.1232322427,0,12.16902506,-0.6854041152,0,0,0.6140593696,0
22.12,267.0104585,0,-799.6404613,0,0.1311244908,0,12.07565542,0,1.495948761,0,0.01522210078,0,-0.1091482651,0,0.01262312325,0,-0.006444246506,0,0.1232534249,0,12.16796271,-0.6854041152,0,0,0.6140593696,0
22.13,267.132129,0,-799.641427,0,0.1312763879,0,12.07455847,0,1.496076013,0,0.01515715001,0,-0.1102412441,0,0.01282706865,0,-0.006545786279,0,0.1232748888,0,12.16688972,-0.6854041152,0,0,0.6140593696,0
22.14,267.2537885,0,-799.6424084,0,0.1314276304,0,12.07345063,0,1.496205297,0,0.0150911875,0,-0.1113230239,0,0.01302962223,0,-0.00664659298,0,0.1232966321,0,12.1658062,-0.6854041152,0,0,0.6140593696,0
22.15,267.375437,0,-799.6434053,0,0.1315782083,0,12.07233204,0,1.4963366,0,0.01502422061,0,-0.1123935471,0,0.01323077325,0,-0.00674666117,0,0.1233186529,0,12.16471225,-0.6854041152,0,0,0.6140593696,0
22.16,267.4970744,0,-799.6444178,0,0.1317281115,0,12.0712028,0,1.496469908,0,0.01495625675,0,-0.1134527575,0,0.01343051106,0,-0.006845985466,0,0.1233409488,0,12.16360799,-0.6854041152,0,0,0.6140593696,0
22.17,267.6187006,0,-799.6454456,0,0.1318773301,0,12.07006303,0,1.496605206,0,0.0148873034,0,-0.1145005996,0,0.01362882509,0,-0.006944560547,0,0.1233635178,0,12.16249352,-0.6854041152,0,0,0.6140593696,0
22.18,267.7403154,0,-799.6464887,0,0.1320258543,0,12.06891283,0,1.49674248,0,0.01481736806,0,-0.1155370191,0,0.01382570488,0,-0.007042381149,0,0.1233863576,0,12.16136896,-0.6854041152,0,0,0.6140593696,0
22.19,267.8619189,0,-799.6475469,0,0.1321736742,0,12.06775232,0,1.496881715,0,0.01474645831,0,-0.1165619626,0,0.01402114006,0,-0.007139442065,0,0.1234094661,0,12.16023441,-0.6854041152,0,0,0.6140593696,0
22.2,267.9835107,0,-799.6486201,0,0.1323207802,0,12.06658163,0,1.497022898,0,0.01467458176,0,-0.1175753776,0,0.01421512034,0,-0.007235738151,0,0.1234328409,0,12.15909,-0.6854041152,0,0,0.6140593696,0
22.21,268.105091,0,-799.6497082,0,0.1324671626,0,12.06540085,0,1.497166013,0,0.01460174611,0,-0.1185772128,0,0.01440763554,0,-0.007331264318,0,0.12345648,0,12.15793584,-0.6854041152,0,0,0.6140593696,0
22.22,268.2266596,0,-799.6508111,0,0.132612812,0,12.06421012,0,1.497311046,0,0.01452795906,0,-0.1195674176,0,0.01459867557,0,-0.007426015538,0,0.1234803811,0,12.15677203,-0.6854041152,0,0,0.6140593696,0
22.23,268.3482163,0,-799.6519286,0,0.1327577187,0,12.06300954,0,1.497457981,0,0.0144532284,0,-0.1205459427,0,0.01478823043,0,-0.007519986844,0,0.1235045418,0,12.1555987,-0.6854041152,0,0,0.6140593696,0
22.24,268.4697611,0,-799.6530606,0,0.1329018734,0,12.06179924,0,1.497606805,0,0.01437756194,0,-0.1215127394,0,0.01497629021,0,-0.007613173325,0,0.12352896,0,12.15441595,-0.6854041152,0,0,0.6140593696,0
22.25,268.5912939,0,-799.654207,0,0.1330452668,0,12.06057933,0,1.497757502,0,0.01430096756,0,-0.1224677603,0,0.01516284511,0,-0.007705570132,0,0.1235536333,0,12.15322391,-0.6854041152,0,0,0.6140593696,0
22.26,268.7128146,0,-799.6553676,0,0.1331878897,0,12.05934993,0,1.497910057,0,0.01422345319,0,-0.1234109589,0,0.01534788542,0,-0.007797172476,0,0.1235785594,0,12.15202268,-0.6854041152,0,0,0.6140593696,0
22.27,268.8343231,0,-799.6565423,0,0.1333297329,0,12.05811115,0,1.498064455,0,0.01414502678,0,-0.1243422896,0,0.01553140151,0,-0.007887975625,0,0.1236037361,0,12.15081238,-0.6854041152,0,0,0.6140593696,0
22.28,268.9558193,0,-799.6577311,0,0.1334707872,0,12.05686312,0,1.49822068,0,0.01406569635,0,-0.1252617079,0,0.01571338386,0,-0.00797797491,0,0.123629161,0,12.14959314,-0.6854041152,0,0,0.6140593696,0
22.29,269.0773032,0,-799.6589337,0,0.1336110438,0,12.05560596,0,1.498378717,0,0.01398546997,0,-0.1261691703,0,0.01589382306,0,-0.00806716572,0,0.1236548317,0,12.14836506,-0.6854041152,0,0,0.6140593696,0
22.3,269.1987745,0,-799.66015,0,0.1337504937,0,12.05433978,0,1.498538551,0,0.01390435575,0,-0.1270646341,0,0.01607270976,0,-0.008155543506,0,0.123680746,0,12.14712827,-0.6854041152,0,0,0.6140593696,0
22.31,269.3202334,0,-799.66138,0,0.133889128,0,12.0530647,0,1.498700166,0,0.01382236183,0,-0.1279480579,0,0.01625003475,0,-0.008243103779,0,0.1237069014,0,12.14588288,-0.6854041152,0,0,0.6140593696,0
22.32,269.4416796,0,-799.6626234,0,0.134026938,0,12.05178086,0,1.498863547,0,0.01373949641,0,-0.1288194011,0,0.01642578889,0,-0.008329842109,0,0.1237332956,0,12.14462901,-0.6854041152,0,0,0.6140593696,0
22.33,269.5631131,0,-799.6638801,0,0.134163915,0,12.05048836,0,1.499028677,0,0.01365576774,0,-0.1296786241,0,0.01659996313,0,-0.008415754127,0,0.1237599262,0,12.14336677,-0.6854041152,0,0,0.6140593696,0
22.34,269.6845337,0,-799.6651501,0,0.1343000505,0,12.04918732,0,1.499195541,0,0.0135711841,0,-0.1305256882,0,0.01677254855,0,-0.008500835526,0,0.1237867908,0,12.14209629,-0.6854041152,0,0,0.6140593696,0
22.35,269.8059415,0,-799.6664331,0,0.1344353359,0,12.04787788,0,1.499364122,0,0.01348575381,0,-0.1313605561,0,0.01694353631,0,-0.008585082059,0,0.123813887,0,12.14081769,-0.6854041152,0,0,0.6140593696,0
22.36,269.9273364,0,-799.667729,0,0.1345697628,0,12.04656015,0,1.499534406,0,0.01339948525,0,-0.132183191,0,0.01711291766,0,-0.00866848954,0,0.1238412123,0,12.13953108,-0.6854041152,0,0,0.6140593696,0
22.37,270.0487182,0,-799.6690378,0,0.1347033228,0,12.04523426,0,1.499706375,0,0.01331238683,0,-0.1329935574,0,0.01728068396,0,-0.008751053844,0,0.1238687644,0,12.13823659,-0.6854041152,0,0,0.6140593696,0
22.38,270.1700868,0,-799.6703592,0,0.1348360078,0,12.04390032,0,1.499880014,0,0.013224467,0,-0.1337916208,0,0.01744682668,0,-0.008832770907,0,0.1238965407,0,12.13693433,-0.6854041152,0,0,0.6140593696,0
22.39,270.2914423,0,-799.6716931,0,0.1349678095,0,12.04255847,0,1.500055306,0,0.01313573425,0,-0.1345773475,0,0.01761133737,0,-0.008913636726,0,0.1239245388,0,12.13562443,-0.6854041152,0,0,0.6140593696,0
22.4,270.4127845,0,-799.6730394,0,0.1350987198,0,12.04120882,0,1.500232236,0,0.01304619712,0,-0.135350705,0,0.01777420769,0,-0.008993647362,0,0.1239527563,0,12.13430701,-0.6854041152,0,0,0.6140593696,0
22.41,270.5341133,0,-799.674398,0,0.1352287307,0,12.03985149,0,1.500410785,0,0.01295586417,0,-0.1361116617,0,0.01793542941,0,-0.009072798933,0,0.1239811906,0,12.13298218,-0.6854041152,0,0,0.6140593696,0
22.42,270.6554288,0,-799.6757687,0,0.1353578344,0,12.03848663,0,1.500590939,0,0.01286474402,0,-0.136860187,0,0.01809499439,0,-0.009151087623,0,0.1240098393,0,12.13165007,-0.6854041152,0,0,0.6140593696,0
22.43,270.7767307,0,-799.6771513,0,0.135486023,0,12.03711433,0,1.500772679,0,0.01277284531,0,-0.1375962514,0,0.01825289459,0,-0.009228509675,0,0.1240386998,0,12.1303108,-0.6854041152,0,0,0.6140593696,0
22.44,270.8980191,0,-799.6785457,0,0.1356132888,0,12.03573474,0,1.500955991,0,0.01268017672,0,-0.1383198263,0,0.01840912207,0,-0.009305061395,0,0.1240677696,0,12.12896449,-0.6854041152,0,0,0.6140593696,0
22.45,271.0192938,0,-799.6799519,0,0.135739624,0,12.03434798,0,1.501140856,0,0.01258674699,0,-0.1390308842,0,0.01856366901,0,-0.009380739152,0,0.1240970463,0,12.12761127,-0.6854041152,0,0,0.6140593696,0
22.46,271.1405548,0,-799.6813696,0,0.1358650212,0,12.03295417,0,1.501327259,0,0.01249256487,0,-0.1397293984,0,0.01871652768,0,-0.009455539374,0,0.1241265273,0,12.12625125,-0.6854041152,0,0,0.6140593696,0
22.47,271.2618021,0,-799.6827986,0,0.1359894728,0,12.03155343,0,1.501515181,0,0.01239763914,0,-0.1404153435,0,0.01886769046,0,-0.009529458554,0,0.1241562099,0,12.12488457,-0.6854041152,0,0,0.6140593696,0
22.48,271.3830355,0,-799.684239,0,0.1361129715,0,12.0301459,0,1.501704607,0,0.01230197864,0,-0.1410886949,0,0.01901714982,0,-0.009602493247,0,0.1241860917,0,12.12351134,-0.6854041152,0,0,0.6140593696,0
22.49,271.5042551,0,-799.6856904,0,0.13623551,0,12.0287317,0,1.501895518,0,0.01220559223,0,-0.1417494291,0,0.01916489835,0,-0.00967464007,0,0.1242161701,0,12.12213168,-0.6854041152,0,0,0.6140593696,0
22.5,271.6254606,0,-799.6871529,0,0.136357081,0,12.02731095,0,1.502087899,0,0.01210848881,0,-0.1423975234,0,0.01931092874,0,-0.009745895702,0,0.1242464426,0,12.12074572,-0.6854041152,0,0,0.6140593696,0
22.51,271.7466522,0,-799.6886261,0,0.1364776774,0,12.02588379,0,1.502281731,0,0.0120106773,0,-0.1430329564,0,0.01945523379,0,-0.009816256886,0,0.1242769064,0,12.11935359,-0.6854041152,0,0,0.6140593696,0
22.52,271.8678296,0,-799.6901101,0,0.1365972922,0,12.02445034,0,1.502476998,0,0.01191216667,0,-0.1436557076,0,0.01959780639,0,-0.009885720426,0,0.1243075591,0,12.1179554,-0.6854041152,0,0,0.6140593696,0
22.53,271.988993,0,-799.6916045,0,0.1367159184,0,12.02301072,0,1.502673682,0,0.0118129659,0,-0.1442657573,0,0.01973863955,0,-0.009954283192,0,0.124338398,0,12.11655128,-0.6854041152,0,0,0.6140593696,0
22.54,272.1101421,0,-799.6931094,0,0.1368335493,0,12.02156507,0,1.502871765,0,0.01171308402,0,-0.1448630871,0,0.01987772639,0,-0.01002194211,0,0.1243694204,0,12.11514136,-0.6854041152,0,0,0.6140593696,0
22.55,272.2312769,0,-799.6946245,0,0.1369501779,0,12.0201135,0,1.50307123,0,0.01161253008,0,-0.1454476795,0,0.02001506013,0,-0.01008869418,0,0.1244006239,0,12.11372576,-0.6854041152,0,0,0.6140593696,0
22.56,272.3523975,0,-799.6961497,0,0.1370657977,0,12.01865615,0,1.50327206,0,0.01151131316,0,-0.1460195178,0,0.02015063409,0,-0.01015453646,0,0.1244320056,0,12.1123046,-0.6854041152,0,0,0.6140593696,0
22.57,272.4735037,0,-799.6976849,0,0.137180402,0,12.01719315,0,1.503474237,0,0.01140944239,0,-0.1465785866,0,0.02028444171,0,-0.01021946607,0,0.1244635631,0,12.11087801,-0.6854041152,0,0,0.6140593696,0
22.58,272.5945955,0,-799.6992298,0,0.1372939844,0,12.01572462,0,1.503677743,0,0.01130692689,0,-0.1471248714,0,0.02041647654,0,-0.01028348018,0,0.1244952936,0,12.10944611,-0.6854041152,0,0,0.6140593696,0
22.59,272.7156728,0,-799.7007844,0,0.1374065384,0,12.0142507,0,1.503882561,0,0.01120377585,0,-0.1476583587,0,0.02054673223,0,-0.01034657606,0,0.1245271944,0,12.10800903,-0.6854041152,0,0,0.6140593696,0
22.6,272.8367355,0,-799.7023485,0,0.1375180578,0,12.0127715,0,1.504088672,0,0.01109999844,0,-0.1481790358,0,0.02067520255,0,-0.01040875101,0,0.1245592629,0,12.10656689,-0.6854041152,0,0,0.6140593696,0
22.61,272.9577837,0,-799.703922,0,0.1376285363,0,12.01128716,0,1.504296059,0,0.01099560391,0,-0.1486868913,0,0.02080188136,0,-0.0104700024,0,0.1245914965,0,12.10511982,-0.6854041152,0,0,0.6140593696,0
22.62,273.0788173,0,-799.7055047,0,0.1377379678,0,12.00979781,0,1.504504704,0,0.01089060148,0,-0.1491819146,0,0.02092676266,0,-0.01053032768,0,0.1246238923,0,12.10366795,-0.6854041152,0,0,0.6140593696,0
22.63,273.1998363,0,-799.7070964,0,0.1378463463,0,12.00830356,0,1.504714588,0,0.01078500045,0,-0.1496640962,0,0.02104984055,0,-0.01058972435,0,0.1246564478,0,12.10221139,-0.6854041152,0,0,0.6140593696,0
22.64,273.3208405,0,-799.7086971,0,0.1379536659,0,12.00680457,0,1.504925694,0,0.0106788101,0,-0.1501334276,0,0.02117110922,0,-0.01064818997,0,0.1246891602,0,12.10075028,-0.6854041152,0,0,0.6140593696,0
22.65,273.44183,0,-799.7103065,0,0.1380599206,0,12.00530094,0,1.505138004,0,0.01057203976,0,-0.1505899012,0,0.02129056299,0,-0.01070572217,0,0.1247220268,0,12.09928473,-0.6854041152,0,0,0.6140593696,0
22.66,273.5628047,0,-799.7119245,0,0.1381651048,0,12.00379281,0,1.505351499,0,0.01046469877,0,-0.1510335105,0,0.02140819631,0,-0.01076231866,0,0.1247550448,0,12.09781488,-0.6854041152,0,0,0.6140593696,0
22.67,273.6837645,0,-799.713551,0,0.1382692127,0,12.00228031,0,1.505566162,0,0.01035679651,0,-0.1514642499,0,0.02152400371,0,-0.01081797718,0,0.1247882116,0,12.09634086,-0.6854041152,0,0,0.6140593696,0
22.68,273.8047095,0,-799.7151858,0,0.1383722389,0,12.00076357,0,1.505781973,0,0.01024834236,0,-0.1518821148,0,0.02163797985,0,-0.01087269557,0,0.1248215245,0,12.09486278,-0.6854041152,0,0,0.6140593696,0
22.69,273.9256395,0,-799.7168287,0,0.1384741777,0,11.99924271,0,1.505998915,0,0.01013934574,0,-0.1522871016,0,0.02175011951,0,-0.01092647171,0,0.1248549806,0,12.09338077,-0.6854041152,0,0,0.6140593696,0
22.7,274.0465547,0,-799.7184797,0,0.138575024,0,11.99771787,0,1.50621697,0,0.01002981608,0,-0.1526792078,0,0.02186041757,0,-0.01097930356,0,0.1248885772,0,12.09189496,-0.6854041152,0,0,0.6140593696,0
22.71,274.1674548,0,-799.7201385,0,0.1386747723,0,11.99618917,0,1.506436118,0,0.009919762826,0,-0.1530584317,0,0.02196886903,0,-0.01103118913,0,0.1249223116,0,12.09040547,-0.6854041152,0,0,0.6140593696,0
22.72,274.2883399,0,-799.721805,0,0.1387734175,0,11.99465674,0,1.506656341,0,0.009809195457,0,-0.1534247727,0,0.02207546901,0,-0.01108212651,0,0.1249561809,0,12.08891243,-0.6854041152,0,0,0.6140593696,0
22.73,274.4092099,0,-799.723479,0,0.1388709546,0,11.99312072,0,1.506877621,0,0.009698123462,0,-0.1537782312,0,0.02218021275,0,-0.01113211384,0,0.1249901825,0,12.08741597,-0.6854041152,0,0,0.6140593696,0
22.74,274.5300649,0,-799.7251605,0,0.1389673784,0,11.99158122,0,1.507099939,0,0.009586556353,0,-0.1541188085,0,0.0222830956,0,-0.01118114933,0,0.1250243136,0,12.0859162,-0.6854041152,0,0,0.6140593696,0
22.75,274.6509048,0,-799.7268492,0,0.1390626841,0,11.99003839,0,1.507323277,0,0.009474503655,0,-0.154446507,0,0.02238411301,0,-0.01122923127,0,0.1250585713,0,12.08441326,-0.6854041152,0,0,0.6140593696,0
22.76,274.7717295,0,-799.7285449,0,0.1391568668,0,11.98849234,0,1.507547615,0,0.009361974912,0,-0.1547613299,0,0.02248326058,0,-0.01127635799,0,0.1250929529,0,12.08290728,-0.6854041152,0,0,0.6140593696,0
22.77,274.892539,0,-799.7302477,0,0.139249922,0,11.9869432,0,1.507772936,0,0.009248979684,0,-0.1550632814,0,0.02258053402,0,-0.0113225279,0,0.1251274556,0,12.08139837,-0.6854041152,0,0,0.6140593696,0
22.78,275.0133333,0,-799.7319572,0,0.1393418449,0,11.98539111,0,1.507999219,0,0.009135527548,0,-0.155352367,0,0.02267592913,0,-0.01136773948,0,0.1251620765,0,12.07988666,-0.6854041152,0,0,0.6140593696,0
22.79,275.1341124,0,-799.7336733,0,0.1394326311,0,11.9838362,0,1.508226448,0,0.009021628094,0,-0.1556285927,0,0.02276944186,0,-0.01141199126,0,0.125196813,0,12.07837228,-0.6854041152,0,0,0.6140593696,0
22.8,275.2548763,0,-799.7353959,0,0.139522276,0,11.98227858,0,1.508454602,0,0.008907290927,0,-0.1558919658,0,0.02286106827,0,-0.01145528185,0,0.1252316621,0,12.07685536,-0.6854041152,0,0,0.6140593696,0
22.81,275.3756249,0,-799.7371248,0,0.1396107755,0,11.9807184,0,1.508683663,0,0.008792525666,0,-0.1561424944,0,0.02295080454,0,-0.01149760992,0,0.125266621,0,12.07533601,-0.6854041152,0,0,0.6140593696,0
22.82,275.4963582,0,-799.7388599,0,0.1396981251,0,11.97915578,0,1.508913612,0,0.008677341941,0,-0.1563801877,0,0.02303864697,0,-0.0115389742,0,0.125301687,0,12.07381437,-0.6854041152,0,0,0.6140593696,0
22.83,275.6170761,0,-799.7406011,0,0.1397843209,0,11.97759084,0,1.50914443,0,0.008561749398,0,-0.1566050557,0,0.02312459198,0,-0.01157937349,0,0.1253368572,0,12.07229055,-0.6854041152,0,0,0.6140593696,0
22.84,275.7377788,0,-799.7423481,0,0.1398693588,0,11.97602372,0,1.509376097,0,0.008445757692,0,-0.1568171095,0,0.02320863612,0,-0.01161880666,0,0.1253721288,0,12.07076469,-0.6854041152,0,0,0.6140593696,0
22.85,275.858466,0,-799.7441007,0,0.1399532348,0,11.97445454,0,1.509608596,0,0.008329376489,0,-0.1570163611,0,0.02329077604,0,-0.01165727263,0,0.1254074989,0,12.06923691,-0.6854041152,0,0,0.6140593696,0
22.86,275.979138,0,-799.745859,0,0.1400359451,0,11.97288343,0,1.509841906,0,0.008212615467,0,-0.1572028234,0,0.02337100854,0,-0.01169477042,0,0.1254429646,0,12.06770733,-0.6854041152,0,0,0.6140593696,0
22.87,276.0997945,0,-799.7476226,0,0.1401174859,0,11.97131053,0,1.51007601,0,0.008095484312,0,-0.1573765104,0,0.02344933053,0,-0.01173129907,0,0.1254785233,0,12.06617608,-0.6854041152,0,0,0.6140593696,0
22.88,276.2204356,0,-799.7493915,0,0.1401978535,0,11.96973595,0,1.510310887,0,0.007977992719,0,-0.157537437,0,0.02352573903,0,-0.01176685773,0,0.1255141719,0,12.06464328,-0.6854041152,0,0,0.6140593696,0
22.89,276.3410613,0,-799.7511655,0,0.1402770445,0,11.96815982,0,1.510546518,0,0.007860150393,0,-0.157685619,0,0.02360023121,0,-0.01180144558,0,0.1255499077,0,12.06310906,-0.6854041152,0,0,0.6140593696,0
22.9,276.4616716,0,-799.7529445,0,0.1403550554,0,11.96658228,0,1.510782885,0,0.007741967046,0,-0.1578210731,0,0.02367280436,0,-0.01183506188,0,0.1255857279,0,12.06157354,-0.6854041152,0,0,0.6140593696,0
22.91,276.5822665,0,-799.7547282,0,0.1404318828,0,11.96500344,0,1.511019968,0,0.007623452397,0,-0.157943817,0,0.02374345586,0,-0.01186770597,0,0.1256216294,0,12.06003684,-0.6854041152,0,0,0.6140593696,0
22.92,276.7028459,0,-799.7565165,0,0.1405075234,0,11.96342344,0,1.511257748,0,0.00750461617,0,-0.1580538694,0,0.02381218327,0,-0.01189937724,0,0.1256576096,0,12.0584991,-0.6854041152,0,0,0.6140593696,0
22.93,276.8234099,0,-799.7583094,0,0.1405819741,0,11.96184241,0,1.511496205,0,0.007385468097,0,-0.1581512499,0,0.02387898423,0,-0.01193007515,0,0.1256936654,0,12.05696042,-0.6854041152,0,0,0.6140593696,0
22.94,276.9439584,0,-799.7601065,0,0.1406552317,0,11.96026046,0,1.511735321,0,0.007266017913,0,-0.158235979,0,0.02394385653,0,-0.01195979923,0,0.1257297941,0,12.05542094,-0.6854041152,0,0,0.6140593696,0
22.95,277.0644914,0,-799.7619078,0,0.1407272935,0,11.95867773,0,1.511975076,0,0.00714627536,0,-0.1583080782,0,0.02400679809,0,-0.01198854906,0,0.1257659929,0,12.05388077,-0.6854041152,0,0,0.6140593696,0
22.96,277.185009,0,-799.7637131,0,0.1407981563,0,11.95709434,0,1.51221545,0,0.007026250181,0,-0.1583675698,0,0.02406780694,0,-0.0120163243,0,0.1258022587,0,12.05234005,-0.6854041152,0,0,0.6140593696,0
22.97,277.3055111,0,-799.7655223,0,0.1408678175,0,11.95551042,0,1.512456425,0,0.006905952123,0,-0.1584144772,0,0.02412688124,0,-0.01204312469,0,0.1258385887,0,12.05079889,-0.6854041152,0,0,0.6140593696,0
22.98,277.4259978,0,-799.7673352,0,0.1409362745,0,11.95392609,0,1.512697982,0,0.006785390937,0,-0.1584488245,0,0.0241840193,0,-0.01206895002,0,0.1258749802,0,12.04925741,-0.6854041152,0,0,0.6140593696,0
22.99,277.546469,0,-799.7691517,0,0.1410035245,0,11.95234148,0,1.512940099,0,0.006664576374,0,-0.1584706369,0,0.02423921953,0,-0.01209380013,0,0.1259114301,0,12.04771575,-0.6854041152,0,0,0.6140593696,0
23,277.6669247,0,-799.7709716,0,0.1410695652,0,11.95075672,0,1.513182759,0,0.006543518186,0,-0.1584799406,0,0.02429248049,0,-0.01211767496,0,0.1259479357,0,12.04617401,-0.6854041152,0,0,0.6140593696,0
23.01,277.7873649,0,-799.7727947,0,0.1411343941,0,11.94917193,0,1.513425942,0,0.006422226126,0,-0.1584767624,0,0.02434380086,0,-0.0121405745,0,0.1259844939,0,12.04463232,-0.6854041152,0,0,0.6140593696,0
23.02,277.9077897,0,-799.7746209,0,0.141198009,0,11.94758723,0,1.513669629,0,0.006300709947,0,-0.1584611302,0,0.02439317945,0,-0.0121624988,0,0.1260211021,0,12.04309081,-0.6854041152,0,0,0.6140593696,0
23.03,278.028199,0,-799.77645,0,0.1412604076,0,11.94600275,0,1.5139138,0,0.006178979401,0,-0.1584330729,0,0.0244406152,0,-0.01218344799,0,0.1260577572,0,12.04154959,-0.6854041152,0,0,0.6140593696,0
23.04,278.1485928,0,-799.7782819,0,0.1413215879,0,11.94441861,0,1.514158435,0,0.006057044237,0,-0.1583926202,0,0.02448610719,0,-0.01220342226,0,0.1260944564,0,12.04000879,-0.6854041152,0,0,0.6140593696,0
23.05,278.2689712,0,-799.7801165,0,0.1413815478,0,11.94283493,0,1.514403515,0,0.005934914205,0,-0.1583398025,0,0.02452965462,0,-0.01222242187,0,0.1261311968,0,12.03846852,-0.6854041152,0,0,0.6140593696,0
23.06,278.3893342,0,-799.7819536,0,0.1414402855,0,11.94125185,0,1.514649021,0,0.005812599048,0,-0.1582746515,0,0.02457125682,0,-0.01224044714,0,0.1261679755,0,12.0369289,-0.6854041152,0,0,0.6140593696,0
23.07,278.5096817,0,-799.783793,0,0.1414977992,0,11.93966948,0,1.514894934,0,0.005690108508,0,-0.1581971994,0,0.02461091327,0,-0.01225749847,0,0.1262047897,0,12.03539006,-0.6854041152,0,0,0.6140593696,0
23.08,278.6300139,0,-799.7856345,0,0.1415540872,0,11.93808795,0,1.515141233,0,0.005567452324,0,-0.1581074796,0,0.02464862355,0,-0.0122735763,0,0.1262416364,0,12.03385212,-0.6854041152,0,0,0.6140593696,0
23.09,278.7503306,0,-799.7874781,0,0.1416091477,0,11.93650737,0,1.5153879,0,0.005444640226,0,-0.1580055261,0,0.02468438742,0,-0.01228868117,0,0.1262785128,0,12.03231519,-0.6854041152,0,0,0.6140593696,0
23.1,278.8706319,0,-799.7893236,0,0.1416629795,0,11.93492788,0,1.515634914,0,0.005321681942,0,-0.1578913741,0,0.02471820473,0,-0.01230281366,0,0.126315416,0,12.03077939,-0.6854041152,0,0,0.6140593696,0
23.11,278.9909178,0,-799.7911708,0,0.1417155809,0,11.93334959,0,1.515882257,0,0.005198587192,0,-0.1577650594,0,0.02475007548,0,-0.01231597443,0,0.1263523431,0,12.02924484,-0.6854041152,0,0,0.6140593696,0
23.12,279.1111884,0,-799.7930196,0,0.1417669508,0,11.93177262,0,1.516129909,0,0.00507536569,0,-0.1576266188,0,0.0247799998,0,-0.01232816421,0,0.1263892913,0,12.02771166,-0.6854041152,0,0,0.6140593696,0
23.13,279.2314436,0,-799.7948698,0,0.1418170879,0,11.93019709,0,1.516377851,0,0.004952027142,0,-0.1574760899,0,0.02480797797,0,-0.01233938379,0,0.1264262576,0,12.02617996,-0.6854041152,0,0,0.6140593696,0
23.14,279.3516835,0,-799.7967212,0,0.141865991,0,11.92862314,0,1.516626063,0,0.004828581246,0,-0.1573135113,0,0.02483401039,0,-0.01234963402,0,0.1264632391,0,12.02464987,-0.6854041152,0,0,0.6140593696,0
23.15,279.4719081,0,-799.7985738,0,0.1419136592,0,11.92705086,0,1.516874525,0,0.00470503769,0,-0.1571389222,0,0.02485809758,0,-0.01235891582,0,0.1265002331,0,12.0231215,-0.6854041152,0,0,0.6140593696,0
23.16,279.5921174,0,-799.8004274,0,0.1419600914,0,11.9254804,0,1.517123218,0,0.004581406154,0,-0.1569523629,0,0.02488024024,0,-0.01236723019,0,0.1265372366,0,12.02159497,-0.6854041152,0,0,0.6140593696,0
23.17,279.7123114,0,-799.8022818,0,0.142005287,0,11.92391186,0,1.517372123,0,0.004457696308,0,-0.1567538744,0,0.02490043916,0,-0.01237457818,0,0.1265742468,0,12.02007039,-0.6854041152,0,0,0.6140593696,0
23.18,279.8324902,0,-799.8041368,0,0.1420492451,0,11.92234536,0,1.51762122,0,0.004333917808,0,-0.1565434987,0,0.0249186953,0,-0.01238096092,0,0.1266112607,0,12.01854788,-0.6854041152,0,0,0.6140593696,0
23.19,279.9526537,0,-799.8059924,0,0.1420919652,0,11.92078103,0,1.51787049,0,0.004210080303,0,-0.1563212786,0,0.02493500972,0,-0.0123863796,0,0.1266482755,0,12.01702755,-0.6854041152,0,0,0.6140593696,0
23.2,280.0728021,0,-799.8078484,0,0.1421334466,0,11.91921897,0,1.518119914,0,0.004086193426,0,-0.1560872575,0,0.02494938366,0,-0.01239083547,0,0.1266852884,0,12.01550952,-0.6854041152,0,0,0.6140593696,0
23.21,280.1929353,0,-799.8097046,0,0.1421736889,0,11.91765932,0,1.518369472,0,0.003962266799,0,-0.1558414799,0,0.02496181846,0,-0.01239432986,0,0.1267222965,0,12.0139939,-0.6854041152,0,0,0.6140593696,0
23.22,280.3130533,0,-799.8115608,0,0.1422126918,0,11.91610218,0,1.518619144,0,0.003838310029,0,-0.155583991,0,0.02497231561,0,-0.01239686415,0,0.1267592969,0,12.01248082,-0.6854041152,0,0,0.6140593696,0
23.23,280.4331562,0,-799.813417,0,0.142250455,0,11.91454768,0,1.518868912,0,0.003714332712,0,-0.155314837,0,0.02498087675,0,-0.0123984398,0,0.1267962868,0,12.01097037,-0.6854041152,0,0,0.6140593696,0
23.24,280.553244,0,-799.815273,0,0.1422869784,0,11.91299593,0,1.519118755,0,0.003590344424,0,-0.1550340647,0,0.02498750365,0,-0.01239905833,0,0.1268332632,0,12.00946267,-0.6854041152,0,0,0.6140593696,0
23.25,280.6733168,0,-799.8171287,0,0.1423222619,0,11.91144704,0,1.519368655,0,0.00346635473,0,-0.1547417218,0,0.0249921982,0,-0.01239872133,0,0.1268702235,0,12.00795785,-0.6854041152,0,0,0.6140593696,0
23.26,280.7933745,0,-799.8189838,0,0.1423563056,0,11.90990113,0,1.519618593,0,0.003342373177,0,-0.1544378567,0,0.02499496245,0,-0.01239743046,0,0.1269071647,0,12.006456,-0.6854041152,0,0,0.6140593696,0
23.27,280.9134173,0,-799.8208382,0,0.1423891095,0,11.90835832,0,1.519868548,0,0.003218409295,0,-0.1541225189,0,0.02499579859,0,-0.01239518743,0,0.1269440839,0,12.00495724,-0.6854041152,0,0,0.6140593696,0
23.28,281.033445,0,-799.8226919,0,0.1424206738,0,11.90681872,0,1.520118502,0,0.003094472597,0,-0.1537957583,0,0.02499470893,0,-0.01239199403,0,0.1269809784,0,12.00346168,-0.6854041152,0,0,0.6140593696,0
23.29,281.1534579,0,-799.8245446,0,0.142450999,0,11.90528244,0,1.520368436,0,0.002970572577,0,-0.153457626,0,0.02499169593,0,-0.01238785211,0,0.1270178453,0,12.00196943,-0.6854041152,0,0,0.6140593696,0
23.3,281.2734559,0,-799.8263963,0,0.1424800854,0,11.9037496,0,1.52061833,0,0.00284671871,0,-0.1531081735,0,0.0249867622,0,-0.01238276359,0,0.1270546818,0,12.0004806,-0.6854041152,0,0,0.6140593696,0
23.31,281.393439,0,-799.8282467,0,0.1425079336,0,11.90222031,0,1.520868165,0,0.002722920454,0,-0.1527474534,0,0.02497991047,0,-0.01237673046,0,0.127091485,0,11.99899531,-0.6854041152,0,0,0.6140593696,0
23.32,281.5134073,0,-799.8300957,0,0.1425345441,0,11.90069469,0,1.521117921,0,0.002599187243,0,-0.1523755188,0,0.02497114361,0,-0.01236975476,0,0.1271282522,0,11.99751365,-0.6854041152,0,0,0.6140593696,0
23.33,281.6333608,0,-799.8319432,0,0.1425599176,0,11.89917284,0,1.521367581,0,0.002475528494,0,-0.1519924239,0,0.02496046466,0,-0.01236183861,0,0.1271649805,0,11.99603575,-0.6854041152,0,0,0.6140593696,0
23.34,281.7532996,0,-799.8337891,0,0.1425840549,0,11.89765488,0,1.521617124,0,0.002351953599,0,-0.1515982233,0,0.02494787675,0,-0.01235298419,0,0.1272016672,0,11.9945617,-0.6854041152,0,0,0.6140593696,0
23.35,281.8732236,0,-799.8356332,0,0.142606957,0,11.89614091,0,1.521866532,0,0.00222847193,0,-0.1511929727,0,0.02493338319,0,-0.01234319375,0,0.1272383093,0,11.99309161,-0.6854041152,0,0,0.6140593696,0
23.36,281.9931331,0,-799.8374753,0,0.1426286247,0,11.89463106,0,1.522115786,0,0.002105092837,0,-0.1507767283,0,0.02491698743,0,-0.0123324696,0,0.1272749042,0,11.9916256,-0.6854041152,0,0,0.6140593696,0
23.37,282.1130279,0,-799.8393153,0,0.1426490592,0,11.89312542,0,1.522364866,0,0.001981825643,0,-0.1503495472,0,0.02489869302,0,-0.01232081411,0,0.1273114491,0,11.99016376,-0.6854041152,0,0,0.6140593696,0
23.38,282.2329082,0,-799.8411531,0,0.1426682616,0,11.8916241,0,1.522613753,0,0.001858679651,0,-0.1499114871,0,0.0248785037,0,-0.01230822973,0,0.1273479411,0,11.9887062,-0.6854041152,0,0,0.6140593696,0
23.39,282.3527739,0,-799.8429885,0,0.1426862332,0,11.89012722,0,1.522862429,0,0.001735664137,0,-0.1494626066,0,0.02485642332,0,-0.01229471897,0,0.1273843774,0,11.98725304,-0.6854041152,0,0,0.6140593696,0
23.4,282.4726252,0,-799.8448214,0,0.1427029754,0,11.88863489,0,1.523110875,0,0.001612788351,0,-0.149002965,0,0.02483245588,0,-0.01228028439,0,0.1274207554,0,11.98580436,-0.6854041152,0,0,0.6140593696,0
23.41,282.592462,0,-799.8466517,0,0.1427184895,0,11.8871472,0,1.523359072,0,0.00149006152,0,-0.1485326222,0,0.02480660551,0,-0.01226492864,0,0.1274570723,0,11.98436028,-0.6854041152,0,0,0.6140593696,0
23.42,282.7122845,0,-799.8484792,0,0.1427327771,0,11.88566427,0,1.523607001,0,0.00136749284,0,-0.148051639,0,0.02477887651,0,-0.01224865442,0,0.1274933253,0,11.9829209,-0.6854041152,0,0,0.6140593696,0
23.43,282.8320926,0,-799.8503038,0,0.1427458399,0,11.8841862,0,1.523854644,0,0.001245091484,0,-0.1475600768,0,0.02474927328,0,-0.01223146449,0,0.1275295116,0,11.98148633,-0.6854041152,0,0,0.6140593696,0
23.44,282.9518865,0,-799.8521253,0,0.1427576795,0,11.8827131,0,1.524101981,0,0.001122866594,0,-0.1470579977,0,0.02471780039,0,-0.01221336168,0,0.1275656286,0,11.98005666,-0.6854041152,0,0,0.6140593696,0
23.45,283.0716661,0,-799.8539436,0,0.1427682978,0,11.88124508,0,1.524348993,0,0.001000827284,0,-0.1465454646,0,0.02468446255,0,-0.01219434889,0,0.1276016734,0,11.97863199,-0.6854041152,0,0,0.6140593696,0
23.46,283.1914316,0,-799.8557586,0,0.1427776967,0,11.87978223,0,1.524595664,0,0.0008789826394,0,-0.146022541,0,0.02464926459,0,-0.01217442908,0,0.1276376434,0,11.97721243,-0.6854041152,0,0,0.6140593696,0
23.47,283.3111829,0,-799.8575702,0,0.1427858782,0,11.87832466,0,1.524841972,0,0.0007573417157,0,-0.1454892912,0,0.0246122115,0,-0.01215360527,0,0.1276735359,0,11.97579808,-0.6854041152,0,0,0.6140593696,0
23.48,283.4309202,0,-799.8593781,0,0.1427928443,0,11.87687248,0,1.525087902,0,0.0006359135373,0,-0.1449457801,0,0.0245733084,0,-0.01213188055,0,0.1277093481,0,11.97438904,-0.6854041152,0,0,0.6140593696,0
23.49,283.5506435,0,-799.8611823,0,0.1427985972,0,11.87542578,0,1.525333433,0,0.0005147070976,0,-0.1443920732,0,0.02453256056,0,-0.01210925806,0,0.1277450774,0,11.9729854,-0.6854041152,0,0,0.6140593696,0
23.5,283.6703528,0,-799.8629826,0,0.1428031392,0,11.87398467,0,1.525578547,0,0.0003937313582,0,-0.1438282369,0,0.02448997338,0,-0.01208574103,0,0.1277807211,0,11.97158727,-0.6854041152,0,0,0.6140593696,0
23.51,283.7900482,0,-799.864779,0,0.1428064726,0,11.87254925,0,1.525823226,0,0.0002729952482,0,-0.1432543381,0,0.02444555241,0,-0.01206133272,0,0.1278162765,0,11.97019474,-0.6854041152,0,0,0.6140593696,0
23.52,283.9097298,0,-799.8665712,0,0.1428085999,0,11.87111961,0,1.526067452,0,0.0001525076638,0,-0.1426704443,0,0.02439930333,0,-0.01203603648,0,0.1278517409,0,11.96880791,-0.6854041152,0,0,0.6140593696,0
23.53,284.0293976,0,-799.8683591,0,0.1428095236,0,11.86969587,0,1.526311206,0,3.227746726e-05,0,-0.1420766239,0,0.02435123198,0,-0.01200985572,0,0.1278871117,0,11.96742687,-0.6854041152,0,0,0.6140593696,0
23.54,284.1490517,0,-799.8701426,0,0.1428092464,0,11.86827811,0,1.52655447,0,-8.768651341e-05,0,-0.1414729458,0,0.02430134431,0,-0.01198279389,0,0.1279223862,0,11.96605173,-0.6854041152,0,0,0.6140593696,0
23.55,284.2686922,0,-799.8719217,0,0.1428077708,0,11.86686644,0,1.526797227,0,-0.0002073754852,0,-0.1408594795,0,0.02424964643,0,-0.01195485453,0,0.1279575618,0,11.96468257,-0.6854041152,0,0,0.6140593696,0
23.56,284.388319,0,-799.873696,0,0.1428050998,0,11.86546096,0,1.527039457,0,-0.0003267806906,0,-0.1402362952,0,0.02419614459,0,-0.01192604123,0,0.1279926359,0,11.96331949,-0.6854041152,0,0,0.6140593696,0
23.57,284.5079323,0,-799.8754656,0,0.1428012362,0,11.86406175,0,1.527281144,0,-0.0004458934084,0,-0.1396034636,0,0.02414084518,0,-0.01189635763,0,0.1280276058,0,11.96196259,-0.6854041152,0,0,0.6140593696,0
23.58,284.6275322,0,-799.8772303,0,0.1427961829,0,11.86266892,0,1.527522268,0,-0.0005647049544,0,-0.1389610563,0,0.02408375472,0,-0.01186580746,0,0.128062469,0,11.96061195,-0.6854041152,0,0,0.6140593696,0
23.59,284.7471186,0,-799.8789899,0,0.1427899431,0,11.86128256,0,1.527762813,0,-0.0006832066815,0,-0.1383091453,0,0.02402487987,0,-0.0118343945,0,0.1280972229,0,11.95926767,-0.6854041152,0,0,0.6140593696,0
23.6,284.8666917,0,-799.8807444,0,0.1427825199,0,11.85990277,0,1.52800276,0,-0.0008013899809,0,-0.1376478033,0,0.02396422744,0,-0.01180212257,0,0.1281318648,0,11.95792984,-0.6854041152,0,0,0.6140593696,0
23.61,284.9862516,0,-799.8824936,0,0.1427739164,0,11.85852964,0,1.528242091,0,-0.0009192462824,0,-0.1369771034,0,0.02390180438,0,-0.01176899558,0,0.1281663922,0,11.95659856,-0.6854041152,0,0,0.6140593696,0
23.62,285.1057982,0,-799.8842374,0,0.142764136,0,11.85716326,0,1.52848079,0,-0.001036767055,0,-0.1362971197,0,0.02383761775,0,-0.01173501749,0,0.1282008026,0,11.9552739,-0.6854041152,0,0,0.6140593696,0
23.63,285.2253317,0,-799.8859756,0,0.1427531822,0,11.85580372,0,1.528718838,0,-0.001153943808,0,-0.1356079264,0,0.02377167479,0,-0.01170019232,0,0.1282350934,0,11.95395597,-0.6854041152,0,0,0.6140593696,0
23.64,285.3448522,0,-799.8877082,0,0.1427410583,0,11.85445113,0,1.528956218,0,-0.001270768091,0,-0.1349095987,0,0.02370398285,0,-0.01166452416,0,0.128269262,0,11.95264484,-0.6854041152,0,0,0.6140593696,0
23.65,285.4643596,0,-799.889435,0,0.142727768,0,11.85310556,0,1.529192912,0,-0.001387231495,0,-0.1342022121,0,0.02363454942,0,-0.01162801713,0,0.128303306,0,11.95134061,-0.6854041152,0,0,0.6140593696,0
23.66,285.5838541,0,-799.8911559,0,0.1427133149,0,11.85176712,0,1.529428903,0,-0.001503325652,0,-0.1334858429,0,0.02356338215,0,-0.01159067545,0,0.1283372229,0,11.95004337,-0.6854041152,0,0,0.6140593696,0
23.67,285.7033358,0,-799.8928707,0,0.1426977028,0,11.85043588,0,1.529664174,0,-0.001619042236,0,-0.1327605677,0,0.02349048878,0,-0.01155250338,0,0.1283710101,0,11.9487532,-0.6854041152,0,0,0.6140593696,0
23.68,285.8228047,0,-799.8945794,0,0.1426809354,0,11.84911193,0,1.529898707,0,-0.001734372966,0,-0.1320264639,0,0.02341587725,0,-0.01151350524,0,0.1284046652,0,11.94747018,-0.6854041152,0,0,0.6140593696,0
23.69,285.9422609,0,-799.8962819,0,0.1426630166,0,11.84779538,0,1.530132485,0,-0.001849309602,0,-0.1312836093,0,0.02333955557,0,-0.01147368541,0,0.1284381856,0,11.9461944,-0.6854041152,0,0,0.6140593696,0
23.7,286.0617044,0,-799.8979779,0,0.1426439505,0,11.84648629,0,1.530365492,0,-0.001963843949,0,-0.1305320823,0,0.02326153195,0,-0.01143304832,0,0.128471569,0,11.94492595,-0.6854041152,0,0,0.6140593696,0
23.71,286.1811354,0,-799.8996675,0,0.1426237411,0,11.84518476,0,1.53059771,0,-0.002077967859,0,-0.1297719617,0,0.02318181468,0,-0.01139159847,0,0.1285048129,0,11.94366491,-0.6854041152,0,0,0.6140593696,0
23.72,286.300554,0,-799.9013504,0,0.1426023926,0,11.84389088,0,1.530829123,0,-0.002191673225,0,-0.129003327,0,0.02310041222,0,-0.01134934043,0,0.1285379149,0,11.94241135,-0.6854041152,0,0,0.6140593696,0
23.73,286.4199601,0,-799.9030266,0,0.1425799091,0,11.84260472,0,1.531059713,0,-0.002304951988,0,-0.1282262582,0,0.02301733315,0,-0.01130627881,0,0.1285708726,0,11.94116537,-0.6854041152,0,0,0.6140593696,0
23.74,286.5393539,0,-799.9046959,0,0.142556295,0,11.84132638,0,1.531289464,0,-0.002417796137,0,-0.1274408357,0,0.02293258619,0,-0.01126241827,0,0.1286036835,0,11.93992705,-0.6854041152,0,0,0.6140593696,0
23.75,286.6587354,0,-799.9063583,0,0.1425315546,0,11.84005594,0,1.531518359,0,-0.002530197706,0,-0.1266471406,0,0.02284618019,0,-0.01121776355,0,0.1286363452,0,11.93869645,-0.6854041152,0,0,0.6140593696,0
23.76,286.7781048,0,-799.9080136,0,0.1425056925,0,11.83879347,0,1.531746382,0,-0.002642148777,0,-0.1258452542,0,0.02275812414,0,-0.01117231943,0,0.1286688555,0,11.93747367,-0.6854041152,0,0,0.6140593696,0
23.77,286.897462,0,-799.9096617,0,0.1424787132,0,11.83753906,0,1.531973516,0,-0.002753641479,0,-0.1250352585,0,0.02266842715,0,-0.01112609076,0,0.128701212,0,11.93625879,-0.6854041152,0,0,0.6140593696,0
23.78,287.0168073,0,-799.9113025,0,0.1424506213,0,11.83629279,0,1.532199745,0,-0.002864667993,0,-0.1242172361,0,0.02257709847,0,-0.01107908243,0,0.1287334123,0,11.93505187,-0.6854041152,0,0,0.6140593696,0
23.79,287.1361407,0,-799.9129359,0,0.1424214214,0,11.83505474,0,1.532425053,0,-0.002975220545,0,-0.1233912697,0,0.02248414749,0,-0.0110312994,0,0.128765454,0,11.93385299,-0.6854041152,0,0,0.6140593696,0
23.8,287.2554621,0,-799.9145617,0,0.1423911185,0,11.83382499,0,1.532649423,0,-0.003085291415,0,-0.1225574428,0,0.02238958372,0,-0.01098274669,0,0.128797335,0,11.93266224,-0.6854041152,0,0,0.6140593696,0
23.81,287.3747719,0,-799.9161799,0,0.1423597172,0,11.83260362,0,1.532872839,0,-0.00319487293,0,-0.1217158392,0,0.02229341679,0,-0.01093342936,0,0.1288290528,0,11.93147969,-0.6854041152,0,0,0.6140593696,0
23.82,287.4940699,0,-799.9177904,0,0.1423272226,0,11.8313907,0,1.533095286,0,-0.00330395747,0,-0.1208665432,0,0.02219565649,0,-0.01088335252,0,0.1288606053,0,11.9303054,-0.6854041152,0,0,0.6140593696,0
23.83,287.6133564,0,-799.919393,0,0.1422936397,0,11.83018631,0,1.533316747,0,-0.003412537466,0,-0.1200096396,0,0.02209631271,0,-0.01083252137,0,0.1288919901,0,11.92913947,-0.6854041152,0,0,0.6140593696,0
23.84,287.7326313,0,-799.9209877,0,0.1422589736,0,11.82899053,0,1.533537207,0,-0.003520605401,0,-0.1191452135,0,0.02199539548,0,-0.01078094113,0,0.128923205,0,11.92798195,-0.6854041152,0,0,0.6140593696,0
23.85,287.8518948,0,-799.9225743,0,0.1422232294,0,11.82780343,0,1.53375665,0,-0.003628153809,0,-0.1182733505,0,0.02189291497,0,-0.01072861708,0,0.1289542479,0,11.92683292,-0.6854041152,0,0,0.6140593696,0
23.86,287.971147,0,-799.9241527,0,0.1421864123,0,11.82662509,0,1.53397506,0,-0.00373517528,0,-0.1173941367,0,0.02178888145,0,-0.01067555456,0,0.1289851164,0,11.92569245,-0.6854041152,0,0,0.6140593696,0
23.87,288.0903879,0,-799.9257228,0,0.1421485276,0,11.82545557,0,1.534192422,0,-0.003841662457,0,-0.1165076586,0,0.02168330534,0,-0.01062175897,0,0.1290158084,0,11.92456062,-0.6854041152,0,0,0.6140593696,0
23.88,288.2096177,0,-799.9272846,0,0.1421095808,0,11.82429496,0,1.534408721,0,-0.003947608034,0,-0.1156140028,0,0.02157619718,0,-0.01056723574,0,0.1290463217,0,11.92343748,-0.6854041152,0,0,0.6140593696,0
23.89,288.3288364,0,-799.9288379,0,0.1420695773,0,11.82314332,0,1.534623941,0,-0.004053004764,0,-0.1147132569,0,0.02146756763,0,-0.01051199039,0,0.1290766542,0,11.92232312,-0.6854041152,0,0,0.6140593696,0
23.9,288.448044,0,-799.9303826,0,0.1420285226,0,11.82200072,0,1.534838067,0,-0.004157845453,0,-0.1138055082,0,0.02135742747,0,-0.01045602844,0,0.1291068037,0,11.92121759,-0.6854041152,0,0,0.6140593696,0
23.91,288.5672408,0,-799.9319186,0,0.1419864223,0,11.82086723,0,1.535051085,0,-0.004262122963,0,-0.112890845,0,0.02124578762,0,-0.01039935551,0,0.1291367681,0,11.92012097,-0.6854041152,0,0,0.6140593696,0
23.92,288.6864268,0,-799.9334459,0,0.141943282,0,11.81974292,0,1.535262978,0,-0.004365830212,0,-0.1119693555,0,0.02113265911,0,-0.01034197725,0,0.1291665453,0,11.91903331,-0.6854041152,0,0,0.6140593696,0
23.93,288.8056021,0,-799.9349642,0,0.1418991076,0,11.81862786,0,1.535473733,0,-0.004468960176,0,-0.1110411286,0,0.02101805309,0,-0.01028389936,0,0.1291961331,0,11.9179547,-0.6854041152,0,0,0.6140593696,0
23.94,288.9247667,0,-799.9364736,0,0.1418539048,0,11.81752212,0,1.535683334,0,-0.004571505886,0,-0.1101062534,0,0.02090198084,0,-0.01022512759,0,0.1292255297,0,11.91688518,-0.6854041152,0,0,0.6140593696,0
23.95,289.0439208,0,-799.9379739,0,0.1418076795,0,11.81642576,0,1.535891768,0,-0.004673460434,0,-0.1091648193,0,0.02078445376,0,-0.01016566774,0,0.1292547328,0,11.91582483,-0.6854041152,0,0,0.6140593696,0
23.96,289.1630645,0,-799.9394651,0,0.1417604376,0,11.81533885,0,1.536099019,0,-0.004774816967,0,-0.1082169163,0,0.02066548335,0,-0.01010552567,0,0.1292837405,0,11.9147737,-0.6854041152,0,0,0.6140593696,0
23.97,289.2821978,0,-799.940947,0,0.1417121851,0,11.81426144,0,1.536305073,0,-0.004875568692,0,-0.1072626343,0,0.02054508126,0,-0.01004470728,0,0.1293125507,0,11.91373186,-0.6854041152,0,0,0.6140593696,0
23.98,289.4013208,0,-799.9424195,0,0.1416629282,0,11.81319362,0,1.536509915,0,-0.004975708877,0,-0.1063020641,0,0.02042325924,0,-0.009983218511,0,0.1293411615,0,11.91269936,-0.6854041152,0,0,0.6140593696,0
23.99,289.5204337,0,-799.9438826,0,0.141612673,0,11.81213542,0,1.536713533,0,-0.005075230848,0,-0.1053352963,0,0.02030002915,0,-0.009921065369,0,0.1293695709,0,11.91167628,-0.6854041152,0,0,0.6140593696,0
24,289.6395365,0,-799.9453361,0,0.1415614257,0,11.81108693,0,1.536915911,0,-0.00517412799,0,-0.1043624221,0,0.02017540298,0,-0.009858253897,0,0.1293977769,0,11.91066266,-0.6854041152,0,0,0.6140593696,0
24.01,289.7586294,0,-799.94678,0,0.1415091926,0,11.8100482,0,1.537117037,0,-0.005272393752,0,-0.1033835328,0,0.02004939282,0,-0.009794790187,0,0.1294257776,0,11.90965857,-0.6854041152,0,0,0.6140593696,0
24.02,289.8777123,0,-799.9482142,0,0.14145598,0,11.80901928,0,1.537316895,0,-0.00537002164,0,-0.1023987204,0,0.01992201089,0,-0.009730680378,0,0.1294535711,0,11.90866405,-0.6854041152,0,0,0.6140593696,0
24.03,289.9967855,0,-799.9496386,0,0.1414017943,0,11.80800024,0,1.537515472,0,-0.005467005226,0,-0.1014080766,0,0.01979326951,0,-0.009665930656,0,0.1294811555,0,11.90767918,-0.6854041152,0,0,0.6140593696,0
24.04,290.115849,0,-799.9510531,0,0.141346642,0,11.80699114,0,1.537712756,0,-0.005563338141,0,-0.100411694,0,0.01966318112,0,-0.00960054725,0,0.1295085289,0,11.906704,-0.6854041152,0,0,0.6140593696,0
24.05,290.2349029,0,-799.9524575,0,0.1412905297,0,11.80599203,0,1.537908731,0,-0.00565901408,0,-0.0994096649,0,0.01953175826,0,-0.009534536438,0,0.1295356894,0,11.90573857,-0.6854041152,0,0,0.6140593696,0
24.06,290.3539474,0,-799.953852,0,0.1412334639,0,11.80500296,0,1.538103386,0,-0.005754026799,0,-0.09840208228,0,0.0193990136,0,-0.00946790454,0,0.1295626354,0,11.90478294,-0.6854041152,0,0,0.6140593696,0
24.07,290.4729824,0,-799.9552362,0,0.1411754514,0,11.804024,0,1.538296707,0,-0.005848370121,0,-0.09738903918,0,0.01926495989,0,-0.009400657921,0,0.1295893648,0,11.90383717,-0.6854041152,0,0,0.6140593696,0
24.08,290.5920082,0,-799.9566102,0,0.1411164988,0,11.8030552,0,1.538488681,0,-0.00594203793,0,-0.09637062895,0,0.01912961001,0,-0.009332802989,0,0.1296158759,0,11.9029013,-0.6854041152,0,0,0.6140593696,0
24.09,290.7110247,0,-799.957974,0,0.1410566129,0,11.80209661,0,1.538679295,0,-0.006035024175,0,-0.09534694516,0,0.01899297694,0,-0.009264346197,0,0.129642167,0,11.90197539,-0.6854041152,0,0,0.6140593696,0
24.1,290.8300322,0,-799.9593273,0,0.1409958006,0,11.80114828,0,1.538868537,0,-0.006127322869,0,-0.09431808162,0,0.01885507376,0,-0.009195294039,0,0.1296682364,0,11.90105949,-0.6854041152,0,0,0.6140593696,0
24.11,290.9490307,0,-799.9606701,0,0.1409340688,0,11.80021026,0,1.539056393,0,-0.006218928092,0,-0.09328413235,0,0.01871591365,0,-0.00912565305,0,0.1296940822,0,11.90015365,-0.6854041152,0,0,0.6140593696,0
24.12,291.0680203,0,-799.9620023,0,0.1408714244,0,11.79928261,0,1.539242851,0,-0.006309833989,0,-0.09224519161,0,0.01857550992,0,-0.00905542981,0,0.1297197028,0,11.89925791,-0.6854041152,0,0,0.6140593696,0
24.13,291.1870011,0,-799.9633239,0,0.1408078744,0,11.79836537,0,1.539427899,0,-0.00640003477,0,-0.09120135384,0,0.01843387595,0,-0.008984630938,0,0.1297450965,0,11.89837232,-0.6854041152,0,0,0.6140593696,0
24.14,291.3059732,0,-799.9646348,0,0.140743426,0,11.7974586,0,1.539611524,0,-0.006489524711,0,-0.09015271371,0,0.01829102523,0,-0.008913263092,0,0.1297702616,0,11.89749692,-0.6854041152,0,0,0.6140593696,0
24.15,291.4249367,0,-799.9659349,0,0.1406780863,0,11.79656234,0,1.539793715,0,-0.006578298157,0,-0.08909936604,0,0.01814697136,0,-0.008841332972,0,0.1297951965,0,11.89663178,-0.6854041152,0,0,0.6140593696,0
24.16,291.5438918,0,-799.9672241,0,0.1406118625,0,11.79567663,0,1.53997446,0,-0.006666349519,0,-0.08804140588,0,0.01800172803,0,-0.008768847317,0,0.1298198995,0,11.89577692,-0.6854041152,0,0,0.6140593696,0
24.17,291.6628384,0,-799.9685024,0,0.1405447618,0,11.79480152,0,1.540153746,0,-0.006753673274,0,-0.08697892841,0,0.01785530902,0,-0.008695812905,0,0.1298443692,0,11.89493239,-0.6854041152,0,0,0.6140593696,0
24.18,291.7817768,0,-799.9697697,0,0.1404767915,0,11.79393706,0,1.540331562,0,-0.00684026397,0,-0.08591202901,0,0.01770772822,0,-0.008622236551,0,0.1298686038,0,11.89409823,-0.6854041152,0,0,0.6140593696,0
24.19,291.9007071,0,-799.9710258,0,0.140407959,0,11.7930833,0,1.540507896,0,-0.006926116222,0,-0.08484080321,0,0.01755899961,0,-0.008548125108,0,0.1298926019,0,11.8932745,-0.6854041152,0,0,0.6140593696,0
24.2,292.0196292,0,-799.9722708,0,0.1403382716,0,11.79224026,0,1.540682738,0,-0.007011224712,0,-0.08376534667,0,0.01740913725,0,-0.008473485467,0,0.1299163619,0,11.89246121,-0.6854041152,0,0,0.6140593696,0
24.21,292.1385434,0,-799.9735046,0,0.140267737,0,11.791408,0,1.540856076,0,-0.007095584193,0,-0.08268575521,0,0.01725815531,0,-0.008398324555,0,0.1299398823,0,11.89165843,-0.6854041152,0,0,0.6140593696,0
24.22,292.2574497,0,-799.9747271,0,0.1401963625,0,11.79058656,0,1.541027898,0,-0.007179189488,0,-0.08160212478,0,0.01710606803,0,-0.008322649335,0,0.1299631617,0,11.89086618,-0.6854041152,0,0,0.6140593696,0
24.23,292.3763483,0,-799.9759382,0,0.1401241557,0,11.78977597,0,1.541198193,0,-0.007262035489,0,-0.08051455146,0,0.01695288976,0,-0.008246466804,0,0.1299861985,0,11.8900845,-0.6854041152,0,0,0.6140593696,0
24.24,292.4952392,0,-799.9771378,0,0.1400511243,0,11.78897628,0,1.541366952,0,-0.007344117157,0,-0.07942313143,0,0.01679863493,0,-0.008169783996,0,0.1300089913,0,11.88931343,-0.6854041152,0,0,0.6140593696,0
24.25,292.6141226,0,-799.978326,0,0.1399772759,0,11.78818752,0,1.541534162,0,-0.007425429525,0,-0.07832796101,0,0.01664331805,0,-0.008092607976,0,0.1300315388,0,11.88855301,-0.6854041152,0,0,0.6140593696,0
24.26,292.7329986,0,-799.9795026,0,0.1399026183,0,11.78740974,0,1.541699815,0,-0.007505967696,0,-0.07722913658,0,0.01648695373,0,-0.008014945846,0,0.1300538395,0,11.88780327,-0.6854041152,0,0,0.6140593696,0
24.27,292.8518672,0,-799.9806676,0,0.1398271592,0,11.78664295,0,1.541863898,0,-0.007585726845,0,-0.07612675464,0,0.01632955664,0,-0.007936804737,0,0.130075892,0,11.88706425,-0.6854041152,0,0,0.6140593696,0
24.28,292.9707286,0,-799.9818208,0,0.1397509064,0,11.78588721,0,1.542026402,0,-0.007664702218,0,-0.07502091178,0,0.01617114154,0,-0.007858191817,0,0.130097695,0,11.88633597,-0.6854041152,0,0,0.6140593696,0
24.29,293.0895829,0,-799.9829623,0,0.1396738677,0,11.78514255,0,1.542187318,0,-0.007742889133,0,-0.07391170463,0,0.0160117233,0,-0.00777911428,0,0.1301192473,0,11.88561848,-0.6854041152,0,0,0.6140593696,0
24.3,293.2084301,0,-799.984092,0,0.1395960512,0,11.78440899,0,1.542346634,0,-0.007820282979,0,-0.07279922992,0,0.01585131682,0,-0.007699579355,0,0.1301405474,0,11.88491179,-0.6854041152,0,0,0.6140593696,0
24.31,293.3272705,0,-799.9852098,0,0.1395174647,0,11.78368657,0,1.542504341,0,-0.007896879219,0,-0.07168358443,0,0.01568993712,0,-0.007619594301,0,0.1301615941,0,11.88421596,-0.6854041152,0,0,0.6140593696,0
24.32,293.4461041,0,-799.9863157,0,0.1394381163,0,11.78297533,0,1.542660429,0,-0.007972673389,0,-0.07056486499,0,0.01552759927,0,-0.007539166403,0,0.1301823862,0,11.88353099,-0.6854041152,0,0,0.6140593696,0
24.33,293.564931,0,-799.9874096,0,0.139358014,0,11.78227528,0,1.542814889,0,-0.008047661095,0,-0.06944316847,0,0.01536431842,0,-0.00745830298,0,0.1302029225,0,11.88285692,-0.6854041152,0,0,0.6140593696,0
24.34,293.6837513,0,-799.9884914,0,0.1392771658,0,11.78158647,0,1.542967712,0,-0.008121838021,0,-0.06831859177,0,0.0152001098,0,-0.007377011377,0,0.1302232017,0,11.88219379,-0.6854041152,0,0,0.6140593696,0
24.35,293.8025652,0,-799.9895612,0,0.1391955799,0,11.78090892,0,1.543118889,0,-0.00819519992,0,-0.06719123184,0,0.01503498872,0,-0.007295298966,0,0.1302432227,0,11.88154161,-0.6854041152,0,0,0.6140593696,0
24.36,293.9213727,0,-799.9906187,0,0.1391132645,0,11.78024266,0,1.543268409,0,-0.008267742622,0,-0.06606118562,0,0.01486897053,0,-0.007213173146,0,0.1302629842,0,11.88090041,-0.6854041152,0,0,0.6140593696,0
24.37,294.0401739,0,-799.9916641,0,0.1390302278,0,11.77958771,0,1.543416265,0,-0.00833946203,0,-0.06492855008,0,0.01470207067,0,-0.007130641345,0,0.1302824853,0,11.88027021,-0.6854041152,0,0,0.6140593696,0
24.38,294.158969,0,-799.9926972,0,0.138946478,0,11.7789441,0,1.543562448,0,-0.008410354121,0,-0.06379342217,0,0.01453430466,0,-0.007047711013,0,0.1303017248,0,11.87965105,-0.6854041152,0,0,0.6140593696,0
24.39,294.2777581,0,-799.993718,0,0.1388620235,0,11.77831185,0,1.543706948,0,-0.008480414947,0,-0.06265589886,0,0.01436568805,0,-0.006964389629,0,0.1303207015,0,11.87904294,-0.6854041152,0,0,0.6140593696,0
24.4,294.3965412,0,-799.9947264,0,0.1387768725,0,11.77769098,0,1.543849759,0,-0.008549640635,0,-0.06151607708,0,0.01419623649,0,-0.006880684692,0,0.1303394146,0,11.8784459,-0.6854041152,0,0,0.6140593696,0
24.41,294.5153186,0,-799.9957224,0,0.1386910335,0,11.77708153,0,1.54399087,0,-0.008618027387,0,-0.06037405376,0,0.01402596566,0,-0.006796603729,0,0.1303578628,0,11.87785996,-0.6854041152,0,0,0.6140593696,0
24.42,294.6340902,0,-799.996706,0,0.1386045148,0,11.77648351,0,1.544130275,0,-0.008685571481,0,-0.05922992579,0,0.01385489132,0,-0.006712154286,0,0.1303760453,0,11.87728514,-0.6854041152,0,0,0.6140593696,0
24.43,294.7528563,0,-799.997677,0,0.1385173249,0,11.77589694,0,1.544267966,0,-0.00875226927,0,-0.05808379001,0,0.0136830293,0,-0.006627343935,0,0.130393961,0,11.87672145,-0.6854041152,0,0,0.6140593696,0
24.44,294.8716169,0,-799.9986355,0,0.1384294722,0,11.77532184,0,1.544403933,0,-0.008818117182,0,-0.05693574323,0,0.01351039545,0,-0.006542180267,0,0.130411609,0,11.87616891,-0.6854041152,0,0,0.6140593696,0
24.45,294.9903721,0,-799.9995814,0,0.1383409654,0,11.77475823,0,1.544538171,0,-0.008883111723,0,-0.05578588219,0,0.01333700571,0,-0.006456670894,0,0.1304289884,0,11.87562754,-0.6854041152,0,0,0.6140593696,0
24.46,295.109122,0,-800.0005147,0,0.1382518129,0,11.77420613,0,1.544670671,0,-0.008947249473,0,-0.05463430358,0,0.01316287607,0,-0.00637082345,0,0.1304460982,0,11.87509737,-0.6854041152,0,0,0.6140593696,0
24.47,295.2278668,0,-800.0014353,0,0.1381620233,0,11.77366555,0,1.544801426,0,-0.00901052709,0,-0.05348110401,0,0.01298802255,0,-0.006284645587,0,0.1304629376,0,11.87457839,-0.6854041152,0,0,0.6140593696,0
24.48,295.3466066,0,-800.0023431,0,0.1380716052,0,11.77313651,0,1.544930429,0,-0.009072941309,0,-0.05232638002,0,0.01281246124,0,-0.006198144976,0,0.1304795057,0,11.87407063,-0.6854041152,0,0,0.6140593696,0
24.49,295.4653414,0,-800.0032382,0,0.1379805673,0,11.77261903,0,1.545057673,0,-0.00913448894,0,-0.05117022805,0,0.01263620828,0,-0.006111329307,0,0.1304958017,0,11.8735741,-0.6854041152,0,0,0.6140593696,0
24.5,295.5840714,0,-800.0041205,0,0.1378889183,0,11.77211311,0,1.545183151,0,-0.00919516687,0,-0.05001274445,0,0.01245927985,0,-0.006024206285,0,0.1305118248,0,11.87308882,-0.6854041152,0,0,0.6140593696,0
24.51,295.7027968,0,-800.00499,0,0.1377966669,0,11.77161878,0,1.545306856,0,-0.009254972067,0,-0.04885402548,0,0.01228169217,0,-0.005936783635,0,0.1305275742,0,11.87261479,-0.6854041152,0,0,0.6140593696,0
24.52,295.8215175,0,-800.0058466,0,0.1377038218,0,11.77113604,0,1.545428783,0,-0.00931390157,0,-0.04769416726,0,0.01210346153,0,-0.005849069096,0,0.1305430492,0,11.87215202,-0.6854041152,0,0,0.6140593696,0
24.53,295.9402338,0,-800.0066902,0,0.1376103918,0,11.7706649,0,1.545548923,0,-0.009371952501,0,-0.04653326581,0,0.01192460423,0,-0.005761070421,0,0.1305582491,0,11.87170054,-0.6854041152,0,0,0.6140593696,0
24.54,296.0589456,0,-800.0075209,0,0.1375163857,0,11.77020537,0,1.545667273,0,-0.009429122057,0,-0.04537141703,0,0.01174513662,0,-0.00567279538,0,0.130573173,0,11.87126033,-0.6854041152,0,0,0.6140593696,0
24.55,296.1776533,0,-800.0083387,0,0.1374218123,0,11.76975747,0,1.545783824,0,-0.009485407514,0,-0.04420871667,0,0.0115650751,0,-0.005584251756,0,0.1305878205,0,11.87083142,-0.6854041152,0,0,0.6140593696,0
24.56,296.2963568,0,-800.0091434,0,0.1373266805,0,11.7693212,0,1.545898572,0,-0.009540806223,0,-0.04304526034,0,0.01138443611,0,-0.005495447343,0,0.1306021907,0,11.87041381,-0.6854041152,0,0,0.6140593696,0
24.57,296.4150562,0,-800.0099351,0,0.1372309991,0,11.76889657,0,1.546011511,0,-0.009595315617,0,-0.04188114351,0,0.0112032361,0,-0.005406389951,0,0.1306162832,0,11.8700075,-0.6854041152,0,0,0.6140593696,0
24.58,296.5337518,0,-800.0107137,0,0.1371347771,0,11.76848358,0,1.546122635,0,-0.009648933205,0,-0.04071646147,0,0.01102149158,0,-0.005317087398,0,0.1306300972,0,11.8696125,-0.6854041152,0,0,0.6140593696,0
24.59,296.6524435,0,-800.0114793,0,0.1370380234,0,11.76808224,0,1.546231939,0,-0.009701656574,0,-0.03955130936,0,0.01083921907,0,-0.005227547514,0,0.1306436323,0,11.86922882,-0.6854041152,0,0,0.6140593696,0
24.6,296.7711315,0,-800.0122316,0,0.136940747,0,11.76769256,0,1.546339418,0,-0.00975348339,0,-0.03838578215,0,0.01065643514,0,-0.00513777814,0,0.1306568878,0,11.86885646,-0.6854041152,0,0,0.6140593696,0
24.61,296.889816,0,-800.0129709,0,0.1368429568,0,11.76731453,0,1.546445066,0,-0.009804411398,0,-0.03721997462,0,0.01047315638,0,-0.005047787125,0,0.1306698633,0,11.86849542,-0.6854041152,0,0,0.6140593696,0
24.62,297.0084969,0,-800.0136969,0,0.1367446618,0,11.76694816,0,1.546548879,0,-0.00985443842,0,-0.03605398136,0,0.0102893994,0,-0.004957582328,0,0.1306825582,0,11.8681457,-0.6854041152,0,0,0.6140593696,0
24.63,297.1271746,0,-800.0144098,0,0.136645871,0,11.76659345,0,1.546650853,0,-0.009903562359,0,-0.03488789676,0,0.01010518084,0,-0.004867171615,0,0.1306949722,0,11.8678073,-0.6854041152,0,0,0.6140593696,0
24.64,297.2458489,0,-800.0151094,0,0.1365465935,0,11.7662504,0,1.546750982,0,-0.009951781193,0,-0.03372181501,0,0.009920517362,0,-0.004776562858,0,0.1307071047,0,11.86748023,-0.6854041152,0,0,0.6140593696,0
24.65,297.3645202,0,-800.0157958,0,0.1364468384,0,11.76591901,0,1.546849262,0,-0.009999092982,0,-0.0325558301,0,0.009735425655,0,-0.004685763937,0,0.1307189553,0,11.86716448,-0.6854041152,0,0,0.6140593696,0
24.66,297.4831884,0,-800.0164689,0,0.1363466147,0,11.76559928,0,1.546945689,0,-0.01004549586,0,-0.03139003577,0,0.009549922419,0,-0.004594782737,0,0.1307305237,0,11.86686005,-0.6854041152,0,0,0.6140593696,0
24.67,297.6018537,0,-800.0171287,0,0.1362459315,0,11.76529121,0,1.547040259,0,-0.01009098806,0,-0.03022452555,0,0.009364024375,0,-0.004503627147,0,0.1307418094,0,11.86656693,-0.6854041152,0,0,0.6140593696,0
24.68,297.7205161,0,-800.0177752,0,0.136144798,0,11.76499479,0,1.547132968,0,-0.01013556785,0,-0.02905939275,0,0.009177748259,0,-0.004412305061,0,0.1307528122,0,11.86628513,-0.6854041152,0,0,0.6140593696,0
24.69,297.8391759,0,-800.0184083,0,0.1360432232,0,11.76471002,0,1.547223812,0,-0.01017923363,0,-0.02789473041,0,0.00899111082,0,-0.004320824377,0,0.1307635317,0,11.86601464,-0.6854041152,0,0,0.6140593696,0
24.7,297.9578332,0,-800.0190281,0,0.1359412164,0,11.76443689,0,1.547312789,0,-0.01022198384,0,-0.02673063134,0,0.00880412882,0,-0.004229192994,0,0.1307739676,0,11.86575545,-0.6854041152,0,0,0.6140593696,0
24.71,298.0764879,0,-800.0196346,0,0.1358387866,0,11.7641754,0,1.547399894,0,-0.01026381701,0,-0.02556718809,0,0.008616819032,0,-0.004137418814,0,0.1307841197,0,11.86550755,-0.6854041152,0,0,0.6140593696,0
24.72,298.1951403,0,-800.0202276,0,0.1357359431,0,11.76392555,0,1.547485124,0,-0.01030473176,0,-0.02440449292,0,0.008429198234,0,-0.004045509738,0,0.1307939877,0,11.86527094,-0.6854041152,0,0,0.6140593696,0
24.73,298.3137905,0,-800.0208073,0,0.135632695,0,11.76368731,0,1.547568477,0,-0.01034472678,0,-0.02324263785,0,0.008241283215,0,-0.003953473669,0,0.1308035715,0,11.86504561,-0.6854041152,0,0,0.6140593696,0
24.74,298.4324385,0,-800.0213736,0,0.1355290516,0,11.76346069,0,1.547649949,0,-0.01038380084,0,-0.02208171462,0,0.008053090764,0,-0.00386131851,0,0.1308128707,0,11.86483155,-0.6854041152,0,0,0.6140593696,0
24.75,298.5510845,0,-800.0219264,0,0.1354250221,0,11.76324567,0,1.547729538,0,-0.01042195278,0,-0.02092181465,0,0.007864637675,0,-0.003769052161,0,0.1308218854,0,11.86462876,-0.6854041152,0,0,0.6140593696,0
24.76,298.6697286,0,-800.0224659,0,0.1353206156,0,11.76304225,0,1.547807241,0,-0.01045918154,0,-0.01976302911,0,0.007675940745,0,-0.003676682522,0,0.1308306153,0,11.86443721,-0.6854041152,0,0,0.6140593696,0
24.77,298.7883709,0,-800.0229919,0,0.1352158415,0,11.76285041,0,1.547883056,0,-0.01049548612,0,-0.01860544883,0,0.007487016765,0,-0.003584217488,0,0.1308390604,0,11.8642569,-0.6854041152,0,0,0.6140593696,0
24.78,298.9070115,0,-800.0235044,0,0.135110709,0,11.76267014,0,1.547956981,0,-0.0105308656,0,-0.01744916437,0,0.007297882529,0,-0.003491664952,0,0.1308472205,0,11.86408781,-0.6854041152,0,0,0.6140593696,0
24.79,299.0256505,0,-800.0240035,0,0.1350052273,0,11.76250142,0,1.548029013,0,-0.01056531915,0,-0.01629426594,0,0.007108554822,0,-0.003399032802,0,0.1308550956,0,11.86392994,-0.6854041152,0,0,0.6140593696,0
24.8,299.1442881,0,-800.0244891,0,0.1348994057,0,11.76234425,0,1.548099151,0,-0.01059884601,0,-0.01514084344,0,0.006919050424,0,-0.003306328921,0,0.1308626856,0,11.86378326,-0.6854041152,0,0,0.6140593696,0
24.81,299.2629243,0,-800.0249613,0,0.1347932535,0,11.7621986,0,1.548167393,0,-0.01063144552,0,-0.01398898646,0,0.006729386108,0,-0.003213561187,0,0.1308699907,0,11.86364776,-0.6854041152,0,0,0.6140593696,0
24.82,299.3815593,0,-800.02542,0,0.1346867799,0,11.76206446,0,1.548233738,0,-0.01066311705,0,-0.01283878422,0,0.006539578636,0,-0.003120737469,0,0.1308770107,0,11.86352343,-0.6854041152,0,0,0.6140593696,0
24.83,299.5001931,0,-800.0258653,0,0.1345799942,0,11.76194182,0,1.548298185,0,-0.0106938601,0,-0.01169032563,0,0.006349644758,0,-0.003027865632,0,0.1308837457,0,11.86341024,-0.6854041152,0,0,0.6140593696,0
24.84,299.6188259,0,-800.026297,0,0.1344729058,0,11.76183065,0,1.548360731,0,-0.01072367423,0,-0.01054369922,0,0.006159601209,0,-0.00293495353,0,0.1308901959,0,11.86330819,-0.6854041152,0,0,0.6140593696,0
24.85,299.7374578,0,-800.0267153,0,0.1343655239,0,11.76173094,0,1.548421376,0,-0.01075255907,0,-0.009398993184,0,0.005969464711,0,-0.00284200901,0,0.1308963612,0,11.86321725,-0.6854041152,0,0,0.6140593696,0
24.86,299.8560888,0,-800.0271201,0,0.1342578577,0,11.76164266,0,1.548480123,0,-0.01078051385,0,-0.0082579623,0,0.005781310247,0,-0.002748769602,0,0.1309022422,0,11.86313739,-0.6854041152,0,0,0.6140593696,0
24.87,299.9747192,0,-800.0275115,0,0.1341499167,0,11.76156577,0,1.548537008,0,-0.01080753429,0,-0.007121000198,0,0.005595556124,0,-0.002655354761,0,0.1309078423,0,11.86306858,-0.6854041152,0,0,0.6140593696,0
24.88,300.093349,0,-800.0278893,0,0.1340417101,0,11.76150023,0,1.548592034,0,-0.01083362163,0,-0.005986006671,0,0.005409507604,0,-0.00256214614,0,0.1309131621,0,11.86301079,-0.6854041152,0,0,0.6140593696,0
24.89,300.2119783,0,-800.0282537,0,0.1339332474,0,11.76144604,0,1.548645197,0,-0.01085877782,0,-0.004853067865,0,0.005223162958,0,-0.002469120765,0,0.1309182016,0,11.862964,-0.6854041152,0,0,0.6140593696,0
24.9,300.3306072,0,-800.0286047,0,0.1338245377,0,11.76140317,0,1.548696496,0,-0.01088300459,0,-0.003722269898,0,0.005036524075,0,-0.002376258374,0,0.1309229607,0,11.86292819,-0.6854041152,0,0,0.6140593696,0
24.91,300.4492359,0,-800.0289422,0,0.1337155904,0,11.76137159,0,1.548745927,0,-0.01090630347,0,-0.002593698817,0,0.004849596094,0,-0.002283541231,0,0.1309274394,0,11.86290334,-0.6854041152,0,0,0.6140593696,0
24.92,300.5678644,0,-800.0292662,0,0.1336064147,0,11.76135128,0,1.548793487,0,-0.01092867585,0,-0.001467440566,0,0.004662387057,0,-0.002190953954,0,0.1309316377,0,11.86288942,-0.6854041152,0,0,0.6140593696,0
24.93,300.6864929,0,-800.0295768,0,0.1334970199,0,11.76134223,0,1.548839173,0,-0.01095012294,0,-0.0003435809495,0,0.004474907595,0,-0.002098483349,0,0.1309355556,0,11.8628864,-0.6854041152,0,0,0.6140593696,0
24.94,300.8051214,0,-800.0298739,0,0.1333874153,0,11.7613444,0,1.548882984,0,-0.01097064587,0,0.0007777944013,0,0.004287170635,0,-0.002006118252,0,0.1309391931,0,11.86289428,-0.6854041152,0,0,0.6140593696,0
24.95,300.9237501,0,-800.0301576,0,0.1332776101,0,11.76135778,0,1.548924916,0,-0.01099024563,0,0.001896600055,0,0.004099191133,0,-0.001913849376,0,0.1309425504,0,11.86291301,-0.6854041152,0,0,0.6140593696,0
24.96,301.042379,0,-800.0304279,0,0.1331676135,0,11.76138233,0,1.548964967,0,-0.01100892315,0,0.003012750811,0,0.003910985825,0,-0.001821669175,0,0.1309456274,0,11.86294258,-0.6854041152,0,0,0.6140593696,0
24.97,301.1610084,0,-800.0306848,0,0.1330574347,0,11.76141802,0,1.549003135,0,-0.01102667929,0,0.004126161723,0,0.003722573,0,-0.001729571708,0,0.1309484244,0,11.86298296,-0.6854041152,0,0,0.6140593696,0
24.98,301.2796382,0,-800.0309283,0,0.132947083,0,11.76146484,0,1.549039418,0,-0.01104351484,0,0.005236748129,0,0.003533972299,0,-0.001637552512,0,0.1309509414,0,11.86303411,-0.6854041152,0,0,0.6140593696,0
24.99,301.3982686,0,-800.0311584,0,0.1328365675,0,11.76152275,0,1.549073814,0,-0.01105943059,0,0.006344425667,0,0.003345204519,0,-0.001545608484,0,0.1309531786,0,11.86309601,-0.6854041152,0,0,0.6140593696,0
25,301.5168998,0,-800.0313752,0,0.1327258974,0,11.76159172,0,1.549106322,0,-0.01107442726,0,0.007449110304,0,0.003156291441,0,-0.001453737772,0,0.1309551361,0,11.86316864,-0.6854041152,0,0,0.6140593696,0
25.01,301.6355317,0,-800.0315786,0,0.132615082,0,11.76167172,0,1.549136939,0,-0.01108850558,0,0.008550718352,0,0.00296725568,0,-0.001361939663,0,0.1309568143,0,11.86325195,-0.6854041152,0,0,0.6140593696,0
25.02,301.7541645,0,-800.0317686,0,0.1325041304,0,11.76176272,0,1.549165666,0,-0.01110166629,0,0.009649166489,0,0.002778120533,0,-0.001270214494,0,0.1309582134,0,11.86334593,-0.6854041152,0,0,0.6140593696,0
25.03,301.8727983,0,-800.0319454,0,0.1323930517,0,11.76186469,0,1.549192502,0,-0.01111391012,0,0.01074437177,0,0.00258890986,0,-0.001178563551,0,0.1309593336,0,11.86345053,-0.6854041152,0,0,0.6140593696,0
25.04,301.9914333,0,-800.0321088,0,0.1322818552,0,11.7619776,0,1.549217444,0,-0.01112523782,0,0.01183625167,0,0.002399647957,0,-0.001086988991,0,0.1309601753,0,11.86356573,-0.6854041152,0,0,0.6140593696,0
25.05,302.1100695,0,-800.032259,0,0.13217055,0,11.76210141,0,1.549240494,0,-0.01113565016,0,0.01292472405,0,0.002210359463,0,-0.0009954937542,0,0.1309607388,0,11.86369148,-0.6854041152,0,0,0.6140593696,0
25.06,302.228707,0,-800.0323959,0,0.1320591453,0,11.76223608,0,1.549261652,0,-0.01114514797,0,0.01400970723,0,0.002021069255,0,-0.0009040814941,0,0.1309610245,0,11.86382777,-0.6854041152,0,0,0.6140593696,0
25.07,302.3473459,0,-800.0325196,0,0.1319476501,0,11.76238159,0,1.549280916,0,-0.01115373209,0,0.01509111994,0,0.001831802372,0,-0.0008127565057,0,0.1309610328,0,11.86397455,-0.6854041152,0,0,0.6140593696,0
25.08,302.4659864,0,-800.03263,0,0.1318360737,0,11.76253789,0,1.549298288,0,-0.01116140341,0,0.01616888141,0,0.001642583935,0,-0.0007215236612,0,0.130960764,0,11.86413178,-0.6854041152,0,0,0.6140593696,0
25.09,302.5846285,0,-800.0327273,0,0.1317244251,0,11.76270495,0,1.549313768,0,-0.01116816288,0,0.01724291131,0,0.001453439083,0,-0.0006303883491,0,0.1309602188,0,11.86429943,-0.6854041152,0,0,0.6140593696,0
25.1,302.7032724,0,-800.0328113,0,0.1316127134,0,11.76288274,0,1.549327357,0,-0.01117401152,0,0.01831312979,0,0.001264392912,0,-0.0005393564195,0,0.1309593976,0,11.86447747,-0.6854041152,0,0,0.6140593696,0
25.11,302.821918,0,-800.0328823,0,0.1315009479,0,11.7630712,0,1.549339056,0,-0.01117895038,0,0.0193794575,0,0.001075470427,0,-0.0004484341313,0,0.1309583009,0,11.86466585,-0.6854041152,0,0,0.6140593696,0
25.12,302.9405657,0,-800.0329401,0,0.1313891375,0,11.76327031,0,1.549348867,0,-0.01118298059,0,0.02044181559,0,0.0008866964891,0,-0.0003576281053,0,0.1309569293,0,11.86486453,-0.6854041152,0,0,0.6140593696,0
25.13,303.0592153,0,-800.0329849,0,0.1312772913,0,11.76348003,0,1.549356791,0,-0.01118610335,0,0.02150012573,0,0.0006980957853,0,-0.0002669452799,0,0.1309552834,0,11.86507349,-0.6854041152,0,0,0.6140593696,0
25.14,303.1778672,0,-800.0330165,0,0.1311654184,0,11.7637003,0,1.549362829,0,-0.01118831993,0,0.02255431009,0,0.0005096927875,0,-0.0001763928706,0,0.1309533638,0,11.86529266,-0.6854041152,0,0,0.6140593696,0
25.15,303.2965212,0,-800.0330352,0,0.1310535279,0,11.7639311,0,1.549366985,0,-0.01118963167,0,0.02360429138,0,0.0003215117259,0,-8.597833275e-05,0,0.1309511711,0,11.86552203,-0.6854041152,0,0,0.6140593696,0
25.16,303.4151776,0,-800.0330408,0,0.1309416288,0,11.76417237,0,1.54936926,0,-0.01119003998,0,0.02464999284,0,0.0001335765637,0,4.290672708e-06,0,0.1309487061,0,11.86576153,-0.6854041152,0,0,0.6140593696,0
25.17,303.5338365,0,-800.0330335,0,0.1308297301,0,11.76442408,0,1.549369658,0,-0.01118954636,0,0.02569133827,0,-5.408902362e-05,0,9.44063104e-05,0,0.1309459694,0,11.86601114,-0.6854041152,0,0,0.6140593696,0
25.18,303.6524979,0,-800.0330133,0,0.1307178409,0,11.76468619,0,1.54936818,0,-0.01118815239,0,0.02672825199,0,-0.0002414616656,0,0.0001843605993,0,0.1309429619,0,11.86627081,-0.6854041152,0,0,0.6140593696,0
25.19,303.7711619,0,-800.0329801,0,0.1306059701,0,11.76495863,0,1.549364829,0,-0.01118585972,0,0.02776065891,0,-0.0004285183108,0,0.0002741454387,0,0.1309396842,0,11.86654048,-0.6854041152,0,0,0.6140593696,0
25.2,303.8898287,0,-800.0329341,0,0.1304941267,0,11.76524138,0,1.54935961,0,-0.01118267008,0,0.02878848448,0,-0.0006152362376,0,0.0003637526324,0,0.1309361372,0,11.86682013,-0.6854041152,0,0,0.6140593696,0
25.21,304.0084983,0,-800.0328752,0,0.1303823196,0,11.76553439,0,1.549352526,0,-0.01117858529,0,0.02981165474,0,-0.0008015930629,0,0.0004531739098,0,0.1309323216,0,11.8671097,-0.6854041152,0,0,0.6140593696,0
25.22,304.1271709,0,-800.0328036,0,0.1302705579,0,11.7658376,0,1.54934358,0,-0.01117360725,0,0.03083009629,0,-0.0009875667482,0,0.0005424009459,0,0.1309282385,0,11.86740915,-0.6854041152,0,0,0.6140593696,0
25.23,304.2458465,0,-800.0327191,0,0.1301588505,0,11.76615097,0,1.549332776,0,-0.01116773794,0,0.03184373631,0,-0.001173135603,0,0.000631425379,0,0.1309238886,0,11.86771843,-0.6854041152,0,0,0.6140593696,0
25.24,304.3645252,0,-800.032622,0,0.1300472061,0,11.76647446,0,1.549320119,0,-0.01116097944,0,0.03285250259,0,-0.001358278289,0,0.0007202388265,0,0.1309192728,0,11.8680375,-0.6854041152,0,0,0.6140593696,0
25.25,304.4832072,0,-800.0325122,0,0.1299356338,0,11.76680801,0,1.549305612,0,-0.0111533339,0,0.03385632348,0,-0.001542973818,0,0.0008088328995,0,0.1309143921,0,11.8683663,-0.6854041152,0,0,0.6140593696,0
25.26,304.6018925,0,-800.0323897,0,0.1298241424,0,11.76715157,0,1.549289261,0,-0.01114480354,0,0.03485512795,0,-0.001727201552,0,0.0008971992157,0,0.1309092475,0,11.86870479,-0.6854041152,0,0,0.6140593696,0
25.27,304.7205812,0,-800.0322546,0,0.1297127407,0,11.76750509,0,1.549271069,0,-0.0111353907,0,0.03584884556,0,-0.001910941204,0,0.0009853294111,0,0.1309038399,0,11.86905291,-0.6854041152,0,0,0.6140593696,0
25.28,304.8392734,0,-800.0321069,0,0.1296014375,0,11.76786853,0,1.549251046,0,-0.01112509748,0,0.03683640881,0,-0.002092940946,0,0.001073376681,0,0.1308981705,0,11.86941062,-0.6854041152,0,0,0.6140593696,0
25.29,304.9579692,0,-800.0319468,0,0.1294902417,0,11.76824179,0,1.549229226,0,-0.01111392269,0,0.0378158783,0,-0.002270853104,0,0.001161508763,0,0.1308922434,0,11.86977785,-0.6854041152,0,0,0.6140593696,0
25.3,305.0766688,0,-800.0317741,0,0.129379162,0,11.76862483,0,1.549205631,0,-0.01110186878,0,0.03878991581,0,-0.002448029612,0,0.001249199212,0,0.130886061,0,11.87015452,-0.6854041152,0,0,0.6140593696,0
25.31,305.1953721,0,-800.031589,0,0.1292682072,0,11.76901757,0,1.549180268,0,-0.01108894016,0,0.03975845765,0,-0.002624473967,0,0.001336452875,0,0.1308796245,0,11.8705406,-0.6854041152,0,0,0.6140593696,0
25.32,305.3140793,0,-800.0313916,0,0.1291573861,0,11.76941998,0,1.549153144,0,-0.01107514116,0,0.04072144061,0,-0.002800188134,0,0.001423273937,0,0.1308729352,0,11.87093602,-0.6854041152,0,0,0.6140593696,0
25.33,305.4327905,0,-800.0311818,0,0.1290467073,0,11.76983198,0,1.549124266,0,-0.01106047611,0,0.04167880194,0,-0.002975172665,0,0.00150966595,0,0.1308659944,0,11.87134074,-0.6854041152,0,0,0.6140593696,0
25.34,305.5515057,0,-800.0309596,0,0.1289361795,0,11.77025354,0,1.549093643,0,-0.01104494927,0,0.0426304794,0,-0.003149426802,0,0.001595631864,0,0.1308588033,0,11.87175469,-0.6854041152,0,0,0.6140593696,0
25.35,305.6702252,0,-800.0307253,0,0.1288258112,0,11.77068457,0,1.54906128,0,-0.01102856488,0,0.04357641125,0,-0.003322948588,0,0.001681174047,0,0.1308513632,0,11.87217782,-0.6854041152,0,0,0.6140593696,0
25.36,305.7889488,0,-800.0304787,0,0.128715611,0,11.77112504,0,1.549027186,0,-0.01101132719,0,0.04451653629,0,-0.003495734959,0,0.001766294324,0,0.1308436754,0,11.87261008,-0.6854041152,0,0,0.6140593696,0
25.37,305.9076769,0,-800.03022,0,0.1286055875,0,11.77157489,0,1.548991368,0,-0.0109932404,0,0.04545079381,0,-0.003667781836,0,0.001850993996,0,0.1308357412,0,11.8730514,-0.6854041152,0,0,0.6140593696,0
25.38,306.0264093,0,-800.0299491,0,0.128495749,0,11.77203404,0,1.548953833,0,-0.01097430871,0,0.04637912369,0,-0.003839084216,0,0.001935273874,0,0.1308275619,0,11.87350173,-0.6854041152,0,0,0.6140593696,0
25.39,306.1451463,0,-800.0296663,0,0.1283861041,0,11.77250245,0,1.548914589,0,-0.01095453632,0,0.04730146633,0,-0.004009636252,0,0.002019134301,0,0.1308191388,0,11.87396102,-0.6854041152,0,0,0.6140593696,0
25.4,306.2638879,0,-800.0293714,0,0.1282766611,0,11.77298005,0,1.548873643,0,-0.01093392742,0,0.04821776272,0,-0.00417943133,0,0.002102575186,0,0.1308104734,0,11.8744292,-0.6854041152,0,0,0.6140593696,0
25.41,306.3826341,0,-800.0290645,0,0.1281674283,0,11.77346678,0,1.548831003,0,-0.01091248622,0,0.0491279544,0,-0.004348462142,0,0.002185596025,0,0.1308015669,0,11.87490621,-0.6854041152,0,0,0.6140593696,0
25.42,306.5013852,0,-800.0287458,0,0.1280584141,0,11.77396259,0,1.548786676,0,-0.01089021691,0,0.05003198352,0,-0.004516720756,0,0.002268195927,0,0.1307924206,0,11.875392,-0.6854041152,0,0,0.6140593696,0
25.43,306.6201411,0,-800.0284152,0,0.1279496267,0,11.7744674,0,1.548740671,0,-0.01086712371,0,0.0509297928,0,-0.004684198677,0,0.002350373643,0,0.130783036,0,11.8758865,-0.6854041152,0,0,0.6140593696,0
25.44,306.738902,0,-800.0280728,0,0.1278410744,0,11.77498116,0,1.548692995,0,-0.01084321085,0,0.05182132557,0,-0.00485088691,0,0.002432127586,0,0.1307734145,0,11.87638966,-0.6854041152,0,0,0.6140593696,0
25.45,306.8576679,0,-800.0277187,0,0.1277327652,0,11.77550381,0,1.548643656,0,-0.01081848257,0,0.05270652578,0,-0.005016776014,0,0.002513455856,0,0.1307635575,0,11.87690141,-0.6854041152,0,0,0.6140593696,0
25.46,306.976439,0,-800.0273529,0,0.1276247074,0,11.77603527,0,1.548592662,0,-0.01079294315,0,0.05358533798,0,-0.005181856155,0,0.002594356263,0,0.1307534663,0,11.87742169,-0.6854041152,0,0,0.6140593696,0
25.47,307.0952152,0,-800.0269755,0,0.127516909,0,11.77657549,0,1.548540022,0,-0.01076659688,0,0.05445770736,0,-0.005346117154,0,0.002674826348,0,0.1307431425,0,11.87795043,-0.6854041152,0,0,0.6140593696,0
25.48,307.2139968,0,-800.0265865,0,0.1274093782,0,11.7771244,0,1.548485743,0,-0.01073944807,0,0.05532357972,0,-0.005509548532,0,0.002754863405,0,0.1307325875,0,11.87848759,-0.6854041152,0,0,0.6140593696,0
25.49,307.3327837,0,-800.026186,0,0.1273021227,0,11.77768194,0,1.548429833,0,-0.01071150107,0,0.05618290153,0,-0.005672139553,0,0.002834464501,0,0.1307218027,0,11.87903308,-0.6854041152,0,0,0.6140593696,0
25.5,307.4515761,0,-800.0257741,0,0.1271951508,0,11.77824804,0,1.548372303,0,-0.01068276024,0,0.05703561987,0,-0.005833879265,0,0.002913626492,0,0.1307107896,0,11.87958685,-0.6854041152,0,0,0.6140593696,0
25.51,307.570374,0,-800.0253508,0,0.1270884702,0,11.77882263,0,1.548313159,0,-0.01065323001,0,0.05788168251,0,-0.005994756531,0,0.002992346045,0,0.1306995498,0,11.88014883,-0.6854041152,0,0,0.6140593696,0
25.52,307.6891775,0,-800.0249161,0,0.1269820888,0,11.77940565,0,1.54825241,0,-0.01062291481,0,0.05872103783,0,-0.006154760065,0,0.003070619654,0,0.1306880847,0,11.88071896,-0.6854041152,0,0,0.6140593696,0
25.53,307.8079868,0,-800.0244702,0,0.1268760145,0,11.77999703,0,1.548190066,0,-0.01059181912,0,0.05955363491,0,-0.006313878465,0,0.003148443657,0,0.1306763958,0,11.88129717,-0.6854041152,0,0,0.6140593696,0
25.54,307.9268018,0,-800.0240131,0,0.126770255,0,11.7805967,0,1.548126136,0,-0.01055994745,0,0.06037942349,0,-0.006472100237,0,0.003225814251,0,0.1306644848,0,11.8818834,-0.6854041152,0,0,0.6140593696,0
25.55,308.0456226,0,-800.0235448,0,0.1266648181,0,11.7812046,0,1.548060627,0,-0.01052730436,0,0.06119835396,0,-0.006629413826,0,0.003302727506,0,0.1306523531,0,11.88247758,-0.6854041152,0,0,0.6140593696,0
25.56,308.1644495,0,-800.0230654,0,0.1265597115,0,11.78182065,0,1.547993551,0,-0.01049389444,0,0.0620103774,0,-0.006785807636,0,0.003379179381,0,0.1306400024,0,11.88307964,-0.6854041152,0,0,0.6140593696,0
25.57,308.2832823,0,-800.0225751,0,0.1264549428,0,11.78244478,0,1.547924914,0,-0.01045972232,0,0.06281544558,0,-0.006941270053,0,0.003455165736,0,0.1306274342,0,11.88368952,-0.6854041152,0,0,0.6140593696,0
25.58,308.4021212,0,-800.0220738,0,0.1263505195,0,11.78307693,0,1.547854728,0,-0.01042479269,0,0.06361351094,0,-0.007095789467,0,0.003530682346,0,0.1306146501,0,11.88430714,-0.6854041152,0,0,0.6140593696,0
25.59,308.5209663,0,-800.0215616,0,0.1262464494,0,11.78371703,0,1.547783002,0,-0.01038911025,0,0.06440452661,0,-0.007249354288,0,0.003605724911,0,0.1306016518,0,11.88493244,-0.6854041152,0,0,0.6140593696,0
25.6,308.6398176,0,-800.0210386,0,0.1261427398,0,11.784365,0,1.547709744,0,-0.01035267978,0,0.06518844642,0,-0.007401952964,0,0.003680289067,0,0.1305884409,0,11.88556536,-0.6854041152,0,0,0.6140593696,0
25.61,308.7586753,0,-800.0205048,0,0.1260393983,0,11.78502077,0,1.547634966,0,-0.01031550608,0,0.06596522488,0,-0.007553573995,0,0.003754370398,0,0.130575019,0,11.88620581,-0.6854041152,0,0,0.6140593696,0
25.62,308.8775393,0,-800.0199604,0,0.1259364322,0,11.78568428,0,1.547558676,0,-0.010277594,0,0.06673481722,0,-0.00770420595,0,0.003827964446,0,0.1305613879,0,11.88685374,-0.6854041152,0,0,0.6140593696,0
25.63,308.9964098,0,-800.0194053,0,0.1258338489,0,11.78635544,0,1.547480885,0,-0.01023894843,0,0.06749717935,0,-0.007853837476,0,0.003901066718,0,0.1305475491,0,11.88750906,-0.6854041152,0,0,0.6140593696,0
25.64,309.1152869,0,-800.0188397,0,0.1257316556,0,11.7870342,0,1.547401603,0,-0.01019957432,0,0.06825226789,0,-0.008002457309,0,0.003973672696,0,0.1305335044,0,11.88817172,-0.6854041152,0,0,0.6140593696,0
25.65,309.2341705,0,-800.0182636,0,0.1256298598,0,11.78772047,0,1.547320839,0,-0.01015947665,0,0.06900004018,0,-0.008150054289,0,0.004045777844,0,0.1305192555,0,11.88884164,-0.6854041152,0,0,0.6140593696,0
25.66,309.3530609,0,-800.0176772,0,0.1255284685,0,11.78841417,0,1.547238605,0,-0.01011866045,0,0.06974045425,0,-0.008296617364,0,0.004117377619,0,0.1305048041,0,11.88951875,-0.6854041152,0,0,0.6140593696,0
25.67,309.471958,0,-800.0170803,0,0.1254274889,0,11.78911525,0,1.547154911,0,-0.0100771308,0,0.07047346885,0,-0.008442135601,0,0.004188467472,0,0.1304901519,0,11.89020297,-0.6854041152,0,0,0.6140593696,0
25.68,309.5908619,0,-800.0164733,0,0.1253269282,0,11.78982362,0,1.547069766,0,-0.01003489281,0,0.07119904345,0,-0.008586598191,0,0.004259042858,0,0.1304753007,0,11.89089424,-0.6854041152,0,0,0.6140593696,0
25.69,309.7097728,0,-800.015856,0,0.1252267934,0,11.79053921,0,1.546983182,0,-0.009991951669,0,0.07191713822,0,-0.008729994457,0,0.004329099244,0,0.1304602523,0,11.89159248,-0.6854041152,0,0,0.6140593696,0
25.7,309.8286905,0,-800.0152286,0,0.1251270915,0,11.79126194,0,1.54689517,0,-0.009948312574,0,0.07262771407,0,-0.008872313862,0,0.00439863211,0,0.1304450084,0,11.89229762,-0.6854041152,0,0,0.6140593696,0
25.71,309.9476154,0,-800.0145912,0,0.1250278295,0,11.79199174,0,1.54680574,0,-0.009903980787,0,0.0733307326,0,-0.009013546009,0,0.004467636956,0,0.1304295708,0,11.89300959,-0.6854041152,0,0,0.6140593696,0
25.72,310.0665473,0,-800.0139438,0,0.1249290142,0,11.79272853,0,1.546714903,0,-0.00985896161,0,0.07402615616,0,-0.009153680649,0,0.004536109309,0,0.1304139414,0,11.89372831,-0.6854041152,0,0,0.6140593696,0
25.73,310.1854864,0,-800.0132865,0,0.1248306525,0,11.79347223,0,1.54662267,0,-0.00981326039,0,0.0747139478,0,-0.009292707685,0,0.004604044723,0,0.1303981218,0,11.89445371,-0.6854041152,0,0,0.6140593696,0
25.74,310.3044327,0,-800.0126194,0,0.1247327513,0,11.79422278,0,1.546529052,0,-0.00976688252,0,0.07539407132,0,-0.009430617171,0,0.004671438787,0,0.1303821141,0,11.89518571,-0.6854041152,0,0,0.6140593696,0
25.75,310.4233863,0,-800.0119425,0,0.1246353171,0,11.79498009,0,1.546434061,0,-0.009719833434,0,0.0760664912,0,-0.009567399322,0,0.004738287128,0,0.1303659199,0,11.89592424,-0.6854041152,0,0,0.6140593696,0
25.76,310.5423473,0,-800.011256,0,0.1245383568,0,11.79574408,0,1.546337708,0,-0.009672118611,0,0.0767311727,0,-0.009703044511,0,0.004804585411,0,0.1303495411,0,11.89666923,-0.6854041152,0,0,0.6140593696,0
25.77,310.6613157,0,-800.0105599,0,0.124441877,0,11.79651469,0,1.546240004,0,-0.009623743573,0,0.07738808177,0,-0.009837543271,0,0.004870329346,0,0.1303329797,0,11.8974206,-0.6854041152,0,0,0.6140593696,0
25.78,310.7802916,0,-800.0098543,0,0.1243458841,0,11.79729182,0,1.546140961,0,-0.009574713886,0,0.0780371851,0,-0.0099708863,0,0.004935514691,0,0.1303162374,0,11.89817827,-0.6854041152,0,0,0.6140593696,0
25.79,310.8992751,0,-800.0091392,0,0.1242503848,0,11.7980754,0,1.54604059,0,-0.009525035156,0,0.07867845012,0,-0.01010306446,0,0.005000137251,0,0.1302993162,0,11.89894217,-0.6854041152,0,0,0.6140593696,0
25.8,311.0182661,0,-800.0084148,0,0.1241553856,0,11.79886536,0,1.545938903,0,-0.009474713031,0,0.07931184497,0,-0.01023406878,0,0.005064192883,0,0.1302822179,0,11.89971222,-0.6854041152,0,0,0.6140593696,0
25.81,311.1372648,0,-800.0076811,0,0.1240608927,0,11.79966161,0,1.545835913,0,-0.009423753201,0,0.07993733852,0,-0.01036389045,0,0.005127677499,0,0.1302649445,0,11.90048835,-0.6854041152,0,0,0.6140593696,0
25.82,311.2562713,0,-800.0069382,0,0.1239669126,0,11.80046408,0,1.54573163,0,-0.009372161398,0,0.08055490041,0,-0.01049252083,0,0.005190587065,0,0.1302474978,0,11.90127047,-0.6854041152,0,0,0.6140593696,0
25.83,311.3752856,0,-800.0061862,0,0.1238734516,0,11.80127269,0,1.545626066,0,-0.00931994339,0,0.08116450095,0,-0.01061995146,0,0.005252917606,0,0.1302298798,0,11.90205852,-0.6854041152,0,0,0.6140593696,0
25.84,311.4943077,0,-800.0054251,0,0.1237805158,0,11.80208735,0,1.545519235,0,-0.009267104989,0,0.08176611124,0,-0.01074617403,0,0.005314665204,0,0.1302120924,0,11.90285241,-0.6854041152,0,0,0.6140593696,0
25.85,311.6133377,0,-800.0046551,0,0.1236881115,0,11.80290798,0,1.545411147,0,-0.009213652042,0,0.08235970308,0,-0.01087118039,0,0.005375826004,0,0.1301941376,0,11.90365206,-0.6854041152,0,0,0.6140593696,0
25.86,311.7323757,0,-800.0038763,0,0.1235962448,0,11.80373451,0,1.545301815,0,-0.009159590437,0,0.082945249,0,-0.01099496259,0,0.005436396211,0,0.1301760173,0,11.90445741,-0.6854041152,0,0,0.6140593696,0
25.87,311.8514217,0,-800.0030886,0,0.1235049217,0,11.80456686,0,1.545191252,0,-0.009104926099,0,0.08352272229,0,-0.01111751282,0,0.005496372093,0,0.1301577335,0,11.90526836,-0.6854041152,0,0,0.6140593696,0
25.88,311.9704758,0,-800.0022922,0,0.1234141483,0,11.80540494,0,1.545079469,0,-0.009049664989,0,0.08409209695,0,-0.01123882345,0,0.005555749983,0,0.1301392881,0,11.90608485,-0.6854041152,0,0,0.6140593696,0
25.89,312.0895381,0,-800.0014872,0,0.1233239304,0,11.80624867,0,1.544966479,0,-0.008993813105,0,0.08465334772,0,-0.01135888701,0,0.005614526278,0,0.1301206832,0,11.90690678,-0.6854041152,0,0,0.6140593696,0
25.9,312.2086085,0,-800.0006737,0,0.1232342739,0,11.80709798,0,1.544852295,0,-0.008937376481,0,0.08520645007,0,-0.01147769619,0,0.005672697441,0,0.1301019207,0,11.9077341,-0.6854041152,0,0,0.6140593696,0
25.91,312.3276872,0,-799.9998517,0,0.1231451848,0,11.80795278,0,1.54473693,0,-0.008880361185,0,0.0857513802,0,-0.01159524387,0,0.005730260002,0,0.1300830025,0,11.9085667,-0.6854041152,0,0,0.6140593696,0
25.92,312.4467741,0,-799.9990214,0,0.1230566686,0,11.80881298,0,1.544620395,0,-0.008822773321,0,0.08628811507,0,-0.01171152306,0,0.005787210556,0,0.1300639308,0,11.90940453,-0.6854041152,0,0,0.6140593696,0
25.93,312.5658694,0,-799.9981827,0,0.1229687312,0,11.80967851,0,1.544502703,0,-0.008764619025,0,0.08681663233,0,-0.01182652697,0,0.005843545768,0,0.1300447075,0,11.91024748,-0.6854041152,0,0,0.6140593696,0
25.94,312.6849731,0,-799.9973359,0,0.1228813781,0,11.81054929,0,1.544383869,0,-0.008705904467,0,0.0873369104,0,-0.01194024894,0,0.005899262369,0,0.1300253346,0,11.9110955,-0.6854041152,0,0,0.6140593696,0
25.95,312.8040853,0,-799.9964809,0,0.122794615,0,11.81142522,0,1.544263903,0,-0.00864663585,0,0.08784892841,0,-0.01205268249,0,0.00595435716,0,0.1300058142,0,11.91194849,-0.6854041152,0,0,0.6140593696,0
25.96,312.9232059,0,-799.9956179,0,0.1227084472,0,11.81230624,0,1.544142819,0,-0.008586819407,0,0.08835266622,0,-0.01216382132,0,0.006008827009,0,0.1299861482,0,11.91280637,-0.6854041152,0,0,0.6140593696,0
25.97,313.0423351,0,-799.994747,0,0.1226228804,0,11.81319225,0,1.544020631,0,-0.008526461403,0,0.08884810444,0,-0.01227365924,0,0.006062668855,0,0.1299663388,0,11.91366907,-0.6854041152,0,0,0.6140593696,0
25.98,313.1614729,0,-799.9938682,0,0.1225379198,0,11.81408317,0,1.54389735,0,-0.008465568133,0,0.0893352244,0,-0.01238219028,0,0.006115879704,0,0.129946388,0,11.91453651,-0.6854041152,0,0,0.6140593696,0
25.99,313.2806193,0,-799.9929817,0,0.1224535708,0,11.81497892,0,1.543772991,0,-0.008404145922,0,0.08981400814,0,-0.01248940859,0,0.006168456634,0,0.1299262978,0,11.9154086,-0.6854041152,0,0,0.6140593696,0
26,313.3997744,0,-799.9920874,0,0.1223698386,0,11.81587942,0,1.543647567,0,-0.008342201123,0,0.09028443847,0,-0.01259530848,0,0.00622039679,0,0.1299060702,0,11.91628526,-0.6854041152,0,0,0.6140593696,0
26.01,313.5189383,0,-799.9911856,0,0.1222867285,0,11.81678458,0,1.54352109,0,-0.008279740118,0,0.0907464989,0,-0.01269988445,0,0.006271697387,0,0.1298857074,0,11.91716641,-0.6854041152,0,0,0.6140593696,0
26.02,313.6381109,0,-799.9902763,0,0.1222042455,0,11.81769433,0,1.543393573,0,-0.008216769317,0,0.09120017366,0,-0.01280313111,0,0.00632235571,0,0.1298652114,0,11.91805198,-0.6854041152,0,0,0.6140593696,0
26.03,313.7572923,0,-799.9893596,0,0.1221223948,0,11.81860856,0,1.543265031,0,-0.008153295154,0,0.09164544774,0,-0.01290504327,0,0.006372369115,0,0.1298445843,0,11.91894187,-0.6854041152,0,0,0.6140593696,0
26.04,313.8764826,0,-799.9884356,0,0.1220411813,0,11.81952721,0,1.543135477,0,-0.008089324093,0,0.09208230683,0,-0.01300561586,0,0.006421735025,0,0.1298238281,0,11.91983601,-0.6854041152,0,0,0.6140593696,0
26.05,313.9956818,0,-799.9875043,0,0.1219606099,0,11.82045018,0,1.543004924,0,-0.00802486262,0,0.09251073736,0,-0.01310484398,0,0.006470450935,0,0.129802945,0,11.92073432,-0.6854041152,0,0,0.6140593696,0
26.06,314.11489,0,-799.9865659,0,0.1218806856,0,11.82137739,0,1.542873385,0,-0.007959917249,0,0.09293072645,0,-0.0132027229,0,0.006518514408,0,0.129781937,0,11.92163671,-0.6854041152,0,0,0.6140593696,0
26.07,314.2341071,0,-799.9856204,0,0.1218014132,0,11.82230876,0,1.542740874,0,-0.007894494515,0,0.09334226199,0,-0.01329924802,0,0.006565923076,0,0.1297608062,0,11.9225431,-0.6854041152,0,0,0.6140593696,0
26.08,314.3533333,0,-799.984668,0,0.1217227973,0,11.82324421,0,1.542607404,0,-0.007828600978,0,0.09374533257,0,-0.01339441489,0,0.006612674643,0,0.1297395547,0,11.92345341,-0.6854041152,0,0,0.6140593696,0
26.09,314.4725686,0,-799.9837087,0,0.1216448427,0,11.82418364,0,1.54247299,0,-0.00776224322,0,0.09413992749,0,-0.01348821922,0,0.006658766879,0,0.1297181846,0,11.92436756,-0.6854041152,0,0,0.6140593696,0
26.1,314.5918129,0,-799.9827427,0,0.121567554,0,11.82512698,0,1.542337644,0,-0.007695427845,0,0.09452603678,0,-0.01358065688,0,0.006704197625,0,0.1296966981,0,11.92528547,-0.6854041152,0,0,0.6140593696,0
26.11,314.7110664,0,-799.9817699,0,0.1214909356,0,11.82607414,0,1.542201381,0,-0.007628161479,0,0.09490365119,0,-0.01367172387,0,0.006748964791,0,0.1296750971,0,11.92620705,-0.6854041152,0,0,0.6140593696,0
26.12,314.8303291,0,-799.9807906,0,0.1214149922,0,11.82702502,0,1.542064214,0,-0.007560450768,0,0.09527276218,0,-0.01376141635,0,0.006793066354,0,0.1296533839,0,11.92713222,-0.6854041152,0,0,0.6140593696,0
26.13,314.949601,0,-799.9798048,0,0.1213397281,0,11.82797956,0,1.541926158,0,-0.007492302377,0,0.09563336194,0,-0.01384973064,0,0.006836500363,0,0.1296315605,0,11.9280609,-0.6854041152,0,0,0.6140593696,0
26.14,315.0688821,0,-799.9788126,0,0.1212651476,0,11.82893766,0,1.541787224,0,-0.007423722992,0,0.09598544334,0,-0.01393666317,0,0.006879264931,0,0.1296096291,0,11.928993,-0.6854041152,0,0,0.6140593696,0
26.15,315.1881725,0,-799.977814,0,0.121191255,0,11.82989924,0,1.541647429,0,-0.007354719316,0,0.09632899999,0,-0.01402221056,0,0.006921358244,0,0.1295875917,0,11.92992845,-0.6854041152,0,0,0.6140593696,0
26.16,315.3074723,0,-799.9768093,0,0.1211180546,0,11.83086422,0,1.541506785,0,-0.00728529807,0,0.09666402621,0,-0.01410636955,0,0.006962778552,0,0.1295654505,0,11.93086716,-0.6854041152,0,0,0.6140593696,0
26.17,315.4267814,0,-799.9757984,0,0.1210455504,0,11.83183249,0,1.541365306,0,-0.007215465994,0,0.09699051702,0,-0.01418913703,0,0.007003524176,0,0.1295432076,0,11.93180905,-0.6854041152,0,0,0.6140593696,0
26.18,315.5460998,0,-799.9747815,0,0.1209737466,0,11.832804,0,1.541223007,0,-0.007145229841,0,0.09730846815,0,-0.01427051004,0,0.007043593502,0,0.1295208652,0,11.93275403,-0.6854041152,0,0,0.6140593696,0
26.19,315.6654277,0,-799.9737586,0,0.1209026472,0,11.83377864,0,1.541079901,0,-0.007074596383,0,0.09761787602,0,-0.01435048576,0,0.007082984987,0,0.1294984253,0,11.93370203,-0.6854041152,0,0,0.6140593696,0
26.2,315.7847651,0,-799.9727299,0,0.120832256,0,11.83475633,0,1.540936002,0,-0.007003572406,0,0.09791873777,0,-0.01442906152,0,0.007121697151,0,0.1294758901,0,11.93465295,-0.6854041152,0,0,0.6140593696,0
26.21,315.9041119,0,-799.9716955,0,0.120762577,0,11.83573698,0,1.540791324,0,-0.006932164709,0,0.09821105125,0,-0.01450623476,0,0.007159728584,0,0.1294532617,0,11.93560672,-0.6854041152,0,0,0.6140593696,0
26.22,316.0234682,0,-799.9706554,0,0.120693614,0,11.83672052,0,1.540645882,0,-0.006860380108,0,0.09849481499,0,-0.01458200312,0,0.007197077942,0,0.1294305423,0,11.93656326,-0.6854041152,0,0,0.6140593696,0
26.23,316.142834,0,-799.9696098,0,0.1206253706,0,11.83770685,0,1.540499689,0,-0.006788225428,0,0.09877002822,0,-0.01465636432,0,0.007233743947,0,0.1294077339,0,11.93752247,-0.6854041152,0,0,0.6140593696,0
26.24,316.2622095,0,-799.9685587,0,0.1205578507,0,11.83869589,0,1.540352759,0,-0.006715707511,0,0.09903669088,0,-0.01472931628,0,0.00726972539,0,0.1293848387,0,11.93848428,-0.6854041152,0,0,0.6140593696,0
26.25,316.3815944,0,-799.9675022,0,0.1204910577,0,11.83968756,0,1.540205107,0,-0.006642833206,0,0.09929480358,0,-0.014800857,0,0.007305021124,0,0.1293618589,0,11.93944861,-0.6854041152,0,0,0.6140593696,0
26.26,316.500989,0,-799.9664405,0,0.1204249952,0,11.84068176,0,1.540056747,0,-0.006569609377,0,0.09954436764,0,-0.01487098466,0,0.007339630071,0,0.1293387965,0,11.94041537,-0.6854041152,0,0,0.6140593696,0
26.27,316.6203933,0,-799.9653736,0,0.1203596666,0,11.84167841,0,1.539907692,0,-0.006496042897,0,0.09978538506,0,-0.01493969756,0,0.007373551218,0,0.1293156537,0,11.94138448,-0.6854041152,0,0,0.6140593696,0
26.28,316.7398072,0,-799.9643016,0,0.1202950754,0,11.84267744,0,1.539757957,0,-0.006422140649,0,0.1000178585,0,-0.01500699416,0,0.007406783617,0,0.1292924327,0,11.94235586,-0.6854041152,0,0,0.6140593696,0
26.29,316.8592307,0,-799.9632247,0,0.1202312249,0,11.84367874,0,1.539607557,0,-0.006347909524,0,0.1002417914,0,-0.01507287303,0,0.007439326385,0,0.1292691355,0,11.94332942,-0.6854041152,0,0,0.6140593696,0
26.3,316.978664,0,-799.9621428,0,0.1201681183,0,11.84468224,0,1.539456505,0,-0.006273356423,0,0.1004571878,0,-0.01513733288,0,0.007471178704,0,0.1292457643,0,11.94430508,-0.6854041152,0,0,0.6140593696,0
26.31,317.098107,0,-799.9610562,0,0.1201057588,0,11.84568786,0,1.539304815,0,-0.006198488254,0,0.1006640524,0,-0.01520037258,0,0.007502339823,0,0.1292223212,0,11.94528276,-0.6854041152,0,0,0.6140593696,0
26.32,317.2175597,0,-799.9599649,0,0.1200441496,0,11.8466955,0,1.539152502,0,-0.006123311932,0,0.1008623907,0,-0.0152619911,0,0.007532809052,0,0.1291988084,0,11.94626237,-0.6854041152,0,0,0.6140593696,0
26.33,317.3370222,0,-799.958869,0,0.1199832936,0,11.84770508,0,1.53899958,0,-0.006047834381,0,0.1010522086,0,-0.01532218758,0,0.007562585767,0,0.1291752279,0,11.94724384,-0.6854041152,0,0,0.6140593696,0
26.34,317.4564945,0,-799.9577686,0,0.1199231939,0,11.84871651,0,1.538846063,0,-0.005972062527,0,0.101233513,0,-0.01538096127,0,0.007591669408,0,0.129151582,0,11.94822707,-0.6854041152,0,0,0.6140593696,0
26.35,317.5759766,0,-799.9566638,0,0.1198638533,0,11.84972972,0,1.538691965,0,-0.005896003305,0,0.1014063114,0,-0.01543831156,0,0.007620059478,0,0.1291278726,0,11.949212,-0.6854041152,0,0,0.6140593696,0
26.36,317.6954685,0,-799.9555547,0,0.1198052747,0,11.85074461,0,1.538537301,0,-0.005819663651,0,0.1015706117,0,-0.01549423797,0,0.007647755544,0,0.1291041021,0,11.95019853,-0.6854041152,0,0,0.6140593696,0
26.37,317.8149702,0,-799.9544414,0,0.1197474609,0,11.8517611,0,1.538382085,0,-0.005743050508,0,0.1017264228,0,-0.01554874015,0,0.007674757236,0,0.1290802723,0,11.95118658,-0.6854041152,0,0,0.6140593696,0
26.38,317.9344818,0,-799.953324,0,0.1196904146,0,11.85277911,0,1.538226331,0,-0.005666170822,0,0.1018737541,0,-0.0156018179,0,0.007701064248,0,0.1290563856,0,11.95217607,-0.6854041152,0,0,0.6140593696,0
26.39,318.0540033,0,-799.9522026,0,0.1196341384,0,11.85379855,0,1.538070054,0,-0.00558903154,0,0.1020126156,0,-0.01565347112,0,0.007726676334,0,0.129032444,0,11.95316693,-0.6854041152,0,0,0.6140593696,0
26.4,318.1735346,0,-799.9510773,0,0.1195786348,0,11.85481934,0,1.537913267,0,-0.005511639612,0,0.1021430182,0,-0.01570369986,0,0.007751593313,0,0.1290084496,0,11.95415905,-0.6854041152,0,0,0.6140593696,0
26.41,318.2930758,0,-799.9499481,0,0.1195239064,0,11.85584138,0,1.537755985,0,-0.005434001991,0,0.1022649731,0,-0.01575250429,0,0.007775815065,0,0.1289844045,0,11.95515238,-0.6854041152,0,0,0.6140593696,0
26.42,318.412627,0,-799.9488153,0,0.1194699556,0,11.85686461,0,1.537598221,0,-0.005356125628,0,0.1023784925,0,-0.01579988473,0,0.007799341532,0,0.1289603109,0,11.95614681,-0.6854041152,0,0,0.6140593696,0
26.43,318.532188,0,-799.9476788,0,0.1194167847,0,11.85788892,0,1.537439992,0,-0.005278017478,0,0.1024835889,0,-0.01584584159,0,0.007822172718,0,0.1289361708,0,11.95714228,-0.6854041152,0,0,0.6140593696,0
26.44,318.651759,0,-799.9465389,0,0.119364396,0,11.85891425,0,1.537281309,0,-0.005199684491,0,0.1025802759,0,-0.01589037543,0,0.007844308687,0,0.1289119864,0,11.95813869,-0.6854041152,0,0,0.6140593696,0
26.45,318.7713399,0,-799.9453955,0,0.1193127917,0,11.8599405,0,1.537122189,0,-0.005121133621,0,0.1026685672,0,-0.01593348694,0,0.007865749565,0,0.1288877597,0,11.95913598,-0.6854041152,0,0,0.6140593696,0
26.46,318.8909307,0,-799.9442488,0,0.119261974,0,11.86096759,0,1.536962644,0,-0.005042371816,0,0.1027484776,0,-0.01597517693,0,0.007886495539,0,0.1288634929,0,11.96013405,-0.6854041152,0,0,0.6140593696,0
26.47,319.0105316,0,-799.9430988,0,0.119211945,0,11.86199544,0,1.53680269,0,-0.004963406026,0,0.1028200223,0,-0.01601544632,0,0.007906546856,0,0.128839188,0,11.96113282,-0.6854041152,0,0,0.6140593696,0
26.48,319.1301423,0,-799.9419458,0,0.1191627066,0,11.86302397,0,1.53664234,0,-0.004884243194,0,0.1028832171,0,-0.01605429618,0,0.007925903822,0,0.1288148471,0,11.96213222,-0.6854041152,0,0,0.6140593696,0
26.49,319.2497631,0,-799.9407897,0,0.1191142607,0,11.86405308,0,1.536481609,0,-0.004804890262,0,0.1029380785,0,-0.01609172769,0,0.007944566805,0,0.1287904724,0,11.96313217,-0.6854041152,0,0,0.6140593696,0
26.5,319.3693938,0,-799.9396307,0,0.1190666094,0,11.8650827,0,1.53632051,0,-0.004725354169,0,0.1029846238,0,-0.01612774214,0,0.007962536232,0,0.1287660658,0,11.96413257,-0.6854041152,0,0,0.6140593696,0
26.51,319.4890345,0,-799.9384689,0,0.1190197542,0,11.86611274,0,1.536159059,0,-0.004645641848,0,0.1030228706,0,-0.01616234097,0,0.007979812587,0,0.1287416295,0,11.96513336,-0.6854041152,0,0,0.6140593696,0
26.52,319.6086851,0,-799.9373043,0,0.1189736971,0,11.86714313,0,1.535997268,0,-0.004565760226,0,0.1030528373,0,-0.01619552571,0,0.007996396416,0,0.1287171656,0,11.96613445,-0.6854041152,0,0,0.6140593696,0
26.53,319.7283458,0,-799.9361371,0,0.1189284396,0,11.86817377,0,1.535835153,0,-0.004485716226,0,0.1030745429,0,-0.01622729804,0,0.008012288322,0,0.128692676,0,11.96713576,-0.6854041152,0,0,0.6140593696,0
26.54,319.8480164,0,-799.9349674,0,0.1188839833,0,11.86920459,0,1.535672727,0,-0.004405516764,0,0.103088007,0,-0.01625765973,0,0.008027488967,0,0.128668163,0,11.96813722,-0.6854041152,0,0,0.6140593696,0
26.55,319.9676971,0,-799.9337952,0,0.1188403297,0,11.87023551,0,1.535510004,0,-0.004325168748,0,0.1030932499,0,-0.0162866127,0,0.00804199907,0,0.1286436284,0,11.96913873,-0.6854041152,0,0,0.6140593696,0
26.56,320.0873877,0,-799.9326207,0,0.1187974804,0,11.87126643,0,1.535346999,0,-0.004244679081,0,0.1030902922,0,-0.01631415896,0,0.008055819409,0,0.1286190744,0,11.97014023,-0.6854041152,0,0,0.6140593696,0
26.57,320.2070883,0,-799.931444,0,0.1187554366,0,11.87229729,0,1.535183726,0,-0.004164054656,0,0.1030791555,0,-0.01634030065,0,0.008068950817,0,0.1285945031,0,11.97114163,-0.6854041152,0,0,0.6140593696,0
26.58,320.3267989,0,-799.9302651,0,0.1187141997,0,11.87332799,0,1.535020198,0,-0.004083302358,0,0.1030598617,0,-0.01636504002,0,0.008081394188,0,0.1285699164,0,11.97214285,-0.6854041152,0,0,0.6140593696,0
26.59,320.4465196,0,-799.9290842,0,0.118673771,0,11.87435846,0,1.53485643,0,-0.004002429063,0,0.1030324335,0,-0.01638837946,0,0.008093150468,0,0.1285453164,0,11.97314382,-0.6854041152,0,0,0.6140593696,0
26.6,320.5662502,0,-799.9279013,0,0.1186341515,0,11.87538861,0,1.534692435,0,-0.003921441636,0,0.102996894,0,-0.01641032142,0,0.008104220664,0,0.1285207052,0,11.97414446,-0.6854041152,0,0,0.6140593696,0
26.61,320.6859907,0,-799.9267166,0,0.1185953425,0,11.87641837,0,1.534528228,0,-0.003840346933,0,0.1029532671,0,-0.01643086853,0,0.008114605836,0,0.1284960847,0,11.97514468,-0.6854041152,0,0,0.6140593696,0
26.62,320.8057413,0,-799.9255301,0,0.1185573449,0,11.87744765,0,1.534363822,0,-0.003759151799,0,0.102901577,0,-0.01645002348,0,0.008124307099,0,0.128471457,0,11.97614441,-0.6854041152,0,0,0.6140593696,0
26.63,320.9255019,0,-799.924342,0,0.1185201598,0,11.87847637,0,1.534199232,0,-0.003677863067,0,0.1028418488,0,-0.01646778911,0,0.008133325627,0,0.128446824,0,11.97714357,-0.6854041152,0,0,0.6140593696,0
26.64,321.0452724,0,-799.9231523,0,0.1184837879,0,11.87950446,0,1.534034471,0,-0.003596487558,0,0.102774108,0,-0.01648416833,0,0.008141662646,0,0.1284221879,0,11.97814209,-0.6854041152,0,0,0.6140593696,0
26.65,321.1650529,0,-799.9219612,0,0.1184482303,0,11.88053183,0,1.533869553,0,-0.003515032081,0,0.1026983806,0,-0.01649916421,0,0.008149319437,0,0.1283975505,0,11.97913988,-0.6854041152,0,0,0.6140593696,0
26.66,321.2848433,0,-799.9207687,0,0.1184134875,0,11.8815584,0,1.533704493,0,-0.003433503432,0,0.1026146933,0,-0.01651277989,0,0.008156297337,0,0.1283729139,0,11.98013687,-0.6854041152,0,0,0.6140593696,0
26.67,321.4046437,0,-799.9195749,0,0.1183795604,0,11.88258409,0,1.533539302,0,-0.003351908393,0,0.1025230734,0,-0.01652501863,0,0.008162597735,0,0.1283482801,0,11.98113298,-0.6854041152,0,0,0.6140593696,0
26.68,321.5244541,0,-799.91838,0,0.1183464496,0,11.88360883,0,1.533373997,0,-0.003270253731,0,0.1024235486,0,-0.0165358838,0,0.008168222074,0,0.1283236511,0,11.98212814,-0.6854041152,0,0,0.6140593696,0
26.69,321.6442743,0,-799.9171841,0,0.1183141555,0,11.88463254,0,1.533208589,0,-0.0031885462,0,0.1023161473,0,-0.01654537888,0,0.008173171851,0,0.1282990287,0,11.98312226,-0.6854041152,0,0,0.6140593696,0
26.7,321.7641046,0,-799.9159871,0,0.1182826788,0,11.88565513,0,1.533043094,0,-0.003106792537,0,0.1022008984,0,-0.01655350746,0,0.008177448615,0,0.128274415,0,11.98411528,-0.6854041152,0,0,0.6140593696,0
26.71,321.8839447,0,-799.9147893,0,0.1182520198,0,11.88667653,0,1.532877524,0,-0.003024999465,0,0.1020778313,0,-0.01656027321,0,0.008181053969,0,0.128249812,0,11.98510711,-0.6854041152,0,0,0.6140593696,0
26.72,322.0037947,0,-799.9135907,0,0.1182221789,0,11.88769666,0,1.532711893,0,-0.00294317369,0,0.101946976,0,-0.01656567994,0,0.008183989566,0,0.1282252215,0,11.98609768,-0.6854041152,0,0,0.6140593696,0
26.73,322.1236546,0,-799.9123914,0,0.1181931564,0,11.88871544,0,1.532546215,0,-0.002861321901,0,0.101808363,0,-0.01656973153,0,0.008186257113,0,0.1282006455,0,11.98708692,-0.6854041152,0,0,0.6140593696,0
26.74,322.2435244,0,-799.9111915,0,0.1181649525,0,11.8897328,0,1.532380503,0,-0.002779450769,0,0.1016620235,0,-0.01657243199,0,0.008187858366,0,0.128176086,0,11.98807475,-0.6854041152,0,0,0.6140593696,0
26.75,322.3634041,0,-799.9099912,0,0.1181375674,0,11.89074866,0,1.53221477,0,-0.002697566948,0,0.1015079889,0,-0.0165737854,0,0.008188795133,0,0.1281515449,0,11.98906109,-0.6854041152,0,0,0.6140593696,0
26.76,322.4832936,0,-799.9087905,0,0.1181110012,0,11.89176294,0,1.532049031,0,-0.002615677075,0,0.1013462914,0,-0.01657379598,0,0.008189069273,0,0.1281270241,0,11.99004587,-0.6854041152,0,0,0.6140593696,0
26.77,322.603193,0,-799.9075894,0,0.1180852539,0,11.89277556,0,1.531883299,0,-0.002533787765,0,0.1011769637,0,-0.01657246801,0,0.008188682696,0,0.1281025255,0,11.99102902,-0.6854041152,0,0,0.6140593696,0
26.78,322.7231022,0,-799.9063882,0,0.1180603254,0,11.89378645,0,1.531717586,0,-0.002451905617,0,0.1010000389,0,-0.0165698059,0,0.00818763736,0,0.128078051,0,11.99201046,-0.6854041152,0,0,0.6140593696,0
26.79,322.8430212,0,-799.9051868,0,0.1180362157,0,11.89479554,0,1.531551907,0,-0.002370037207,0,0.1008155508,0,-0.01656581413,0,0.008185935273,0,0.1280536025,0,11.99299012,-0.6854041152,0,0,0.6140593696,0
26.8,322.9629499,0,-799.9039855,0,0.1180129246,0,11.89580274,0,1.531386275,0,-0.002288189093,0,0.1006235334,0,-0.01656049731,0,0.008183578492,0,0.1280291819,0,11.99396793,-0.6854041152,0,0,0.6140593696,0
26.81,323.0828885,0,-799.9027842,0,0.1179904519,0,11.89680798,0,1.531220702,0,-0.002206367812,0,0.1004240216,0,-0.01655386011,0,0.008180569124,0,0.128004791,0,11.99494381,-0.6854041152,0,0,0.6140593696,0
26.82,323.2028368,0,-799.9015831,0,0.1179687972,0,11.89781119,0,1.531055202,0,-0.002124579879,0,0.1002170504,0,-0.01654590732,0,0.008176909321,0,0.1279804318,0,11.99591769,-0.6854041152,0,0,0.6140593696,0
26.83,323.3227948,0,-799.9003823,0,0.1179479601,0,11.8988123,0,1.530889788,0,-0.002042831786,0,0.1000026557,0,-0.01653664382,0,0.008172601287,0,0.127956106,0,11.9968895,-0.6854041152,0,0,0.6140593696,0
26.84,323.4427626,0,-799.8991819,0,0.1179279404,0,11.89981122,0,1.530724473,0,-0.001961130006,0,0.09978087354,0,-0.01652607457,0,0.008167647271,0,0.1279318156,0,11.99785916,-0.6854041152,0,0,0.6140593696,0
26.85,323.56274,0,-799.8979819,0,0.1179087374,0,11.90080789,0,1.530559271,0,-0.001879480987,0,0.09955174069,0,-0.01651420463,0,0.008162049568,0,0.1279075623,0,11.99882661,-0.6854041152,0,0,0.6140593696,0
26.86,323.6827271,0,-799.8967825,0,0.1178903506,0,11.90180223,0,1.530394193,0,-0.001797891153,0,0.09931529429,0,-0.01650103915,0,0.008155810522,0,0.1278833481,0,11.99979178,-0.6854041152,0,0,0.6140593696,0
26.87,323.8027238,0,-799.8955837,0,0.1178727793,0,11.90279417,0,1.530229254,0,-0.001716366906,0,0.099071572,0,-0.01648658339,0,0.008148932522,0,0.1278591747,0,12.00075459,-0.6854041152,0,0,0.6140593696,0
26.88,323.9227302,0,-799.8943856,0,0.117856023,0,11.90378364,0,1.530064466,0,-0.001634914624,0,0.09882061193,0,-0.01647084265,0,0.008141418003,0,0.1278350438,0,12.00171497,-0.6854041152,0,0,0.6140593696,0
26.89,324.0427462,0,-799.8931884,0,0.1178400808,0,11.90477056,0,1.529899842,0,-0.001553540659,0,0.09856245268,0,-0.01645382237,0,0.008133269445,0,0.1278109575,0,12.00267285,-0.6854041152,0,0,0.6140593696,0
26.9,324.1627717,0,-799.8919922,0,0.1178249519,0,11.90575486,0,1.529735394,0,-0.00147225134,0,0.09829713331,0,-0.01643552805,0,0.008124489373,0,0.1277869173,0,12.00362817,-0.6854041152,0,0,0.6140593696,0
26.91,324.2828068,0,-799.8907969,0,0.1178106354,0,11.90673648,0,1.529571135,0,-0.001391052968,0,0.09802469336,0,-0.01641596528,0,0.008115080357,0,0.1277629252,0,12.00458085,-0.6854041152,0,0,0.6140593696,0
26.92,324.4028514,0,-799.8896028,0,0.1177971305,0,11.90771533,0,1.529407079,0,-0.00130995182,0,0.09774517279,0,-0.01639513974,0,0.008105045011,0,0.1277389828,0,12.00553083,-0.6854041152,0,0,0.6140593696,0
26.93,324.5229056,0,-799.8884098,0,0.1177844361,0,11.90869136,0,1.529243237,0,-0.001228954147,0,0.09745861205,0,-0.01637305719,0,0.008094385992,0,0.127715092,0,12.00647803,-0.6854041152,0,0,0.6140593696,0
26.94,324.6429691,0,-799.8872182,0,0.1177725511,0,11.90966448,0,1.529079622,0,-0.00114806617,0,0.09716505202,0,-0.01634972347,0,0.008083106,0,0.1276912544,0,12.0074224,-0.6854041152,0,0,0.6140593696,0
26.95,324.7630422,0,-799.8860279,0,0.1177614743,0,11.91063464,0,1.528916246,0,-0.001067294087,0,0.09686453403,0,-0.01632514451,0,0.00807120778,0,0.1276674719,0,12.00836385,-0.6854041152,0,0,0.6140593696,0
26.96,324.8831246,0,-799.8848392,0,0.1177512048,0,11.91160175,0,1.528753123,0,-0.0009866440661,0,0.09655709985,0,-0.01629932631,0,0.008058694116,0,0.1276437462,0,12.00930233,-0.6854041152,0,0,0.6140593696,0
26.97,325.0032165,0,-799.883652,0,0.117741741,0,11.91256576,0,1.528590264,0,-0.000906122247,0,0.09624279168,0,-0.01627227497,0,0.008045567838,0,0.1276200789,0,12.01023776,-0.6854041152,0,0,0.6140593696,0
26.98,325.1233177,0,-799.8824664,0,0.1177330819,0,11.91352658,0,1.528427682,0,-0.0008257347418,0,0.09592165216,0,-0.01624399665,0,0.008031831813,0,0.1275964718,0,12.01117009,-0.6854041152,0,0,0.6140593696,0
26.99,325.2434282,0,-799.8812826,0,0.1177252259,0,11.91448417,0,1.528265388,0,-0.0007454876334,0,0.09559372434,0,-0.01621449759,0,0.008017488952,0,0.1275729267,0,12.01209924,-0.6854041152,0,0,0.6140593696,0
27,325.363548,0,-799.8801007,0,0.1177181716,0,11.91543844,0,1.528103396,0,-0.0006653869756,0,0.0952590517,0,-0.01618378412,0,0.008002542207,0,0.1275494451,0,12.01302514,-0.6854041152,0,0,0.6140593696,0
27.01,325.483677,0,-799.8789206,0,0.1177119176,0,11.91638932,0,1.527941717,0,-0.0005854387922,0,0.09491767814,0,-0.01615186264,0,0.007986994567,0,0.1275260287,0,12.01394775,-0.6854041152,0,0,0.6140593696,0
27.02,325.6038153,0,-799.8777426,0,0.1177064623,0,11.91733677,0,1.527780363,0,-0.000505649077,0,0.09456964797,0,-0.01611873962,0,0.007970849065,0,0.1275026793,0,12.01486698,-0.6854041152,0,0,0.6140593696,0
27.03,325.7239628,0,-799.8765667,0,0.1177018041,0,11.9182807,0,1.527619346,0,-0.0004260237934,0,0.09421500589,0,-0.01608442161,0,0.00795410877,0,0.1274793985,0,12.01578277,-0.6854041152,0,0,0.6140593696,0
27.04,325.8441195,0,-799.875393,0,0.1176979413,0,11.91922105,0,1.527458678,0,-0.0003465688738,0,0.09385379702,0,-0.01604891523,0,0.007936776792,0,0.1274561879,0,12.01669507,-0.6854041152,0,0,0.6140593696,0
27.05,325.9642853,0,-799.8742215,0,0.1176948721,0,11.92015775,0,1.527298371,0,-0.0002672902193,0,0.09348606688,0,-0.01601222717,0,0.007918856277,0,0.1274330491,0,12.0176038,-0.6854041152,0,0,0.6140593696,0
27.06,326.0844602,0,-799.8730524,0,0.1176925949,0,11.92109074,0,1.527138437,0,-0.0001881936993,0,0.09311186137,0,-0.0159743642,0,0.007900350411,0,0.1274099839,0,12.01850891,-0.6854041152,0,0,0.6140593696,0
27.07,326.2046441,0,-799.8718858,0,0.1176911076,0,11.92201997,0,1.526978888,0,-0.0001092851514,0,0.09273122678,0,-0.01593533315,0,0.007881262417,0,0.1273869937,0,12.01941033,-0.6854041152,0,0,0.6140593696,0
27.08,326.3248371,0,-799.8707217,0,0.1176904085,0,11.92294535,0,1.526819735,0,-3.057038047e-05,0,0.09234420979,0,-0.01589514094,0,0.007861595555,0,0.1273640803,0,12.02030799,-0.6854041152,0,0,0.6140593696,0
27.09,326.445039,0,-799.8695603,0,0.1176904956,0,11.92386683,0,1.526660989,0,4.794484122e-05,0,0.09195085744,0,-0.01585379452,0,0.007841353121,0,0.1273412451,0,12.02120185,-0.6854041152,0,0,0.6140593696,0
27.1,326.5652499,0,-799.8684015,0,0.1176913667,0,11.92478434,0,1.526502663,0,0.0001262547746,0,0.09155121716,0,-0.01581130095,0,0.007820538449,0,0.1273184898,0,12.02209183,-0.6854041152,0,0,0.6140593696,0
27.11,326.6854697,0,-799.8672456,0,0.11769302,0,11.92569783,0,1.526344767,0,0.0002043537141,0,0.09114533675,0,-0.01576766733,0,0.007799154907,0,0.1272958159,0,12.02297788,-0.6854041152,0,0,0.6140593696,0
27.12,326.8056984,0,-799.8660925,0,0.1176954531,0,11.92660723,0,1.526187313,0,0.0002822359879,0,0.09073326436,0,-0.01572290083,0,0.007777205898,0,0.127273225,0,12.02385994,-0.6854041152,0,0,0.6140593696,0
27.13,326.9259358,0,-799.8649424,0,0.1176986639,0,11.92751248,0,1.526030313,0,0.0003598959587,0,0.0903150485,0,-0.01567700868,0,0.007754694861,0,0.1272507186,0,12.02473794,-0.6854041152,0,0,0.6140593696,0
27.14,327.0461821,0,-799.8637953,0,0.1177026502,0,11.92841351,0,1.525873777,0,0.0004373280234,0,0.08989073805,0,-0.01562999819,0,0.00773162527,0,0.1272282982,0,12.02561182,-0.6854041152,0,0,0.6140593696,0
27.15,327.1664372,0,-799.8626514,0,0.1177074097,0,11.92931027,0,1.525717716,0,0.000514526614,0,0.08946038221,0,-0.01558187673,0,0.007708000631,0,0.1272059655,0,12.02648153,-0.6854041152,0,0,0.6140593696,0
27.16,327.2867009,0,-799.8615107,0,0.11771294,0,11.9302027,0,1.525562143,0,0.0005914861977,0,0.08902403056,0,-0.01553265171,0,0.007683824485,0,0.1271837218,0,12.02734702,-0.6854041152,0,0,0.6140593696,0
27.17,327.4069733,0,-799.8603733,0,0.1177192386,0,11.93109073,0,1.525407067,0,0.0006682012773,0,0.08858173299,0,-0.01548233061,0,0.007659100404,0,0.1271615686,0,12.02820821,-0.6854041152,0,0,0.6140593696,0
27.18,327.5272543,0,-799.8592393,0,0.1177263032,0,11.93197431,0,1.5252525,0,0.0007446663915,0,0.08813353972,0,-0.01543092099,0,0.007633831995,0,0.1271395075,0,12.02906506,-0.6854041152,0,0,0.6140593696,0
27.19,327.6475439,0,-799.8581087,0,0.1177341311,0,11.93285338,0,1.525098452,0,0.000820876115,0,0.08767950133,0,-0.01537843045,0,0.007608022897,0,0.12711754,0,12.0299175,-0.6854041152,0,0,0.6140593696,0
27.2,327.7678421,0,-799.8569817,0,0.1177427198,0,11.93372788,0,1.524944935,0,0.0008968250594,0,0.08721966869,0,-0.01532486664,0,0.007581676778,0,0.1270956674,0,12.03076549,-0.6854041152,0,0,0.6140593696,0
27.21,327.8881487,0,-799.8558583,0,0.1177520667,0,11.93459776,0,1.524791958,0,0.0009725078729,0,0.08675409301,0,-0.01527023728,0,0.007554797339,0,0.1270738912,0,12.03160896,-0.6854041152,0,0,0.6140593696,0
27.22,328.0084638,0,-799.8547386,0,0.1177621691,0,11.93546295,0,1.524639533,0,0.001047919241,0,0.08628282581,0,-0.01521455014,0,0.007527388313,0,0.1270522129,0,12.03244786,-0.6854041152,0,0,0.6140593696,0
27.23,328.1287873,0,-799.8536227,0,0.1177730242,0,11.9363234,0,1.524487671,0,0.001123053887,0,0.08580591892,0,-0.01515781306,0,0.007499453462,0,0.1270306339,0,12.03328213,-0.6854041152,0,0,0.6140593696,0
27.24,328.2491191,0,-799.8525107,0,0.1177846292,0,11.93717905,0,1.524336381,0,0.00119790657,0,0.08532342446,0,-0.0151000339,0,0.007470996576,0,0.1270091555,0,12.03411172,-0.6854041152,0,0,0.6140593696,0
27.25,328.3694592,0,-799.8514026,0,0.1177969814,0,11.93802985,0,1.524185674,0,0.001272472091,0,0.08483539486,0,-0.01504122061,0,0.007442021478,0,0.1269877793,0,12.03493658,-0.6854041152,0,0,0.6140593696,0
27.26,328.4898076,0,-799.8502986,0,0.1178100777,0,11.93887574,0,1.52403556,0,0.001346745285,0,0.08434188286,0,-0.01498138117,0,0.007412532017,0,0.1269665064,0,12.03575665,-0.6854041152,0,0,0.6140593696,0
27.27,328.6101643,0,-799.8491986,0,0.1178239153,0,11.93971667,0,1.523886049,0,0.00142072103,0,0.08384294145,0,-0.01492052362,0,0.007382532073,0,0.1269453384,0,12.03657188,-0.6854041152,0,0,0.6140593696,0
27.28,328.730529,0,-799.8481028,0,0.1178384911,0,11.94055258,0,1.523737153,0,0.001494394238,0,0.08333862395,0,-0.01485865604,0,0.007352025551,0,0.1269242766,0,12.03738222,-0.6854041152,0,0,0.6140593696,0
27.29,328.8509019,0,-799.8470113,0,0.1178538021,0,11.94138342,0,1.52358888,0,0.001567759865,0,0.08282898391,0,-0.01479578656,0,0.007321016387,0,0.1269033224,0,12.03818762,-0.6854041152,0,0,0.6140593696,0
27.3,328.9712829,0,-799.8459241,0,0.1178698453,0,11.94220914,0,1.52344124,0,0.001640812904,0,0.0823140752,0,-0.01473192337,0,0.00728950854,0,0.126882477,0,12.03898801,-0.6854041152,0,0,0.6140593696,0
27.31,329.0916719,0,-799.8448413,0,0.1178866173,0,11.94302968,0,1.523294244,0,0.001713548387,0,0.08179395194,0,-0.0146670747,0,0.007257506001,0,0.1268617417,0,12.03978336,-0.6854041152,0,0,0.6140593696,0
27.32,329.2120689,0,-799.8437629,0,0.1179041151,0,11.943845,0,1.523147902,0,0.001785961388,0,0.08126866849,0,-0.01460124882,0,0.007225012781,0,0.126841118,0,12.04057361,-0.6854041152,0,0,0.6140593696,0
27.33,329.3324738,0,-799.8426892,0,0.1179223355,0,11.94465504,0,1.523002223,0,0.001858047021,0,0.08073827952,0,-0.01453445406,0,0.007192032923,0,0.126820607,0,12.04135872,-0.6854041152,0,0,0.6140593696,0
27.34,329.4528865,0,-799.84162,0,0.117941275,0,11.94545975,0,1.522857216,0,0.001929800438,0,0.0802028399,0,-0.01446669878,0,0.00715857049,0,0.1268002101,0,12.04213863,-0.6854041152,0,0,0.6140593696,0
27.35,329.5733071,0,-799.8405556,0,0.1179609303,0,11.94625908,0,1.522712892,0,0.002001216836,0,0.07966240479,0,-0.01439799139,0,0.007124629574,0,0.1267799285,0,12.04291329,-0.6854041152,0,0,0.6140593696,0
27.36,329.6937354,0,-799.839496,0,0.1179812982,0,11.94705298,0,1.522569259,0,0.002072291449,0,0.07911702958,0,-0.01432834034,0,0.007090214289,0,0.1267597635,0,12.04368266,-0.6854041152,0,0,0.6140593696,0
27.37,329.8141714,0,-799.8384412,0,0.118002375,0,11.94784141,0,1.522426328,0,0.002143019554,0,0.07856676988,0,-0.01425775412,0,0.007055328772,0,0.1267397163,0,12.04444669,-0.6854041152,0,0,0.6140593696,0
27.38,329.9346151,0,-799.8373913,0,0.1180241574,0,11.9486243,0,1.522284107,0,0.002213396471,0,0.07801168157,0,-0.01418624126,0,0.007019977188,0,0.1267197881,0,12.04520534,-0.6854041152,0,0,0.6140593696,0
27.39,330.0550664,0,-799.8363464,0,0.1180466418,0,11.94940162,0,1.522142606,0,0.002283417558,0,0.07745182072,0,-0.01411381034,0,0.00698416372,0,0.1266999803,0,12.04595854,-0.6854041152,0,0,0.6140593696,0
27.4,330.1755252,0,-799.8353066,0,0.1180698245,0,11.95017332,0,1.522001834,0,0.002353078219,0,0.07688724367,0,-0.01404046998,0,0.006947892577,0,0.1266802938,0,12.04670627,-0.6854041152,0,0,0.6140593696,0
27.41,330.2959916,0,-799.8342719,0,0.1180937021,0,11.95093935,0,1.5218618,0,0.002422373898,0,0.07631800693,0,-0.01396622881,0,0.006911167988,0,0.12666073,0,12.04744847,-0.6854041152,0,0,0.6140593696,0
27.42,330.4164653,0,-799.8332424,0,0.1181182708,0,11.95169967,0,1.521722513,0,0.002491300082,0,0.07574416725,0,-0.01389109552,0,0.006873994205,0,0.1266412901,0,12.04818511,-0.6854041152,0,0,0.6140593696,0
27.43,330.5369465,0,-799.8322182,0,0.1181435269,0,11.95245422,0,1.521583981,0,0.002559852299,0,0.07516578159,0,-0.01381507884,0,0.006836375502,0,0.1266219751,0,12.04891612,-0.6854041152,0,0,0.6140593696,0
27.44,330.657435,0,-799.8311993,0,0.1181694666,0,11.95320297,0,1.521446214,0,0.002628026123,0,0.0745829071,0,-0.01373818752,0,0.006798316171,0,0.1266027862,0,12.04964148,-0.6854041152,0,0,0.6140593696,0
27.45,330.7779307,0,-799.8301859,0,0.1181960861,0,11.95394586,0,1.52130922,0,0.002695817169,0,0.07399560114,0,-0.01366043036,0,0.006759820528,0,0.1265837246,0,12.05036113,-0.6854041152,0,0,0.6140593696,0
27.46,330.8984337,0,-799.8291779,0,0.1182233816,0,11.95468286,0,1.521173008,0,0.002763221094,0,0.07340392127,0,-0.01358181618,0,0.006720892907,0,0.1265647914,0,12.05107504,-0.6854041152,0,0,0.6140593696,0
27.47,331.0189438,0,-799.8281755,0,0.1182513492,0,11.95541393,0,1.521037587,0,0.002830233601,0,0.07280792521,0,-0.01350235384,0,0.006681537661,0,0.1265459877,0,12.05178317,-0.6854041152,0,0,0.6140593696,0
27.48,331.1394611,0,-799.8271786,0,0.118279985,0,11.95613901,0,1.520902964,0,0.002896850436,0,0.0722076709,0,-0.01342205222,0,0.006641759163,0,0.1265273146,0,12.05248546,-0.6854041152,0,0,0.6140593696,0
27.49,331.2599853,0,-799.8261875,0,0.1183092849,0,11.95685807,0,1.520769148,0,0.002963067389,0,0.07160321643,0,-0.01334092025,0,0.006601561805,0,0.1265087731,0,12.05318189,-0.6854041152,0,0,0.6140593696,0
27.5,331.3805166,0,-799.8252021,0,0.118339245,0,11.95757106,0,1.520636148,0,0.003028880291,0,0.07099462008,0,-0.01325896687,0,0.006560949997,0,0.1264903644,0,12.0538724,-0.6854041152,0,0,0.6140593696,0
27.51,331.5010547,0,-799.8242225,0,0.1183698612,0,11.95827795,0,1.520503972,0,0.003094285022,0,0.07038194029,0,-0.01317620107,0,0.006519928165,0,0.1264720894,0,12.05455697,-0.6854041152,0,0,0.6140593696,0
27.52,331.6215998,0,-799.8232488,0,0.1184011293,0,11.95897869,0,1.520372627,0,0.003159277503,0,0.06976523567,0,-0.01309263184,0,0.006478500756,0,0.1264539493,0,12.05523555,-0.6854041152,0,0,0.6140593696,0
27.53,331.7421516,0,-799.822281,0,0.1184330453,0,11.95967324,0,1.520242122,0,0.0032238537,0,0.06914456498,0,-0.01300826824,0,0.00643667223,0,0.126435945,0,12.0559081,-0.6854041152,0,0,0.6140593696,0
27.54,331.8627102,0,-799.8213192,0,0.118465605,0,11.96036156,0,1.520112464,0,0.003288009625,0,0.06851998714,0,-0.0129231193,0,0.006394447066,0,0.1264180775,0,12.05657458,-0.6854041152,0,0,0.6140593696,0
27.55,331.9832755,0,-799.8203634,0,0.1184988041,0,11.96104362,0,1.519983662,0,0.003351741334,0,0.06789156121,0,-0.01283719413,0,0.006351829758,0,0.1264003479,0,12.05723496,-0.6854041152,0,0,0.6140593696,0
27.56,332.1038474,0,-799.8194138,0,0.1185326384,0,11.96171938,0,1.519855723,0,0.003415044928,0,0.06725934641,0,-0.01275050183,0,0.006308824816,0,0.1263827572,0,12.0578892,-0.6854041152,0,0,0.6140593696,0
27.57,332.2244258,0,-799.8184703,0,0.1185671036,0,11.9623888,0,1.519728654,0,0.003477916553,0,0.06662340209,0,-0.01266305154,0,0.006265436765,0,0.1263653063,0,12.05853726,-0.6854041152,0,0,0.6140593696,0
27.58,332.3450107,0,-799.8175331,0,0.1186021953,0,11.96305184,0,1.519602464,0,0.003540352402,0,0.06598378773,0,-0.01257485242,0,0.006221670146,0,0.1263479961,0,12.05917911,-0.6854041152,0,0,0.6140593696,0
27.59,332.4656021,0,-799.8166022,0,0.1186379091,0,11.96370846,0,1.51947716,0,0.00360234871,0,0.06534056293,0,-0.01248591364,0,0.006177529512,0,0.1263308277,0,12.05981472,-0.6854041152,0,0,0.6140593696,0
27.6,332.5861999,0,-799.8156777,0,0.1186742408,0,11.96435864,0,1.519352748,0,0.00366390176,0,0.06469378744,0,-0.0123962444,0,0.006133019431,0,0.1263138019,0,12.06044404,-0.6854041152,0,0,0.6140593696,0
27.61,332.7068039,0,-799.8147595,0,0.1187111857,0,11.96500233,0,1.519229237,0,0.003725007882,0,0.06404352111,0,-0.01230585394,0,0.006088144486,0,0.1262969196,0,12.06106704,-0.6854041152,0,0,0.6140593696,0
27.62,332.8274143,0,-799.8138479,0,0.1187487394,0,11.9656395,0,1.519106634,0,0.003785663449,0,0.0633898239,0,-0.01221475149,0,0.006042909271,0,0.1262801818,0,12.06168369,-0.6854041152,0,0,0.6140593696,0
27.63,332.9480308,0,-799.8129427,0,0.1187868974,0,11.96627011,0,1.518984945,0,0.003845864882,0,0.06273275589,0,-0.01212294631,0,0.005997318393,0,0.1262635894,0,12.06229396,-0.6854041152,0,0,0.6140593696,0
27.64,333.0686534,0,-799.8120442,0,0.1188256552,0,11.96689414,0,1.518864177,0,0.003905608647,0,0.06207237726,0,-0.01203044769,0,0.005951376472,0,0.1262471432,0,12.06289782,-0.6854041152,0,0,0.6140593696,0
27.65,333.1892821,0,-799.8111523,0,0.1188650081,0,11.96751155,0,1.518744338,0,0.003964891257,0,0.06140874829,0,-0.01193726492,0,0.00590508814,0,0.1262308441,0,12.06349522,-0.6854041152,0,0,0.6140593696,0
27.66,333.3099167,0,-799.810267,0,0.1189049515,0,11.9681223,0,1.518625434,0,0.004023709271,0,0.06074192935,0,-0.01184340731,0,0.005858458039,0,0.1262146929,0,12.06408615,-0.6854041152,0,0,0.6140593696,0
27.67,333.4305573,0,-799.8093886,0,0.1189454807,0,11.96872638,0,1.518507472,0,0.004082059294,0,0.06007198091,0,-0.0117488842,0,0.005811490824,0,0.1261986904,0,12.06467057,-0.6854041152,0,0,0.6140593696,0
27.68,333.5512038,0,-799.8085169,0,0.1189865911,0,11.96932373,0,1.518390459,0,0.004139937979,0,0.0593989635,0,-0.01165370493,0,0.005764191159,0,0.1261828376,0,12.06524845,-0.6854041152,0,0,0.6140593696,0
27.69,333.671856,0,-799.8076521,0,0.1190282779,0,11.96991435,0,1.5182744,0,0.004197342025,0,0.05872293776,0,-0.01155787886,0,0.005716563718,0,0.1261671351,0,12.06581977,-0.6854041152,0,0,0.6140593696,0
27.7,333.792514,0,-799.8067942,0,0.1190705363,0,11.97049818,0,1.518159303,0,0.004254268176,0,0.05804396438,0,-0.01146141536,0,0.005668613187,0,0.1261515838,0,12.06638448,-0.6854041152,0,0,0.6140593696,0
27.71,333.9131776,0,-799.8059433,0,0.1191133616,0,11.97107522,0,1.518045174,0,0.004310713227,0,0.05736210414,0,-0.01136432382,0,0.005620344259,0,0.1261361844,0,12.06694257,-0.6854041152,0,0,0.6140593696,0
27.72,334.0338469,0,-799.8050994,0,0.119156749,0,11.97164542,0,1.517932019,0,0.004366674016,0,0.05667741787,0,-0.01126661363,0,0.005571761637,0,0.1261209378,0,12.06749401,-0.6854041152,0,0,0.6140593696,0
27.73,334.1545216,0,-799.8042625,0,0.1192006935,0,11.97220875,0,1.517819844,0,0.00442214743,0,0.05598996646,0,-0.01116829422,0,0.005522870033,0,0.1261058447,0,12.06803876,-0.6854041152,0,0,0.6140593696,0
27.74,334.2752019,0,-799.8034328,0,0.1192451903,0,11.97276521,0,1.517708655,0,0.004477130402,0,0.05529981086,0,-0.01106937498,0,0.005473674166,0,0.1260909057,0,12.06857681,-0.6854041152,0,0,0.6140593696,0
27.75,334.3958875,0,-799.8026102,0,0.1192902345,0,11.97331474,0,1.517598458,0,0.004531619915,0,0.05460701207,0,-0.01096986537,0,0.005424178764,0,0.1260761217,0,12.06910813,-0.6854041152,0,0,0.6140593696,0
27.76,334.5165784,0,-799.8017948,0,0.119335821,0,11.97385734,0,1.517489259,0,0.004585612995,0,0.05391163114,0,-0.01086977481,0,0.005374388561,0,0.1260614933,0,12.06963269,-0.6854041152,0,0,0.6140593696,0
27.77,334.6372747,0,-799.8009867,0,0.119381945,0,11.97439297,0,1.517381065,0,0.004639106719,0,0.05321372915,0,-0.01076911275,0,0.0053243083,0,0.1260470213,0,12.07015046,-0.6854041152,0,0,0.6140593696,0
27.78,334.7579761,0,-799.8001859,0,0.1194286015,0,11.9749216,0,1.517273879,0,0.00469209821,0,0.05251336722,0,-0.01066788865,0,0.005273942728,0,0.1260327062,0,12.07066143,-0.6854041152,0,0,0.6140593696,0
27.79,334.8786826,0,-799.7993924,0,0.1194757853,0,11.97544323,0,1.517167709,0,0.004744584639,0,0.05181060651,0,-0.01056611197,0,0.005223296601,0,0.1260185489,0,12.07116557,-0.6854041152,0,0,0.6140593696,0
27.8,334.9993942,0,-799.7986063,0,0.1195234915,0,11.97595781,0,1.517062559,0,0.004796563223,0,0.05110550819,0,-0.01046379217,0,0.005172374678,0,0.1260045498,0,12.07166286,-0.6854041152,0,0,0.6140593696,0
27.81,335.1201108,0,-799.7978277,0,0.1195717149,0,11.97646533,0,1.516958435,0,0.004848031229,0,0.05039813347,0,-0.01036093874,0,0.005121181727,0,0.1259907098,0,12.07215327,-0.6854041152,0,0,0.6140593696,0
27.82,335.2408323,0,-799.7970565,0,0.1196204504,0,11.97696576,0,1.516855342,0,0.00489898597,0,0.04968854356,0,-0.01025756115,0,0.005069722517,0,0.1259770293,0,12.07263679,-0.6854041152,0,0,0.6140593696,0
27.83,335.3615586,0,-799.7962929,0,0.1196696929,0,11.97745909,0,1.516753285,0,0.004949424807,0,0.0489767997,0,-0.01015366889,0,0.005018001824,0,0.1259635091,0,12.07311339,-0.6854041152,0,0,0.6140593696,0
27.84,335.4822897,0,-799.7955368,0,0.1197194372,0,11.97794529,0,1.51665227,0,0.004999345151,0,0.04826296311,0,-0.01004927143,0,0.004966024429,0,0.1259501496,0,12.07358304,-0.6854041152,0,0,0.6140593696,0
27.85,335.6030255,0,-799.7947884,0,0.1197696781,0,11.97842434,0,1.516552301,0,0.005048744456,0,0.04754709503,0,-0.009944378278,0,0.004913795115,0,0.1259369515,0,12.07404575,-0.6854041152,0,0,0.6140593696,0
27.86,335.723766,0,-799.7940476,0,0.1198204103,0,11.97889623,0,1.516453384,0,0.005097620229,0,0.04682925672,0,-0.009838998914,0,0.004861318669,0,0.1259239154,0,12.07450147,-0.6854041152,0,0,0.6140593696,0
27.87,335.8445111,0,-799.7933145,0,0.1198716287,0,11.97936092,0,1.516355523,0,0.005145970022,0,0.04610950938,0,-0.009733142833,0,0.004808599882,0,0.1259110418,0,12.07495019,-0.6854041152,0,0,0.6140593696,0
27.88,335.9652606,0,-799.7925891,0,0.119923328,0,11.97981841,0,1.516258723,0,0.005193791435,0,0.04538791426,0,-0.00962681953,0,0.004755643548,0,0.1258983313,0,12.07539191,-0.6854041152,0,0,0.6140593696,0
27.89,336.0860146,0,-799.7918715,0,0.1199755028,0,11.98026868,0,1.516162988,0,0.005241082117,0,0.04466453254,0,-0.009520038498,0,0.004702454462,0,0.1258857844,0,12.07582659,-0.6854041152,0,0,0.6140593696,0
27.9,336.2067729,0,-799.7911617,0,0.1200281478,0,11.9807117,0,1.516068323,0,0.005287839764,0,0.04393942542,0,-0.009412809231,0,0.004649037422,0,0.1258734015,0,12.07625422,-0.6854041152,0,0,0.6140593696,0
27.91,336.3275355,0,-799.7904597,0,0.1200812578,0,11.98114746,0,1.515974733,0,0.005334062122,0,0.04321265405,0,-0.00930514122,0,0.004595397228,0,0.1258611833,0,12.07667478,-0.6854041152,0,0,0.6140593696,0
27.92,336.4483023,0,-799.7897657,0,0.1201348273,0,11.98157594,0,1.515882222,0,0.005379746981,0,0.04248427955,0,-0.009197043955,0,0.00454153868,0,0.1258491301,0,12.07708827,-0.6854041152,0,0,0.6140593696,0
27.93,336.5690733,0,-799.7890795,0,0.1201888509,0,11.98199714,0,1.515790794,0,0.005424892183,0,0.04175436303,0,-0.009088526924,0,0.004487466581,0,0.1258372425,0,12.07749466,-0.6854041152,0,0,0.6140593696,0
27.94,336.6898483,0,-799.7884013,0,0.1202433233,0,11.98241103,0,1.515700453,0,0.005469495617,0,0.04102296554,0,-0.008979599611,0,0.004433185732,0,0.125825521,0,12.07789393,-0.6854041152,0,0,0.6140593696,0
27.95,336.8106274,0,-799.7877311,0,0.120298239,0,11.98281759,0,1.515611203,0,0.005513555218,0,0.04029014808,0,-0.008870271498,0,0.004378700937,0,0.1258139659,0,12.07828609,-0.6854041152,0,0,0.6140593696,0
27.96,336.9314104,0,-799.7870689,0,0.1203535926,0,11.98321683,0,1.515523049,0,0.005557068972,0,0.03955597163,0,-0.00876055206,0,0.004324016997,0,0.1258025777,0,12.0786711,-0.6854041152,0,0,0.6140593696,0
27.97,337.0521972,0,-799.7864148,0,0.1204093786,0,11.98360871,0,1.515435993,0,0.00560003491,0,0.0388204971,0,-0.008650450769,0,0.004269138716,0,0.1257913568,0,12.07904897,-0.6854041152,0,0,0.6140593696,0
27.98,337.1729878,0,-799.7857687,0,0.1204655915,0,11.98399323,0,1.515350041,0,0.005642451114,0,0.03808378534,0,-0.008539977091,0,0.004214070894,0,0.1257803037,0,12.07941967,-0.6854041152,0,0,0.6140593696,0
27.99,337.2937822,0,-799.7851308,0,0.1205222258,0,11.98437038,0,1.515265195,0,0.005684315712,0,0.03734589714,0,-0.008429140484,0,0.004158818332,0,0.1257694187,0,12.07978319,-0.6854041152,0,0,0.6140593696,0
28,337.4145801,0,-799.7845011,0,0.1205792759,0,11.98474015,0,1.515181459,0,0.005725626881,0,0.03660689323,0,-0.008317950402,0,0.004103385828,0,0.1257587022,0,12.08013954,-0.6854041152,0,0,0.6140593696,0
28.01,337.5353817,0,-799.7838795,0,0.1206367364,0,11.98510251,0,1.515098837,0,0.005766382845,0,0.03586683427,0,-0.00820641629,0,0.004047778179,0,0.1257481545,0,12.08048868,-0.6854041152,0,0,0.6140593696,0
28.02,337.6561867,0,-799.7832661,0,0.1206946017,0,11.98545748,0,1.515017332,0,0.005806581877,0,0.03512578084,0,-0.008094547584,0,0.00399200018,0,0.1257377761,0,12.08083062,-0.6854041152,0,0,0.6140593696,0
28.03,337.7769952,0,-799.782661,0,0.1207528662,0,11.98580503,0,1.514936947,0,0.005846222297,0,0.03438379344,0,-0.007982353713,0,0.003936056623,0,0.1257275672,0,12.08116535,-0.6854041152,0,0,0.6140593696,0
28.04,337.897807,0,-799.7820641,0,0.1208115243,0,11.98614515,0,1.514857686,0,0.005885302474,0,0.0336409325,0,-0.007869844097,0,0.003879952297,0,0.1257175282,0,12.08149285,-0.6854041152,0,0,0.6140593696,0
28.05,338.0186221,0,-799.7814756,0,0.1208705704,0,11.98647784,0,1.514779551,0,0.005923820823,0,0.03289725835,0,-0.007757028145,0,0.003823691988,0,0.1257076594,0,12.08181312,-0.6854041152,0,0,0.6140593696,0
28.06,338.1394404,0,-799.7808953,0,0.1209299988,0,11.98680309,0,1.514702546,0,0.005961775809,0,0.03215283123,0,-0.007643915256,0,0.003767280479,0,0.1256979611,0,12.08212615,-0.6854041152,0,0,0.6140593696,0
28.07,338.2602619,0,-799.7803234,0,0.120989804,0,11.9871209,0,1.514626674,0,0.005999165944,0,0.03140771127,0,-0.007530514818,0,0.003710722548,0,0.1256884335,0,12.08243193,-0.6854041152,0,0,0.6140593696,0
28.08,338.3810864,0,-799.7797599,0,0.1210499803,0,11.98743125,0,1.514551937,0,0.006035989788,0,0.03066195854,0,-0.007416836208,0,0.003654022969,0,0.125679077,0,12.08273046,-0.6854041152,0,0,0.6140593696,0
28.09,338.5019139,0,-799.7792048,0,0.1211105219,0,11.98773413,0,1.514478338,0,0.006072245948,0,0.02991563295,0,-0.00730288879,0,0.003597186513,0,0.1256698918,0,12.08302174,-0.6854041152,0,0,0.6140593696,0
28.1,338.6227443,0,-799.7786581,0,0.1211714233,0,11.98802956,0,1.51440588,0,0.006107933078,0,0.02916879435,0,-0.007188681917,0,0.003540217945,0,0.1256608782,0,12.08330575,-0.6854041152,0,0,0.6140593696,0
28.11,338.7435775,0,-799.7781199,0,0.1212326787,0,11.98831751,0,1.514334565,0,0.006143049882,0,0.02842150245,0,-0.007074224927,0,0.003483122024,0,0.1256520363,0,12.08358249,-0.6854041152,0,0,0.6140593696,0
28.12,338.8644135,0,-799.7775901,0,0.1212942824,0,11.98859799,0,1.514264397,0,0.00617759511,0,0.02767381684,0,-0.006959527144,0,0.003425903505,0,0.1256433664,0,12.08385197,-0.6854041152,0,0,0.6140593696,0
28.13,338.9852523,0,-799.7770688,0,0.1213562287,0,11.98887098,0,1.514195376,0,0.006211567559,0,0.02692579701,0,-0.006844597881,0,0.003368567136,0,0.1256348687,0,12.08411416,-0.6854041152,0,0,0.6140593696,0
28.14,339.1060936,0,-799.776556,0,0.1214185118,0,11.9891365,0,1.514127505,0,0.006244966075,0,0.02617750229,0,-0.006729446432,0,0.00331111766,0,0.1256265435,0,12.08436908,-0.6854041152,0,0,0.6140593696,0
28.15,339.2269375,0,-799.7760518,0,0.1214811261,0,11.98939453,0,1.514060787,0,0.006277789551,0,0.02542899192,0,-0.006614082078,0,0.003253559814,0,0.1256183907,0,12.08461672,-0.6854041152,0,0,0.6140593696,0
28.16,339.3477838,0,-799.7755561,0,0.1215440657,0,11.98964508,0,1.513995224,0,0.006310036926,0,0.02468032498,0,-0.006498514085,0,0.003195898325,0,0.1256104107,0,12.08485708,-0.6854041152,0,0,0.6140593696,0
28.17,339.4686326,0,-799.775069,0,0.1216073249,0,11.98988814,0,1.513930818,0,0.006341707188,0,0.0239315604,0,-0.0063827517,0,0.003138137916,0,0.1256026036,0,12.08509016,-0.6854041152,0,0,0.6140593696,0
28.18,339.5894837,0,-799.7745904,0,0.1216708979,0,11.99012371,0,1.51386757,0,0.006372799371,0,0.02318275701,0,-0.006266804154,0,0.003080283303,0,0.1255949695,0,12.08531595,-0.6854041152,0,0,0.6140593696,0
28.19,339.710337,0,-799.7741205,0,0.121734779,0,11.9903518,0,1.513805482,0,0.006403312556,0,0.02243397345,0,-0.006150680663,0,0.003022339192,0,0.1255875086,0,12.08553446,-0.6854041152,0,0,0.6140593696,0
28.2,339.8311925,0,-799.7736592,0,0.1217989622,0,11.99057239,0,1.513744557,0,0.006433245872,0,0.02168526824,0,-0.006034390421,0,0.002964310282,0,0.1255802209,0,12.08574569,-0.6854041152,0,0,0.6140593696,0
28.21,339.9520502,0,-799.7732065,0,0.1218634419,0,11.9907855,0,1.513684795,0,0.006462598494,0,0.02093669972,0,-0.005917942607,0,0.002906201264,0,0.1255731066,0,12.08594964,-0.6854041152,0,0,0.6140593696,0
28.22,340.0729099,0,-799.7727625,0,0.1219282123,0,11.99099113,0,1.513626199,0,0.006491369646,0,0.02018832609,0,-0.005801346379,0,0.002848016821,0,0.1255661657,0,12.0861463,-0.6854041152,0,0,0.6140593696,0
28.23,340.1937715,0,-799.7723271,0,0.1219932674,0,11.99118927,0,1.513568769,0,0.006519558595,0,0.01944020537,0,-0.005684610876,0,0.002789761626,0,0.1255593984,0,12.08633569,-0.6854041152,0,0,0.6140593696,0
28.24,340.314635,0,-799.7719005,0,0.1220586015,0,11.99137993,0,1.513512507,0,0.006547164658,0,0.01869239545,0,-0.005567745218,0,0.002731440343,0,0.1255528046,0,12.08651781,-0.6854041152,0,0,0.6140593696,0
28.25,340.4355003,0,-799.7714825,0,0.1221242087,0,11.99156312,0,1.513457414,0,0.006574187197,0,0.017944954,0,-0.005450758504,0,0.002673057627,0,0.1255463845,0,12.08669266,-0.6854041152,0,0,0.6140593696,0
28.26,340.5563674,0,-799.7710732,0,0.1221900833,0,11.99173883,0,1.513403492,0,0.006600625621,0,0.01719793855,0,-0.005333659811,0,0.002614618123,0,0.125540138,0,12.08686023,-0.6854041152,0,0,0.6140593696,0
28.27,340.6772362,0,-799.7706727,0,0.1222562193,0,11.99190708,0,1.513350741,0,0.006626479385,0,0.01645140643,0,-0.005216458197,0,0.002556126466,0,0.1255340653,0,12.08702055,-0.6854041152,0,0,0.6140593696,0
28.28,340.7981065,0,-799.7702808,0,0.1223226109,0,11.99206786,0,1.513299163,0,0.006651747992,0,0.01570541482,0,-0.005099162695,0,0.00249758728,0,0.1255281662,0,12.08717361,-0.6854041152,0,0,0.6140593696,0
28.29,340.9189784,0,-799.7698978,0,0.1223892523,0,11.99222119,0,1.513248758,0,0.006676430988,0,0.01496002068,0,-0.00498178232,0,0.00243900518,0,0.1255224408,0,12.08731942,-0.6854041152,0,0,0.6140593696,0
28.3,341.0398517,0,-799.7695234,0,0.1224561376,0,11.99236706,0,1.513199528,0,0.006700527968,0,0.01421528079,0,-0.004864326059,0,0.002380384769,0,0.1255168891,0,12.08745799,-0.6854041152,0,0,0.6140593696,0
28.31,341.1607264,0,-799.7691578,0,0.1225232609,0,11.9925055,0,1.513151472,0,0.006724038571,0,0.01347125174,0,-0.00474680288,0,0.002321730638,0,0.1255115111,0,12.08758932,-0.6854041152,0,0,0.6140593696,0
28.32,341.2816024,0,-799.768801,0,0.1225906164,0,11.99263649,0,1.513104592,0,0.006746962483,0,0.01272798993,0,-0.004629221725,0,0.002263047368,0,0.1255063066,0,12.08771341,-0.6854041152,0,0,0.6140593696,0
28.33,341.4024796,0,-799.7684529,0,0.1226581982,0,11.99276006,0,1.513058888,0,0.006769299436,0,0.01198555154,0,-0.004511591513,0,0.002204339529,0,0.1255012757,0,12.08783029,-0.6854041152,0,0,0.6140593696,0
28.34,341.523358,0,-799.7681137,0,0.1227260004,0,11.99287621,0,1.51301436,0,0.006791049207,0,0.01124399257,0,-0.004393921138,0,0.002145611676,0,0.1254964184,0,12.08793995,-0.6854041152,0,0,0.6140593696,0
28.35,341.6442374,0,-799.7677832,0,0.1227940172,0,11.99298494,0,1.512971009,0,0.006812211618,0,0.01050336879,0,-0.004276219468,0,0.002086868354,0,0.1254917344,0,12.0880424,-0.6854041152,0,0,0.6140593696,0
28.36,341.7651179,0,-799.7674615,0,0.1228622427,0,11.99308628,0,1.512928836,0,0.006832786538,0,0.009763735759,0,-0.004158495347,0,0.002028114095,0,0.1254872238,0,12.08813766,-0.6854041152,0,0,0.6140593696,0
28.37,341.8859993,0,-799.7671486,0,0.122930671,0,11.99318022,0,1.51288784,0,0.006852773879,0,0.009025148837,0,-0.004040757593,0,0.001969353419,0,0.1254828863,0,12.08822573,-0.6854041152,0,0,0.6140593696,0
28.38,342.0068816,0,-799.7668444,0,0.1229992962,0,11.99326678,0,1.512848021,0,0.0068721736,0,0.008287663151,0,-0.003923014996,0,0.001910590831,0,0.125478722,0,12.08830663,-0.6854041152,0,0,0.6140593696,0
28.39,342.1277647,0,-799.7665491,0,0.1230681125,0,11.99334598,0,1.512809379,0,0.006890985704,0,0.007551333608,0,-0.003805276321,0,0.001851830825,0,0.1254747307,0,12.08838037,-0.6854041152,0,0,0.6140593696,0
28.4,342.2486485,0,-799.7662626,0,0.123137114,0,11.99341781,0,1.512771915,0,0.00690921024,0,0.006816214888,0,-0.003687550304,0,0.001793077878,0,0.1254709122,0,12.08844695,-0.6854041152,0,0,0.6140593696,0
28.41,342.369533,0,-799.7659849,0,0.1232062948,0,11.99348231,0,1.512735628,0,0.0069268473,0,0.006082361442,0,-0.003569845656,0,0.001734336457,0,0.1254672664,0,12.0885064,-0.6854041152,0,0,0.6140593696,0
28.42,342.490418,0,-799.765716,0,0.123275649,0,11.99353947,0,1.512700518,0,0.006943897022,0,0.005349827486,0,-0.003452171057,0,0.001675611014,0,0.1254637931,0,12.08855871,-0.6854041152,0,0,0.6140593696,0
28.43,342.6113035,0,-799.7654558,0,0.1233451708,0,11.99358931,0,1.512666585,0,0.006960359588,0,0.004618667002,0,-0.00333453516,0,0.001616905983,0,0.1254604922,0,12.08860392,-0.6854041152,0,0,0.6140593696,0
28.44,342.7321895,0,-799.7652045,0,0.1234148542,0,11.99363184,0,1.512633827,0,0.006976235224,0,0.003888933727,0,-0.00321694659,0,0.001558225789,0,0.1254573634,0,12.08864202,-0.6854041152,0,0,0.6140593696,0
28.45,342.8530758,0,-799.764962,0,0.1234846935,0,11.99366709,0,1.512602245,0,0.006991524201,0,0.003160681157,0,-0.00309941394,0,0.001499574837,0,0.1254544066,0,12.08867304,-0.6854041152,0,0,0.6140593696,0
28.46,342.9739625,0,-799.7647283,0,0.1235546827,0,11.99369506,0,1.512571839,0,0.007006226833,0,0.00243396254,0,-0.002981945775,0,0.001440957521,0,0.1254516215,0,12.08869699,-0.6854041152,0,0,0.6140593696,0
28.47,343.0948493,0,-799.7645034,0,0.1236248161,0,11.99371577,0,1.512542606,0,0.007020343478,0,0.001708830873,0,-0.002864550632,0,0.001382378218,0,0.125449008,0,12.08871388,-0.6854041152,0,0,0.6140593696,0
28.48,343.2157363,0,-799.7642873,0,0.1236950877,0,11.99372924,0,1.512514547,0,0.007033874539,0,0.0009853388982,0,-0.002747237012,0,0.001323841288,0,0.1254465658,0,12.08872373,-0.6854041152,0,0,0.6140593696,0
28.49,343.3366234,0,-799.7640799,0,0.1237654916,0,11.99373549,0,1.512487661,0,0.00704682046,0,0.0002635391021,0,-0.002630013391,0,0.001265351076,0,0.1254442945,0,12.08872656,-0.6854041152,0,0,0.6140593696,0
28.5,343.4575105,0,-799.7638814,0,0.1238360221,0,11.99373452,0,1.512461947,0,0.00705918173,0,-0.000456516291,0,-0.00251288821,0,0.001206911914,0,0.1254421941,0,12.08872238,-0.6854041152,0,0,0.6140593696,0
28.51,343.5783975,0,-799.7636916,0,0.1239066733,0,11.99372636,0,1.512437403,0,0.007070958883,0,-0.00117477532,0,-0.00239586988,0,0.001148528112,0,0.1254402642,0,12.08871122,-0.6854041152,0,0,0.6140593696,0
28.52,343.6992844,0,-799.7635106,0,0.1239774394,0,11.99371103,0,1.512414029,0,0.007082152492,0,-0.001891186293,0,-0.002278966778,0,0.001090203968,0,0.1254385045,0,12.08869308,-0.6854041152,0,0,0.6140593696,0
28.53,343.8201711,0,-799.7633383,0,0.1240483144,0,11.99368855,0,1.512391823,0,0.007092763175,0,-0.002605697785,0,-0.002162187251,0,0.001031943762,0,0.1254369148,0,12.088668,-0.6854041152,0,0,0.6140593696,0
28.54,343.9410575,0,-799.7631749,0,0.1241192927,0,11.99365892,0,1.512370785,0,0.007102791594,0,-0.003318258647,0,-0.002045539612,0,0.0009737517558,0,0.1254354946,0,12.08863598,-0.6854041152,0,0,0.6140593696,0
28.55,344.0619436,0,-799.7630201,0,0.1241903683,0,11.99362219,0,1.512350912,0,0.007112238452,0,-0.004028818007,0,-0.00192903214,0,0.000915632195,0,0.1254342438,0,12.08859704,-0.6854041152,0,0,0.6140593696,0
28.56,344.1828292,0,-799.7628741,0,0.1242615355,0,11.99357835,0,1.512332204,0,0.007121104494,0,-0.004737325273,0,-0.001812673083,0,0.0008575893076,0,0.125433162,0,12.08855121,-0.6854041152,0,0,0.6140593696,0
28.57,344.3037144,0,-799.7627369,0,0.1243327885,0,11.99352745,0,1.512314658,0,0.007129390507,0,-0.005443730135,0,-0.001696470651,0,0.0007996273037,0,0.1254322488,0,12.08849851,-0.6854041152,0,0,0.6140593696,0
28.58,344.424599,0,-799.7626083,0,0.1244041214,0,11.99346949,0,1.512298274,0,0.007137097323,0,-0.006147982569,0,-0.001580433024,0,0.0007417503757,0,0.1254315039,0,12.08843896,-0.6854041152,0,0,0.6140593696,0
28.59,344.545483,0,-799.7624885,0,0.1244755285,0,11.9934045,0,1.512283049,0,0.007144225812,0,-0.006850032842,0,-0.001464568345,0,0.0006839626976,0,0.125430927,0,12.08837257,-0.6854041152,0,0,0.6140593696,0
28.6,344.6663664,0,-799.7623773,0,0.124547004,0,11.99333249,0,1.512268982,0,0.007150776888,0,-0.007549831511,0,-0.001348884722,0,0.0006262684252,0,0.1254305176,0,12.08829938,-0.6854041152,0,0,0.6140593696,0
28.61,344.7872489,0,-799.7622749,0,0.1246185421,0,11.99325351,0,1.512256071,0,0.007156751506,0,-0.008247329429,0,-0.001233390228,0,0.0005686716957,0,0.1254302753,0,12.08821939,-0.6854041152,0,0,0.6140593696,0
28.62,344.9081306,0,-799.7621811,0,0.1246901371,0,11.99316756,0,1.512244313,0,0.007162150661,0,-0.008942477748,0,-0.001118092901,0,0.0005111766274,0,0.1254301998,0,12.08813265,-0.6854041152,0,0,0.6140593696,0
28.63,345.0290115,0,-799.7620959,0,0.1247617832,0,11.99307466,0,1.512233708,0,0.007166975391,0,-0.009635227919,0,-0.001003000741,0,0.0004537873196,0,0.1254302907,0,12.08803916,-0.6854041152,0,0,0.6140593696,0
28.64,345.1498913,0,-799.7620194,0,0.1248334747,0,11.99297486,0,1.512224253,0,0.007171226774,0,-0.0103255317,0,-0.0008881217138,0,0.0003965078525,0,0.1254305476,0,12.08793895,-0.6854041152,0,0,0.6140593696,0
28.65,345.2707702,0,-799.7619516,0,0.1249052058,0,11.99286816,0,1.512215945,0,0.007174905928,0,-0.01101334115,0,-0.0007734637469,0,0.0003393422866,0,0.1254309699,0,12.08783206,-0.6854041152,0,0,0.6140593696,0
28.66,345.3916479,0,-799.7618923,0,0.1249769709,0,11.9927546,0,1.512208783,0,0.007178014012,0,-0.01169860865,0,-0.0006590347313,0,0.0002822946631,0,0.1254315574,0,12.08771849,-0.6854041152,0,0,0.6140593696,0
28.67,345.5125245,0,-799.7618417,0,0.1250487642,0,11.9926342,0,1.512202763,0,0.007180552227,0,-0.01238128688,0,-0.0005448425206,0,0.0002253690031,0,0.1254323095,0,12.08759828,-0.6854041152,0,0,0.6140593696,0
28.68,345.6333999,0,-799.7617996,0,0.1251205801,0,11.99250698,0,1.512197885,0,0.007182521812,0,-0.01306132884,0,-0.0004308949303,0,0.0001685693077,0,0.1254332257,0,12.08747146,-0.6854041152,0,0,0.6140593696,0
28.69,345.7542739,0,-799.7617661,0,0.1251924128,0,11.99237298,0,1.512194145,0,0.007183924047,0,-0.01373868785,0,-0.0003171997381,0,0.0001118995578,0,0.1254343056,0,12.08733804,-0.6854041152,0,0,0.6140593696,0
28.7,345.8751466,0,-799.7617411,0,0.1252642567,0,11.99223222,0,1.51219154,0,0.00718476025,0,-0.01441331755,0,-0.0002037646832,0,5.536371361e-05,0,0.1254355488,0,12.08719806,-0.6854041152,0,0,0.6140593696,0
28.71,345.9960178,0,-799.7617247,0,0.1253361061,0,11.99208472,0,1.512190068,0,0.00718503178,0,-0.01508517191,0,-9.059746583e-05,0,-1.034284984e-06,0,0.1254369546,0,12.08705154,-0.6854041152,0,0,0.6140593696,0
28.72,346.1168876,0,-799.7617167,0,0.1254079554,0,11.99193052,0,1.512189727,0,0.007184740037,0,-0.0157542052,0,2.229425265e-05,0,-5.729051914e-05,0,0.1254385227,0,12.08689851,-0.6854041152,0,0,0.6140593696,0
28.73,346.2377558,0,-799.7617173,0,0.125479799,0,11.99176965,0,1.512190513,0,0.007183886456,0,-0.01642037206,0,0.0001349028504,0,-0.000113401091,0,0.1254402524,0,12.08673899,-0.6854041152,0,0,0.6140593696,0
28.74,346.3586224,0,-799.7617263,0,0.1255516313,0,11.99160213,0,1.512192424,0,0.007182472513,0,-0.01708362742,0,0.0002472207453,0,-0.0001693621241,0,0.1254421434,0,12.08657303,-0.6854041152,0,0,0.6140593696,0
28.75,346.4794872,0,-799.7617437,0,0.1256234466,0,11.99142799,0,1.512195457,0,0.007180499724,0,-0.01774392657,0,0.0003592403952,0,-0.0002251697632,0,0.1254441949,0,12.08640063,-0.6854041152,0,0,0.6140593696,0
28.76,346.6003503,0,-799.7617696,0,0.1256952394,0,11.99124726,0,1.512199608,0,0.007177969642,0,-0.01840122514,0,0.0004709542984,0,-0.0002808201748,0,0.1254464066,0,12.08622184,-0.6854041152,0,0,0.6140593696,0
28.77,346.7212116,0,-799.7618039,0,0.1257670041,0,11.99105997,0,1.512204875,0,0.007174883858,0,-0.01905547908,0,0.0005823549938,0,-0.0003363095471,0,0.1254487777,0,12.08603669,-0.6854041152,0,0,0.6140593696,0
28.78,346.842071,0,-799.7618465,0,0.1258387352,0,11.99086616,0,1.512211254,0,0.007171244,0,-0.01970664469,0,0.0006934350614,0,-0.0003916340904,0,0.1254513079,0,12.0858452,-0.6854041152,0,0,0.6140593696,0
28.79,346.9629285,0,-799.7618975,0,0.1259104272,0,11.99066585,0,1.512218742,0,0.007167051738,0,-0.02035467861,0,0.0008041871224,0,-0.0004467900373,0,0.1254539964,0,12.0856474,-0.6854041152,0,0,0.6140593696,0
28.8,347.0837839,0,-799.7619568,0,0.1259820744,0,11.99045908,0,1.512227337,0,0.007162308774,0,-0.02099953784,0,0.0009146038395,0,-0.0005017736424,0,0.1254568428,0,12.08544333,-0.6854041152,0,0,0.6140593696,0
28.81,347.2046373,0,-799.7620245,0,0.1260536715,0,11.99024587,0,1.512237033,0,0.007157016852,0,-0.02164117972,0,0.001024677917,0,-0.0005565811831,0,0.1254598463,0,12.08523301,-0.6854041152,0,0,0.6140593696,0
28.82,347.3254885,0,-799.7621004,0,0.1261252129,0,11.99002626,0,1.512247829,0,0.00715117775,0,-0.02227956193,0,0.001134402103,0,-0.0006112089595,0,0.1254630065,0,12.08501648,-0.6854041152,0,0,0.6140593696,0
28.83,347.4463376,0,-799.7621845,0,0.1261966933,0,11.98980029,0,1.51225972,0,0.007144793284,0,-0.02291464252,0,0.001243769186,0,-0.0006656532946,0,0.1254663226,0,12.08479377,-0.6854041152,0,0,0.6140593696,0
28.84,347.5671843,0,-799.7622769,0,0.126268107,0,11.98956798,0,1.512272703,0,0.007137865307,0,-0.0235463799,0,0.001352771998,0,-0.0007199105343,0,0.1254697941,0,12.08456491,-0.6854041152,0,0,0.6140593696,0
28.85,347.6880288,0,-799.7623774,0,0.1263394488,0,11.98932937,0,1.512286774,0,0.007130395709,0,-0.02417473281,0,0.001461403414,0,-0.0007739770479,0,0.1254734203,0,12.08432994,-0.6854041152,0,0,0.6140593696,0
28.86,347.8088708,0,-799.7624862,0,0.1264107131,0,11.9890845,0,1.51230193,0,0.007122386414,0,-0.02479966038,0,0.001569656354,0,-0.0008278492281,0,0.1254772006,0,12.08408889,-0.6854041152,0,0,0.6140593696,0
28.87,347.9297104,0,-799.762603,0,0.1264818947,0,11.98883339,0,1.512318166,0,0.007113839384,0,-0.02542112209,0,0.001677523779,0,-0.000881523491,0,0.1254811343,0,12.08384179,-0.6854041152,0,0,0.6140593696,0
28.88,348.0505475,0,-799.762728,0,0.1265529881,0,11.98857609,0,1.512335479,0,0.007104756616,0,-0.02603907778,0,0.001784998695,0,-0.0009349962768,0,0.1254852207,0,12.08358867,-0.6854041152,0,0,0.6140593696,0
28.89,348.171382,0,-799.7628611,0,0.126623988,0,11.98831262,0,1.512353865,0,0.007095140142,0,-0.02665348767,0,0.001892074152,0,-0.0009882640492,0,0.1254894592,0,12.08332958,-0.6854041152,0,0,0.6140593696,0
28.9,348.2922139,0,-799.7630022,0,0.1266948892,0,11.98804303,0,1.512373319,0,0.00708499203,0,-0.02726431234,0,0.001998743247,0,-0.001041323296,0,0.1254938491,0,12.08306454,-0.6854041152,0,0,0.6140593696,0
28.91,348.4130431,0,-799.7631513,0,0.1267656861,0,11.98776735,0,1.512393838,0,0.007074314383,0,-0.02787151274,0,0.002104999117,0,-0.00109417053,0,0.1254983898,0,12.0827936,-0.6854041152,0,0,0.6140593696,0
28.92,348.5338696,0,-799.7633084,0,0.1268363737,0,11.98748561,0,1.512415418,0,0.007063109338,0,-0.0284750502,0,0.002210834949,0,-0.001146802287,0,0.1255030804,0,12.08251678,-0.6854041152,0,0,0.6140593696,0
28.93,348.6546932,0,-799.7634735,0,0.1269069466,0,11.98719786,0,1.512438054,0,0.007051379067,0,-0.02907488642,0,0.002316243971,0,-0.001199215129,0,0.1255079203,0,12.08223412,-0.6854041152,0,0,0.6140593696,0
28.94,348.775514,0,-799.7636465,0,0.1269773995,0,11.98690413,0,1.512461741,0,0.007039125776,0,-0.02967098347,0,0.00242121946,0,-0.001251405641,0,0.1255129088,0,12.08194567,-0.6854041152,0,0,0.6140593696,0
28.95,348.8963319,0,-799.7638274,0,0.1270477273,0,11.98660445,0,1.512486477,0,0.007026351706,0,-0.03026330382,0,0.002525754737,0,-0.001303370434,0,0.1255180451,0,12.08165144,-0.6854041152,0,0,0.6140593696,0
28.96,349.0171467,0,-799.7640161,0,0.1271179248,0,11.98629887,0,1.512512255,0,0.007013059131,0,-0.0308518103,0,0.002629843169,0,-0.001355106144,0,0.1255233285,0,12.0813515,-0.6854041152,0,0,0.6140593696,0
28.97,349.1379586,0,-799.7642126,0,0.1271879868,0,11.98598743,0,1.512539072,0,0.006999250358,0,-0.03143646613,0,0.002733478171,0,-0.001406609432,0,0.1255287582,0,12.08104586,-0.6854041152,0,0,0.6140593696,0
28.98,349.2587673,0,-799.764417,0,0.1272579081,0,11.98567016,0,1.512566923,0,0.006984927728,0,-0.03201723493,0,0.002836653203,0,-0.001457876983,0,0.1255343335,0,12.08073457,-0.6854041152,0,0,0.6140593696,0
28.99,349.3795729,0,-799.7646291,0,0.1273276836,0,11.9853471,0,1.512595804,0,0.006970093615,0,-0.03259408067,0,0.002939361773,0,-0.00150890551,0,0.1255400537,0,12.08041767,-0.6854041152,0,0,0.6140593696,0
29,349.5003753,0,-799.7648489,0,0.1273973083,0,11.98501829,0,1.512625709,0,0.006954750425,0,-0.03316696776,0,0.003041597435,0,-0.00155969175,0,0.1255459179,0,12.08009519,-0.6854041152,0,0,0.6140593696,0
29.01,349.6211744,0,-799.7650764,0,0.127466777,0,11.98468377,0,1.512656634,0,0.006938900598,0,-0.03373586095,0,0.003143353792,0,-0.001610232466,0,0.1255519254,0,12.07976718,-0.6854041152,0,0,0.6140593696,0
29.02,349.7419701,0,-799.7653115,0,0.1275360846,0,11.98434358,0,1.512688574,0,0.006922546605,0,-0.03430072541,0,0.003244624493,0,-0.001660524446,0,0.1255580753,0,12.07943367,-0.6854041152,0,0,0.6140593696,0
29.03,349.8627625,0,-799.7655542,0,0.1276052262,0,11.98399777,0,1.512721525,0,0.006905690949,0,-0.03486152669,0,0.003345403236,0,-0.001710564506,0,0.1255643669,0,12.07909471,-0.6854041152,0,0,0.6140593696,0
29.04,349.9835515,0,-799.7658045,0,0.1276741968,0,11.98364637,0,1.512755481,0,0.006888336165,0,-0.03541823076,0,0.003445683768,0,-0.001760349487,0,0.1255707994,0,12.07875033,-0.6854041152,0,0,0.6140593696,0
29.05,350.104337,0,-799.7660623,0,0.1277429913,0,11.98328942,0,1.512790437,0,0.00687048482,0,-0.03597080395,0,0.003545459882,0,-0.001809876255,0,0.1255773719,0,12.07840057,-0.6854041152,0,0,0.6140593696,0
29.06,350.2251189,0,-799.7663276,0,0.1278116048,0,11.98292697,0,1.512826388,0,0.006852139511,0,-0.03651921303,0,0.003644725423,0,-0.001859141706,0,0.1255840837,0,12.07804547,-0.6854041152,0,0,0.6140593696,0
29.07,350.3458973,0,-799.7666004,0,0.1278800325,0,11.98255905,0,1.512863329,0,0.006833302867,0,-0.03706342513,0,0.003743474281,0,-0.00190814276,0,0.1255909338,0,12.07768508,-0.6854041152,0,0,0.6140593696,0
29.08,350.466672,0,-799.7668806,0,0.1279482693,0,11.98218571,0,1.512901256,0,0.006813977548,0,-0.03760340781,0,0.003841700398,0,-0.001956876363,0,0.1255979214,0,12.07731943,-0.6854041152,0,0,0.6140593696,0
29.09,350.587443,0,-799.7671681,0,0.1280163104,0,11.981807,0,1.512940162,0,0.006794166242,0,-0.03813912902,0,0.003939397765,0,-0.002005339489,0,0.1256050458,0,12.07694857,-0.6854041152,0,0,0.6140593696,0
29.1,350.7082102,0,-799.767463,0,0.128084151,0,11.98142294,0,1.512980042,0,0.006773871669,0,-0.03867055711,0,0.004036560422,0,-0.00205352914,0,0.125612306,0,12.07657254,-0.6854041152,0,0,0.6140593696,0
29.11,350.8289737,0,-799.7677651,0,0.1281517862,0,11.9810336,0,1.513020891,0,0.00675309658,0,-0.03919766087,0,0.004133182459,0,-0.002101442344,0,0.1256197011,0,12.07619138,-0.6854041152,0,0,0.6140593696,0
29.12,350.9497333,0,-799.7680745,0,0.1282192113,0,11.980639,0,1.513062704,0,0.006731843754,0,-0.03972040944,0,0.004229258017,0,-0.002149076156,0,0.1256272304,0,12.07580514,-0.6854041152,0,0,0.6140593696,0
29.13,351.070489,0,-799.7683911,0,0.1282864215,0,11.9802392,0,1.513105474,0,0.006710115998,0,-0.04023877243,0,0.004324781287,0,-0.002196427659,0,0.1256348928,0,12.07541385,-0.6854041152,0,0,0.6140593696,0
29.14,351.1912407,0,-799.7687149,0,0.1283534121,0,11.97983424,0,1.513149198,0,0.006687916151,0,-0.04075271981,0,0.004419746508,0,-0.002243493962,0,0.1256426876,0,12.07501756,-0.6854041152,0,0,0.6140593696,0
29.15,351.3119884,0,-799.7690457,0,0.1284201783,0,11.97942417,0,1.513193868,0,0.006665247079,0,-0.04126222199,0,0.004514147975,0,-0.002290272203,0,0.1256506138,0,12.07461631,-0.6854041152,0,0,0.6140593696,0
29.16,351.4327321,0,-799.7693837,0,0.1284867154,0,11.97900901,0,1.513239479,0,0.006642111677,0,-0.0417672498,0,0.004607980029,0,-0.002336759548,0,0.1256586705,0,12.07421015,-0.6854041152,0,0,0.6140593696,0
29.17,351.5534716,0,-799.7697286,0,0.128553019,0,11.97858884,0,1.513286025,0,0.006618512867,0,-0.04226777445,0,0.004701237066,0,-0.00238295319,0,0.1256668568,0,12.07379912,-0.6854041152,0,0,0.6140593696,0
29.18,351.674207,0,-799.7700806,0,0.1286190842,0,11.97816367,0,1.513333501,0,0.006594453601,0,-0.04276376759,0,0.00479391353,0,-0.00242885035,0,0.1256751718,0,12.07338326,-0.6854041152,0,0,0.6140593696,0
29.19,351.7949382,0,-799.7704395,0,0.1286849065,0,11.97773358,0,1.513381902,0,0.006569936858,0,-0.0432552013,0,0.004886003921,0,-0.002474448277,0,0.1256836146,0,12.07296262,-0.6854041152,0,0,0.6140593696,0
29.2,351.9156652,0,-799.7708053,0,0.1287504814,0,11.97729858,0,1.51343122,0,0.006544965642,0,-0.04374204804,0,0.004977502787,0,-0.002519744249,0,0.1256921841,0,12.07253724,-0.6854041152,0,0,0.6140593696,0
29.21,352.0363878,0,-799.7711779,0,0.1288158043,0,11.97685875,0,1.51348145,0,0.006519542988,0,-0.04422428072,0,0.00506840473,0,-0.002564735571,0,0.1257008795,0,12.07210717,-0.6854041152,0,0,0.6140593696,0
29.22,352.1571061,0,-799.7715573,0,0.1288808708,0,11.97641411,0,1.513532586,0,0.006493671955,0,-0.04470187266,0,0.005158704405,0,-0.002609419578,0,0.1257096999,0,12.07167246,-0.6854041152,0,0,0.6140593696,0
29.23,352.2778201,0,-799.7719435,0,0.1289456763,0,11.97596473,0,1.513584622,0,0.00646735563,0,-0.0451747976,0,0.005248396518,0,-0.002653793631,0,0.1257186442,0,12.07123314,-0.6854041152,0,0,0.6140593696,0
29.24,352.3985295,0,-799.7723364,0,0.1290102164,0,11.97551063,0,1.513637552,0,0.006440597124,0,-0.04564302969,0,0.005337475828,0,-0.002697855121,0,0.1257277116,0,12.07078927,-0.6854041152,0,0,0.6140593696,0
29.25,352.5192345,0,-799.7727359,0,0.1290744867,0,11.97505188,0,1.513691369,0,0.006413399578,0,-0.04610654354,0,0.005425937148,0,-0.00274160147,0,0.1257369009,0,12.07034089,-0.6854041152,0,0,0.6140593696,0
29.26,352.639935,0,-799.7731421,0,0.1291384829,0,11.97458852,0,1.513746068,0,0.006385766154,0,-0.04656531414,0,0.005513775344,0,-0.002785030124,0,0.1257462113,0,12.06988804,-0.6854041152,0,0,0.6140593696,0
29.27,352.7606309,0,-799.7735548,0,0.1292022006,0,11.97412059,0,1.513801643,0,0.006357700043,0,-0.04701931693,0,0.005600985334,0,-0.002828138563,0,0.1257556418,0,12.06943078,-0.6854041152,0,0,0.6140593696,0
29.28,352.8813222,0,-799.773974,0,0.1292656355,0,11.97364815,0,1.513858086,0,0.006329204458,0,-0.04746852778,0,0.005687562093,0,-0.002870924291,0,0.1257651914,0,12.06896915,-0.6854041152,0,0,0.6140593696,0
29.29,353.0020088,0,-799.7743997,0,0.1293287833,0,11.97317124,0,1.513915392,0,0.006300282641,0,-0.04791292297,0,0.005773500646,0,-0.002913384845,0,0.1257748591,0,12.06850319,-0.6854041152,0,0,0.6140593696,0
29.3,353.1226907,0,-799.7748318,0,0.1293916397,0,11.97268991,0,1.513973554,0,0.006270937853,0,-0.04835247922,0,0.005858796074,0,-0.002955517789,0,0.1257846438,0,12.06803296,-0.6854041152,0,0,0.6140593696,0
29.31,353.2433678,0,-799.7752703,0,0.1294542006,0,11.9722042,0,1.514032565,0,0.006241173385,0,-0.04878717367,0,0.005943443511,0,-0.002997320717,0,0.1257945446,0,12.0675585,-0.6854041152,0,0,0.6140593696,0
29.32,353.3640402,0,-799.7757151,0,0.1295164618,0,11.97171418,0,1.51409242,0,0.006210992547,0,-0.04921698389,0,0.006027438148,0,-0.003038791254,0,0.1258045604,0,12.06707986,-0.6854041152,0,0,0.6140593696,0
29.33,353.4847078,0,-799.7761661,0,0.1295784191,0,11.97121988,0,1.514153112,0,0.006180398676,0,-0.0496418879,0,0.006110775229,0,-0.003079927051,0,0.1258146903,0,12.06659708,-0.6854041152,0,0,0.6140593696,0
29.34,353.6053704,0,-799.7766234,0,0.1296400684,0,11.97072136,0,1.514214634,0,0.00614939513,0,-0.05006186411,0,0.006193450051,0,-0.003120725791,0,0.1258249332,0,12.06611022,-0.6854041152,0,0,0.6140593696,0
29.35,353.7260282,0,-799.7770868,0,0.1297014057,0,11.97021866,0,1.514276979,0,0.006117985291,0,-0.05047689141,0,0.006275457968,0,-0.003161185187,0,0.125835288,0,12.06561932,-0.6854041152,0,0,0.6140593696,0
29.36,353.846681,0,-799.7775563,0,0.1297624268,0,11.96971184,0,1.514340141,0,0.006086172564,0,-0.05088694908,0,0.00635679439,0,-0.003201302979,0,0.1258457537,0,12.06512443,-0.6854041152,0,0,0.6140593696,0
29.37,353.9673288,0,-799.7780319,0,0.1298231278,0,11.96920094,0,1.514404112,0,0.006053960377,0,-0.05129201686,0,0.006437454781,0,-0.00324107694,0,0.1258563294,0,12.0646256,-0.6854041152,0,0,0.6140593696,0
29.38,354.0879716,0,-799.7785134,0,0.1298835047,0,11.96868601,0,1.514468887,0,0.006021352179,0,-0.0516920749,0,0.006517434661,0,-0.003280504871,0,0.1258670138,0,12.06412288,-0.6854041152,0,0,0.6140593696,0
29.39,354.2086093,0,-799.7790009,0,0.1299435535,0,11.96816711,0,1.514534459,0,0.005988351441,0,-0.05208710381,0,0.006596729606,0,-0.003319584603,0,0.125877806,0,12.06361632,-0.6854041152,0,0,0.6140593696,0
29.4,354.3292419,0,-799.7794944,0,0.1300032704,0,11.96764429,0,1.51460082,0,0.005954961655,0,-0.05247708462,0,0.006675335246,0,-0.003358313998,0,0.1258887048,0,12.06310596,-0.6854041152,0,0,0.6140593696,0
29.41,354.4498694,0,-799.7799936,0,0.1300626515,0,11.96711759,0,1.514667963,0,0.005921186336,0,-0.0528619988,0,0.006753247271,0,-0.003396690948,0,0.1258997093,0,12.06259186,-0.6854041152,0,0,0.6140593696,0
29.42,354.5704917,0,-799.7804987,0,0.1301216929,0,11.96658707,0,1.514735882,0,0.005887029018,0,-0.05324182823,0,0.006830461423,0,-0.003434713374,0,0.1259108184,0,12.06207407,-0.6854041152,0,0,0.6140593696,0
29.43,354.6911087,0,-799.7810094,0,0.1301803908,0,11.96605277,0,1.51480457,0,0.005852493257,0,-0.05361655527,0,0.006906973503,0,-0.003472379228,0,0.1259220309,0,12.06155263,-0.6854041152,0,0,0.6140593696,0
29.44,354.8117205,0,-799.7815259,0,0.1302387415,0,11.96551475,0,1.514874019,0,0.005817582628,0,-0.05398616269,0,0.006982779368,0,-0.003509686494,0,0.1259333457,0,12.06102759,-0.6854041152,0,0,0.6140593696,0
29.45,354.932327,0,-799.782048,0,0.1302967412,0,11.96497306,0,1.514944223,0,0.005782300729,0,-0.05435063369,0,0.007057874933,0,-0.003546633183,0,0.1259447619,0,12.06049901,-0.6854041152,0,0,0.6140593696,0
29.46,355.0529282,0,-799.7825756,0,0.1303543863,0,11.96442776,0,1.515015175,0,0.005746651173,0,-0.05470995192,0,0.007132256168,0,-0.003583217339,0,0.1259562782,0,12.05996694,-0.6854041152,0,0,0.6140593696,0
29.47,355.173524,0,-799.7831088,0,0.130411673,0,11.96387888,0,1.515086866,0,0.005710637597,0,-0.05506410146,0,0.0072059191,0,-0.003619437036,0,0.1259678936,0,12.05943142,-0.6854041152,0,0,0.6140593696,0
29.48,355.2941144,0,-799.7836474,0,0.1304685978,0,11.96332649,0,1.515159291,0,0.005674263654,0,-0.05541306683,0,0.007278859816,0,-0.003655290379,0,0.1259796069,0,12.0588925,-0.6854041152,0,0,0.6140593696,0
29.49,355.4146994,0,-799.7841914,0,0.1305251571,0,11.96277064,0,1.515232441,0,0.005637533017,0,-0.05575683299,0,0.007351074458,0,-0.003690775502,0,0.1259914172,0,12.05835025,-0.6854041152,0,0,0.6140593696,0
29.5,355.535279,0,-799.7847407,0,0.1305813473,0,11.96221137,0,1.51530631,0,0.005600449377,0,-0.05609538533,0,0.007422559226,0,-0.003725890573,0,0.1260033231,0,12.0578047,-0.6854041152,0,0,0.6140593696,0
29.51,355.655853,0,-799.7852954,0,0.1306371649,0,11.96164875,0,1.51538089,0,0.005563016445,0,-0.0564287097,0,0.007493310379,0,-0.003760633786,0,0.1260153237,0,12.05725591,-0.6854041152,0,0,0.6140593696,0
29.52,355.7764215,0,-799.7858552,0,0.1306926065,0,11.96108281,0,1.515456173,0,0.005525237947,0,-0.05675679235,0,0.007563324232,0,-0.00379500337,0,0.1260274177,0,12.05670392,-0.6854041152,0,0,0.6140593696,0
29.53,355.8969844,0,-799.7864203,0,0.1307476685,0,11.96051363,0,1.515532154,0,0.005487117628,0,-0.05707961999,0,0.007632597161,0,-0.003828997584,0,0.1260396041,0,12.0561488,-0.6854041152,0,0,0.6140593696,0
29.54,356.0175418,0,-799.7869904,0,0.1308023477,0,11.95994124,0,1.515608823,0,0.005448659252,0,-0.05739717978,0,0.007701125597,0,-0.003862614717,0,0.1260518817,0,12.05559059,-0.6854041152,0,0,0.6140593696,0
29.55,356.1380935,0,-799.7875657,0,0.1308566406,0,11.9593657,0,1.515686174,0,0.005409866597,0,-0.05770945929,0,0.007768906031,0,-0.00389585309,0,0.1260642494,0,12.05502935,-0.6854041152,0,0,0.6140593696,0
29.56,356.2586396,0,-799.7881459,0,0.1309105439,0,11.95878707,0,1.515764198,0,0.005370743458,0,-0.05801644656,0,0.007835935012,0,-0.003928711053,0,0.126076706,0,12.05446512,-0.6854041152,0,0,0.6140593696,0
29.57,356.37918,0,-799.788731,0,0.1309640544,0,11.95820539,0,1.51584289,0,0.005331293649,0,-0.05831813003,0,0.00790220915,0,-0.003961186991,0,0.1260892504,0,12.05389795,-0.6854041152,0,0,0.6140593696,0
29.58,356.4997147,0,-799.789321,0,0.1310171687,0,11.95762072,0,1.51592224,0,0.005291520997,0,-0.05861449861,0,0.00796772511,0,-0.003993279316,0,0.1261018814,0,12.05332791,-0.6854041152,0,0,0.6140593696,0
29.59,356.6202436,0,-799.7899159,0,0.1310698838,0,11.95703312,0,1.516002242,0,0.005251429347,0,-0.05890554164,0,0.008032479618,0,-0.004024986474,0,0.1261145978,0,12.05275503,-0.6854041152,0,0,0.6140593696,0
29.6,356.7407668,0,-799.7905155,0,0.1311221963,0,11.95644263,0,1.516082887,0,0.005211022557,0,-0.05919124889,0,0.008096469459,0,-0.004056306942,0,0.1261273986,0,12.05217938,-0.6854041152,0,0,0.6140593696,0
29.61,356.8612842,0,-799.7911198,0,0.1311741032,0,11.95584931,0,1.516164169,0,0.005170304502,0,-0.05947161057,0,0.008159691479,0,-0.004087239226,0,0.1261402824,0,12.051601,-0.6854041152,0,0,0.6140593696,0
29.62,356.9817958,0,-799.7917288,0,0.1312256013,0,11.95525322,0,1.516246078,0,0.005129279071,0,-0.05974661733,0,0.008222142579,0,-0.004117781867,0,0.1261532483,0,12.05101994,-0.6854041152,0,0,0.6140593696,0
29.63,357.1023015,0,-799.7923424,0,0.1312766877,0,11.9546544,0,1.516328609,0,0.005087950168,0,-0.06001626025,0,0.008283819724,0,-0.004147933435,0,0.1261662949,0,12.05043627,-0.6854041152,0,0,0.6140593696,0
29.64,357.2228013,0,-799.7929604,0,0.1313273593,0,11.95405291,0,1.516411752,0,0.005046321711,0,-0.06028053086,0,0.008344719935,0,-0.004177692531,0,0.1261794211,0,12.04985002,-0.6854041152,0,0,0.6140593696,0
29.65,357.3432953,0,-799.793583,0,0.1313776132,0,11.9534488,0,1.516495501,0,0.00500439763,0,-0.06053942113,0,0.008404840296,0,-0.00420705779,0,0.1261926257,0,12.04926126,-0.6854041152,0,0,0.6140593696,0
29.66,357.4637833,0,-799.7942099,0,0.1314274463,0,11.95284214,0,1.516579846,0,0.004962181872,0,-0.06079292343,0,0.008464177948,0,-0.004236027875,0,0.1262059076,0,12.04867004,-0.6854041152,0,0,0.6140593696,0
29.67,357.5842654,0,-799.7948412,0,0.1314768559,0,11.95223296,0,1.516664782,0,0.004919678394,0,-0.06104103062,0,0.008522730095,0,-0.004264601484,0,0.1262192655,0,12.0480764,-0.6854041152,0,0,0.6140593696,0
29.68,357.7047415,0,-799.7954768,0,0.1315258389,0,11.95162134,0,1.516750298,0,0.004876891168,0,-0.06128373595,0,0.008580493998,0,-0.004292777344,0,0.1262326982,0,12.0474804,-0.6854041152,0,0,0.6140593696,0
29.69,357.8252116,0,-799.7961166,0,0.1315743928,0,11.95100731,0,1.516836389,0,0.004833824177,0,-0.06152103312,0,0.00863746698,0,-0.004320554215,0,0.1262462047,0,12.0468821,-0.6854041152,0,0,0.6140593696,0
29.7,357.9456757,0,-799.7967605,0,0.1316225145,0,11.95039093,0,1.516923045,0,0.004790481418,0,-0.06175291628,0,0.008693646425,0,-0.004347930889,0,0.1262597835,0,12.04628154,-0.6854041152,0,0,0.6140593696,0
29.71,358.0661338,0,-799.7974085,0,0.1316702015,0,11.94977227,0,1.517010259,0,0.004746866898,0,-0.06197937999,0,0.008749029775,0,-0.004374906188,0,0.1262734337,0,12.04567878,-0.6854041152,0,0,0.6140593696,0
29.72,358.1865858,0,-799.7980606,0,0.131717451,0,11.94915136,0,1.517098023,0,0.004702984636,0,-0.06220041927,0,0.008803614535,0,-0.004401478967,0,0.1262871538,0,12.04507388,-0.6854041152,0,0,0.6140593696,0
29.73,358.3070317,0,-799.7987167,0,0.1317642603,0,11.94852828,0,1.517186329,0,0.004658838664,0,-0.06241602954,0,0.008857398269,0,-0.004427648113,0,0.1263009429,0,12.04446688,-0.6854041152,0,0,0.6140593696,0
29.74,358.4274715,0,-799.7993767,0,0.1318106269,0,11.94790306,0,1.517275168,0,0.004614433023,0,-0.06262620668,0,0.008910378603,0,-0.004453412542,0,0.1263147995,0,12.04385783,-0.6854041152,0,0,0.6140593696,0
29.75,358.5479052,0,-799.8000405,0,0.1318565481,0,11.94727577,0,1.517364534,0,0.004569771765,0,-0.06283094699,0,0.008962553224,0,-0.004478771206,0,0.1263287226,0,12.0432468,-0.6854041152,0,0,0.6140593696,0
29.76,358.6683328,0,-799.8007081,0,0.1319020215,0,11.94664646,0,1.517454417,0,0.004524858955,0,-0.06303024721,0,0.009013919878,0,-0.004503723086,0,0.1263427108,0,12.04263383,-0.6854041152,0,0,0.6140593696,0
29.77,358.7887542,0,-799.8013794,0,0.1319470445,0,11.94601518,0,1.517544809,0,0.004479698663,0,-0.06322410449,0,0.009064476373,0,-0.004528267194,0,0.1263567631,0,12.04201898,-0.6854041152,0,0,0.6140593696,0
29.78,358.9091694,0,-799.8020544,0,0.1319916146,0,11.945382,0,1.517635703,0,0.004434294973,0,-0.06341251645,0,0.00911422058,0,-0.004552402577,0,0.1263708781,0,12.04140229,-0.6854041152,0,0,0.6140593696,0
29.79,359.0295784,0,-799.802733,0,0.1320357296,0,11.94474695,0,1.517727091,0,0.004388651977,0,-0.06359548109,0,0.009163150429,0,-0.004576128311,0,0.1263850546,0,12.04078383,-0.6854041152,0,0,0.6140593696,0
29.8,359.1499812,0,-799.8034152,0,0.1320793869,0,11.9441101,0,1.517818964,0,0.004342773775,0,-0.06377299687,0,0.009211263913,0,-0.004599443505,0,0.1263992914,0,12.04016365,-0.6854041152,0,0,0.6140593696,0
29.81,359.2703778,0,-799.8041008,0,0.1321225843,0,11.94347151,0,1.517911314,0,0.004296664478,0,-0.06394506268,0,0.009258559083,0,-0.0046223473,0,0.1264135873,0,12.03954179,-0.6854041152,0,0,0.6140593696,0
29.82,359.3907681,0,-799.8047898,0,0.1321653194,0,11.94283122,0,1.518004132,0,0.004250328203,0,-0.06411167781,0,0.009305034057,0,-0.004644838867,0,0.1264279411,0,12.03891831,-0.6854041152,0,0,0.6140593696,0
29.83,359.5111522,0,-799.8054822,0,0.1322075901,0,11.94218929,0,1.518097411,0,0.004203769078,0,-0.064272842,0,0.009350687009,0,-0.004666917412,0,0.1264423515,0,12.03829327,-0.6854041152,0,0,0.6140593696,0
29.84,359.63153,0,-799.8061779,0,0.1322493941,0,11.94154578,0,1.518191143,0,0.004156991235,0,-0.06442855542,0,0.009395516178,0,-0.004688582171,0,0.1264568172,0,12.03766672,-0.6854041152,0,0,0.6140593696,0
29.85,359.7519015,0,-799.8068767,0,0.1322907292,0,11.94090074,0,1.518285319,0,0.004109998816,0,-0.06457881864,0,0.009439519865,0,-0.004709832411,0,0.1264713371,0,12.03703871,-0.6854041152,0,0,0.6140593696,0
29.86,359.8722667,0,-799.8075788,0,0.1323315933,0,11.94025422,0,1.518379931,0,0.00406279597,0,-0.06472363266,0,0.00948269643,0,-0.004730667432,0,0.1264859099,0,12.03640929,-0.6854041152,0,0,0.6140593696,0
29.87,359.9926255,0,-799.8082839,0,0.1323719844,0,11.93960629,0,1.51847497,0,0.004015386854,0,-0.06486299893,0,0.009525044296,0,-0.004751086567,0,0.1265005344,0,12.03577852,-0.6854041152,0,0,0.6140593696,0
29.88,360.1129781,0,-799.8089921,0,0.1324119004,0,11.93895698,0,1.518570429,0,0.003967775628,0,-0.06499691928,0,0.009566561951,0,-0.004771089178,0,0.1265152093,0,12.03514645,-0.6854041152,0,0,0.6140593696,0
29.89,360.2333243,0,-799.8097033,0,0.1324513393,0,11.93830637,0,1.518666299,0,0.003919966461,0,-0.06512539598,0,0.009607247939,0,-0.004790674661,0,0.1265299333,0,12.03451313,-0.6854041152,0,0,0.6140593696,0
29.9,360.3536641,0,-799.8104173,0,0.1324902991,0,11.93765449,0,1.518762571,0,0.003871963527,0,-0.06524843174,0,0.009647100872,0,-0.004809842443,0,0.1265447053,0,12.03387862,-0.6854041152,0,0,0.6140593696,0
29.91,360.4739976,0,-799.8111342,0,0.1325287779,0,11.93700142,0,1.518859238,0,0.003823771006,0,-0.06536602964,0,0.00968611942,0,-0.004828591983,0,0.126559524,0,12.03324296,-0.6854041152,0,0,0.6140593696,0
29.92,360.5943247,0,-799.8118539,0,0.1325667739,0,11.93634719,0,1.518956291,0,0.003775393083,0,-0.06547819323,0,0.009724302316,0,-0.004846922773,0,0.1265743881,0,12.03260622,-0.6854041152,0,0,0.6140593696,0
29.93,360.7146454,0,-799.8125762,0,0.1326042852,0,11.93569187,0,1.519053721,0,0.003726833948,0,-0.06558492643,0,0.009761648357,0,-0.004864834334,0,0.1265892965,0,12.03196844,-0.6854041152,0,0,0.6140593696,0
29.94,360.8349597,0,-799.8133013,0,0.13264131,0,11.93503551,0,1.519151521,0,0.003678097795,0,-0.06568623361,0,0.009798156399,0,-0.004882326222,0,0.1266042477,0,12.03132968,-0.6854041152,0,0,0.6140593696,0
29.95,360.9552676,0,-799.8140289,0,0.1326778466,0,11.93437816,0,1.519249681,0,0.003629188824,0,-0.06578211953,0,0.009833825364,0,-0.004899398022,0,0.1266192407,0,12.03069,-0.6854041152,0,0,0.6140593696,0
29.96,361.0755691,0,-799.814759,0,0.1327138932,0,11.93371989,0,1.519348195,0,0.003580111236,0,-0.06587258938,0,0.009868654233,0,-0.004916049352,0,0.1266342741,0,12.03004943,-0.6854041152,0,0,0.6140593696,0
29.97,361.1958641,0,-799.8154916,0,0.1327494482,0,11.93306073,0,1.519447052,0,0.003530869239,0,-0.06595764875,0,0.009902642051,0,-0.004932279863,0,0.1266493467,0,12.02940804,-0.6854041152,0,0,0.6140593696,0
29.98,361.3161528,0,-799.8162266,0,0.13278451,0,11.93240075,0,1.519546245,0,0.003481467043,0,-0.06603730363,0,0.009935787925,0,-0.004948089235,0,0.1266644572,0,12.02876587,-0.6854041152,0,0,0.6140593696,0
29.99,361.4364349,0,-799.8169639,0,0.132819077,0,11.93174,0,1.519645765,0,0.00343190886,0,-0.06611156045,0,0.009968091024,0,-0.004963477182,0,0.1266796044,0,12.02812299,-0.6854041152,0,0,0.6140593696,0
30,361.5567107,0,-799.8177035,0,0.1328531477,0,11.93107854,0,1.519745604,0,0.003382198905,0,-0.06618042601,0,0.00999955058,0,-0.004978443449,0,0.1266947871,0,12.02747944,-0.6854041152,0,0,0.6140593696,0
